Buy_CountI,Buy_CountN,Buy_I_Volume,Buy_N_Volume,Sell_CountI,Sell_CountN,Sell_I_Volume,Sell_N_Volume,bvol,cs,cs_id,eps,id,isin,l18,l30,mv,pc,pcc,pcp,pd1,pd2,pd3,pd4,pd5,pe,pf,pl,plc,plp,pmax,pmin,po1,po2,po3,po4,po5,py,qd1,qd2,qd3,qd4,qd5,qo1,qo2,qo3,qo4,qo5,time,tmax,tmin,tno,tval,tvol,z,zd1,zd2,zd3,zd4,zd5,zo1,zo2,zo3,zo4,zo5
0,0,0,0,0,0,0,0,1,شرکت‌های چند رشته‌ای صنعتی,39,1149,114312662654155,IRO3SAIZ0001,وسپهر,گروه سرمایه گذاری سپهر صادرات,368250000000000,4910,0,0,4750,4640,4630,4550,4500,4.3,0,4910,0,0,0,0,0,0,0,0,0,4910,1100,1080,1097,7000,1130,0,0,0,0,0,06:10:30,5050,4770,0,0,0,75000000000,1,1,1,1,1,0,0,0,0,0
0,0,0,0,0,0,0,0,1,صندوق سرمایه‌گذاری قابل معامله,68,,118005828419984,IRT3GSBF0001,چتر,صندوق س.بخشی گستره فیروزه2-ب,17950000000000,17950,0,0,16400,0,0,0,0,,0,17987,0,0,0,0,0,0,0,0,0,17950,70,0,0,0,0,0,0,0,0,0,06:10:38,18488,17412,0,0,0,1000000000,1,0,0,0,0,0,0,0,0,0
0,0,0,0,0,0,0,0,1,محصولات شیمیایی,44,2572,204092872752957,IRO3SDFZ0001,شصدف,صنعتی دوده فام,35760000000000,17880,0,0,17550,17000,16660,16650,15820,7,0,17920,0,0,0,0,18090,18650,18850,0,0,17880,285,700,1000,301,10000,12430,1059,12759,0,0,06:10:30,18410,17350,0,0,0,2000000000,1,1,1,1,1,1,3,3,0,0
0,0,0,0,0,0,0,0,1,محصولات شیمیایی,44,47,318005355896147,IRO7PFSP0001,فسا,پتروشیمی فسا,2360022000000,677,0,0,651,0,0,0,0,14.4,0,677,0,0,0,0,0,0,0,0,0,677,300000,0,0,0,0,0,0,0,0,0,06:10:33,690,664,0,0,0,3486000000,1,0,0,0,0,0,0,0,0,0
0,0,0,0,0,0,0,0,1,ماشین‌آلات و تجهیزات,29,957,383529400851043,IRO3MAAZ0001,الکتروماد,صنایع الکترونیک مادیران,56040000000000,4670,0,0,4380,3620,0,0,0,4.9,0,4670,0,0,0,0,4730,4760,4790,4880,0,4670,2750,10000,0,0,0,580,579,2000,1870,0,06:10:30,4810,4530,0,0,0,12000000000,1,1,0,0,0,1,1,1,5,0
0,0,0,0,0,0,0,0,1,فلزات اساسی,27,456,408934423224097,IRO1FRVR0001,فرآور,فرآوری‌موادمعدنی‌ایران,27650000000000,5530,0,0,5530,5380,5370,0,0,12.1,0,5530,0,0,0,0,0,0,0,0,0,5530,610000,2000,300000,0,0,0,0,0,0,0,06:10:23,5690,5370,0,0,0,5000000000,3,1,1,0,0,0,0,0,0,0
0,0,0,0,0,0,0,0,1,سیمان، آهک و گچ,53,615,611986653700161,IRO3SBZZ0001,سبزوا,سیمان لار سبزوار,35661499024710,9490,0,0,9490,9000,7900,0,0,15.4,0,9490,0,0,0,0,9720,0,0,0,0,9490,10000,3000,1650,0,0,550,0,0,0,0,06:10:30,9770,9210,0,0,0,3757797579,1,1,1,0,0,1,0,0,0,0
0,0,0,0,0,0,0,0,1,استخراج کانه‌های فلزی,13,1442,655060129740445,IRO1OPAL0001,اپال,فرآوری معدنی اپال کانی پارس,317200000000000,15860,0,0,15010,14960,14180,14170,0,11,0,15820,0,0,0,0,0,0,0,0,0,15860,800000,50000,31000,35500,0,0,0,0,0,0,06:10:24,16330,15390,0,0,0,20000000000,8,1,1,1,0,0,0,0,0,0
0,0,0,0,0,0,0,0,1,بانک‌ها و موسسات اعتباری,57,454,778253364357513,IRO1BMLT0001,وبملت,بانک ملت,5120348000000000,1514,0,0,1515,1492,1480,1475,1474,3.3,0,1515,0,0,0,0,1519,1520,1521,1527,1528,1514,1150774,3360,344710,3390,406600,4177838,5000,39400,50000,9850,06:10:23,1559,1469,0,0,0,3382000000000,20,1,6,1,2,7,1,1,1,1
0,0,0,0,0,0,0,0,2981445,انبوه‌سازی، املاک و مستغلات,70,-24,831325835570803,IRO7CNAP0001,ثنام,س ساختمانی ب نام آوران مهندسی,6553186680392,1979,0,0,1442,0,0,0,0,-82.5,0,1993,0,0,0,0,0,0,0,0,0,1979,40000,0,0,0,0,0,0,0,0,0,06:10:33,2038,1920,0,0,0,3311362648,1,0,0,0,0,0,0,0,0,0
0,0,0,0,0,0,0,0,1,حمل و نقل، انبارداری و ارتباطات,60,2511,917857106093847,IRO3HPRZ0001,حپارسا,توسعه حمل و نقل ریلی پارسیان,38532000000000,20280,0,0,20280,18580,18060,17950,17870,8.1,0,20280,0,0,0,0,20570,21010,21030,0,0,20280,1000,270,500,500,500,1000,3000,2000,0,0,06:10:29,20880,19680,0,0,0,1900000000,1,1,1,1,1,1,3,2,0,0
0,0,0,0,0,0,0,0,1,صندوق سرمایه‌گذاری قابل معامله,68,,971068957336171,IRT3GTYF0001,گارانتی,صندوق تضمین ا.س. گیتی دماوند-م,25637000000000,25637,0,0,23910,0,0,0,0,,0,25625,0,0,0,0,0,0,0,0,0,25637,42,0,0,0,0,0,0,0,0,0,06:10:38,26406,24868,0,0,0,1000000000,1,0,0,0,0,0,0,0,0,0
0,0,0,0,0,0,0,0,1,محصولات شیمیایی,44,288,1050751214677134,IRO5PSGS0001,شگامرن,مجتمع پترو صنعت گامرون,72292500000000,24300,0,0,0,0,0,0,0,84.4,0,24400,0,0,0,0,24660,0,0,0,0,24300,0,0,0,0,0,416,0,0,0,0,06:10:33,25020,23580,0,0,0,2975000000,0,0,0,0,0,2,0,0,0,0
0,0,0,0,0,0,0,0,1,استخراج کانه‌های فلزی,13,37,1301069819790264,IRO3TMMZ0001,تجلی,تجلی توسعه معادن و فلزات,215167500000000,1825,0,0,1776,1772,1719,1690,1631,49.3,0,1825,0,0,0,0,1831,1842,1843,1878,1932,1825,5000,800000,40000,10000,100000,10000,65000,78862,4000,1000,06:10:33,1879,1771,0,0,0,117900000000,1,1,1,1,1,1,2,4,1,1
0,0,0,0,0,0,0,0,1,انبوه‌سازی، املاک و مستغلات,70,-65,1358190916156744,IRO1TAZB0001,وآذر,سرمایه‌گذاری‌توسعه‌آذربایجان,13006030000000,7270,0,0,7270,0,0,0,0,-111.8,0,7270,0,0,0,0,7310,7500,7600,13000,0,7270,688,0,0,0,0,684,2221,5000,5000,0,06:10:32,7480,7060,0,0,0,1789000000,1,0,0,0,0,1,1,1,1,0
0,0,0,0,0,0,0,0,1,صندوق سرمایه‌گذاری قابل معامله,68,,1438514795814416,IRT1YGHT0001,یاقوت,صندوق س یاقوت آگاه-ثابت,649978000000000,46427,0,0,46290,46090,45000,44977,44802,,0,46428,0,0,0,0,46480,46487,46665,47249,47759,46427,97,1913,232,5334,200,1000,37000,120,54,1500,06:10:39,47819,45035,0,0,0,14000000000,1,1,5,1,1,1,1,1,1,1
0,0,0,0,0,0,0,0,1,حمل و نقل، انبارداری و ارتباطات,60,2130,1625149423498289,IRO3SMBZ0001,حسینا,توسعه خدمات دریایی وبندری سینا,160203051580000,17810,0,0,15840,15670,15200,14450,0,8.4,0,17810,0,0,0,0,0,0,0,0,0,17810,500,13400,1000,500,0,0,0,0,0,0,06:10:33,18340,17280,0,0,0,8995118000,1,2,1,1,0,0,0,0,0,0
0,0,0,0,0,0,0,0,1,محصولات شیمیایی,44,1504,1822787329898392,IRO3CHPZ0001,کلر,کلر پارس,81891365612800,11120,0,0,11070,10770,10680,8990,0,7.4,0,11120,0,0,0,0,11550,11690,0,0,0,11120,5000,10000,520,5975,0,1000,902,0,0,0,06:10:29,11450,10790,0,0,0,7364331440,1,1,1,1,0,1,3,0,0,0
0,0,0,0,0,0,0,0,1,صندوق سرمایه‌گذاری قابل معامله,68,,1825060609227181,IRT3AARF0001,تکپاد,صندوق س. مشترک آریان-س,31372000000000,31372,0,0,30752,30150,29291,28422,0,,0,31372,0,0,0,0,0,0,0,0,0,31372,1000,215,800,2000,0,0,0,0,0,0,06:10:38,32313,30431,0,0,0,1000000000,1,1,1,1,0,0,0,0,0,0
0,0,0,0,0,0,0,0,1,صندوق سرمایه‌گذاری قابل معامله,68,,2019449432639594,IRT3PDUF0001,پتروداریوش,صندوق س. بخشی داریوش1-ب,25446000000000,25446,0,0,25446,25444,25440,25200,25000,,0,25446,0,0,0,0,0,0,0,0,0,25446,350501,393,200,6174,200,0,0,0,0,0,06:10:39,26209,24683,0,0,0,1000000000,42,1,1,1,1,0,0,0,0,0
0,0,0,0,0,0,0,0,1,سرمایه‌گذاری‌ها,56,451,2160777579058191,IRO1VFRZ0001,وفیروزه,گروه توسعه مالی فیروزه,96120000000000,5340,0,0,5200,5120,5100,5050,5020,11.8,0,5350,0,0,0,0,5390,5420,5460,5480,5550,5340,4804,1000,4000,1982,998,750,1100,1100,18704,1101,06:10:32,5500,5180,0,0,0,18000000000,1,1,1,2,1,1,1,1,8,1
0,0,0,0,0,0,0,0,1,محصولات غذایی و آشامیدنی به جز قند و شکر,42,545,2254054929817435,IRO1KDPS0001,غدام,خوراک‌  دام‌ پارس,9843200000000,61520,0,0,45960,0,0,0,0,112.9,0,61900,0,0,0,0,0,0,0,0,0,61520,5000,0,0,0,0,0,0,0,0,0,06:10:24,63360,59680,0,0,0,160000000,1,0,0,0,0,0,0,0,0,0
0,0,0,0,0,0,0,0,1,سرمایه‌گذاری‌ها,56,1251,2328862017676109,IRO1SPAH0001,وسپه,سرمایه‌گذاری‌ سپه,340703000000000,6590,0,0,6590,6500,6390,6210,6110,5.3,0,6590,0,0,0,0,0,0,0,0,0,6590,10206,2000,10000,31003,304840,0,0,0,0,0,06:10:32,6780,6400,0,0,0,51700000000,1,1,1,2,3,0,0,0,0,0
0,0,0,0,0,0,0,0,1,شرکت‌های چند رشته‌ای صنعتی,39,194,2400322364771558,IRO1TAMN0001,شستا,سرمایه گذاری تامین اجتماعی,5019289283008000,3068,0,0,3068,3009,2992,2990,2980,15.8,0,3068,0,0,0,0,3105,3106,3107,3108,0,3068,1516076,10000,142155,1751,1010000,10000,5000,5000,99804,0,06:10:32,3160,2976,0,0,0,1636013456000,12,1,6,1,2,2,1,1,11,0
0,0,0,0,0,0,0,0,1,خودرو و ساخت قطعات,34,85,2589887561569709,IRO1ZMYD0001,خزامیا,زامیاد,154034864628450,1677,0,0,1683,1641,1640,1612,1605,19.7,0,1683,0,0,0,0,1689,1699,1700,1701,1702,1677,9500,3100,3600,194578,35000,100000,100000,10000,3000,3000,06:10:32,1727,1627,0,0,0,91851439850,2,1,1,1,2,1,1,1,1,1
0,0,0,0,0,0,0,0,1,سرمایه‌گذاری‌ها,56,642,2944500421562364,IRO1TOSA0001,وتوصا,گروه س توسعه صنعتی ایران,104615000000000,2989,0,0,2998,2865,2829,2824,0,4.7,0,2998,0,0,0,0,3038,3070,3110,3190,0,2989,50000,20000,2063,2000,0,48154,110659,102832,101719,0,06:10:32,3078,2900,0,0,0,35000000000,1,1,1,1,0,2,4,4,6,0
0,0,0,0,0,0,0,0,1,قند و شکر,38,-31,3050342257199174,IRO7NJSP0001,قنقش,قند نقش جهان,14583720256000,1862,0,0,1863,1755,1461,0,0,-60.1,0,1863,0,0,0,0,1877,1930,0,0,0,1862,33694,30000,40000,0,0,72759,1,0,0,0,06:10:33,1917,1807,0,0,0,7832288000,1,1,1,0,0,1,1,0,0,0
0,0,0,0,0,0,0,0,1,سایر واسطه‌گری‌های مالی,58,200,3149396562827132,IRO1LIRZ0001,وایران,لیزینگ ایرانیان,12630900000000,5930,0,0,5720,0,0,0,0,29.7,0,5950,0,0,0,0,0,0,0,0,0,5930,4000,0,0,0,0,0,0,0,0,0,06:10:24,6100,5760,0,0,0,2130000000,1,0,0,0,0,0,0,0,0,0
0,0,0,0,0,0,0,0,1,محصولات شیمیایی,44,1318,3407806799514469,IRO3URPZ0001,شاروم,پتروشیمی ارومیه,28380000000000,14190,0,0,14190,12680,0,0,0,10.8,0,14190,0,0,0,0,0,0,0,0,0,14190,73665,15395,0,0,0,0,0,0,0,0,06:10:33,14610,13770,0,0,0,2000000000,2,2,0,0,0,0,0,0,0,0
0,0,0,0,0,0,0,0,1,محصولات غذایی و آشامیدنی به جز قند و شکر,42,1819,3492952121304423,IRO3PKDZ0001,غدیس,پاکدیس,58950000000000,11790,0,0,11510,11500,11490,11480,11470,6.5,0,11790,0,0,0,0,11860,12220,12240,12390,12620,11790,30000,30000,40000,40000,40000,1000,3290,418,5000,2000,06:10:30,12140,11440,0,0,0,5000000000,1,1,1,1,1,1,1,1,1,1
0,0,0,0,0,0,0,0,1,محصولات شیمیایی,44,1772,3493306453706327,IRO1SHOY0001,شوینده,مدیریت صنعت شوینده ت.ص.بهشهر,40070000000000,40070,0,0,40070,38300,38290,37750,36160,22.6,0,40070,0,0,0,0,40250,41440,44350,0,0,40070,900,10000,5000,200,150,500,1130,750,0,0,06:10:32,41270,38870,0,0,0,1000000000,1,1,1,1,1,1,2,1,0,0
0,0,0,0,0,0,0,0,1,ساخت محصولات فلزی,28,262,3542690854557886,IRO5KLSS0001,کیا,کیا الکترود شرق,5370000000000,8950,0,0,8470,0,0,0,0,34.2,0,9020,0,0,0,0,9200,0,0,0,0,8950,15000,0,0,0,0,10000,0,0,0,0,06:10:33,9210,8690,0,0,0,600000000,1,0,0,0,0,1,0,0,0,0
0,0,0,0,0,0,0,0,1,استخراج کانه‌های فلزی,13,6579,3623921205367364,IRO1DMVN0001,کدما,معدنی‌ دماوند,21392500000000,85570,0,0,84010,81870,80640,80230,35000,13,0,85620,0,0,0,0,86450,87070,89700,90620,90770,85570,60,150,100,2111,30000,59,19090,124,553,167,06:10:23,88130,83010,0,0,0,250000000,1,1,1,1,1,1,2,1,1,1
0,0,0,0,0,0,0,0,1,حمل و نقل، انبارداری و ارتباطات,60,1376,3722699128879020,IRO1TAYD0001,حتاید,تایدواترخاورمیانه,182600000000000,8300,0,0,8060,7820,7740,7020,6230,6,0,8300,0,0,0,0,14840,0,0,0,0,8300,12500,2548,15000,5000,25000,802352,0,0,0,0,06:10:32,8540,8060,0,0,0,22000000000,2,1,1,1,1,3,0,0,0,0
0,0,0,0,0,0,0,0,1,رایانه و فعالیت‌های وابسته به آن,72,-1549,3839324986781871,IRO3TASZ0001,تپسی,پیشگامان فن آوری و دانش آرامیس,52501928205480,21320,0,0,18530,0,0,0,0,-13.8,0,21320,0,0,0,0,0,0,0,0,0,21320,789,0,0,0,0,0,0,0,0,0,06:10:33,21570,21070,0,0,0,2462566989,2,0,0,0,0,0,0,0,0,0
0,0,0,0,0,0,0,0,1,صندوق سرمایه‌گذاری قابل معامله,68,,3846143218462419,IRT1AFRN0001,افران,صندوق س افرا نماد پایدار-ثابت,454712300000000,53245,0,0,53244,52752,47524,42619,36000,,0,53256,0,0,0,0,53840,54782,0,0,0,53245,92650,18,22,31,500,20000,5107,0,0,0,06:10:39,54842,51648,0,0,0,8540000000,1,1,1,1,1,1,2,0,0,0
0,0,0,0,0,0,0,0,1,انبوه‌سازی، املاک و مستغلات,70,226,3863538898378476,IRO1MSKN0001,ثمسکن,سرمایه‌گذاری‌ مسکن,50323000000000,3185,0,0,3188,3086,3050,3004,2985,14.1,0,3188,0,0,0,0,3260,0,0,0,0,3185,19688,100000,1650,3000,1700,60158,0,0,0,0,06:10:24,3280,3090,0,0,0,15800000000,1,1,1,1,1,3,0,0,0,0
0,0,0,0,0,0,0,0,1,صندوق سرمایه‌گذاری قابل معامله,68,,4142914008323611,IRT1TRST0001,تراست,صندوق س صنایع پیشرفت صبا1-بخشی,9962000000000,9962,0,0,9902,0,0,0,0,,0,9958,0,0,0,0,10007,10029,10101,20000,0,9962,200,0,0,0,0,241,344,2000,212,0,06:10:39,10260,9664,0,0,0,1000000000,1,0,0,0,0,1,1,1,1,0
0,0,0,0,0,0,0,0,1,صندوق سرمایه‌گذاری قابل معامله,68,,4170494561477386,IRT1ROSH0001,رشدی کیان,صندوق س آوای سهام کیان-سهام,76417600000000,191044,0,0,191052,179540,179180,175650,121079,,0,191052,0,0,0,0,0,0,0,0,0,191044,3143,87340,87340,50,100,0,0,0,0,0,06:10:39,196775,185313,0,0,0,400000000,4,1,1,1,1,0,0,0,0,0
0,0,0,0,0,0,0,0,1,رایانه و فعالیت‌های وابسته به آن,72,574,4247709727327181,IRO3KARZ0001,مفاخر,توسعه فناوری اطلاعات خوارزمی,9487965299670,11310,0,0,10150,10000,9290,9050,0,19.7,0,11350,0,0,0,0,0,0,0,0,0,11310,30000,20000,20000,20000,0,0,0,0,0,0,06:10:30,11640,10980,0,0,0,838900557,2,1,1,1,0,0,0,0,0,0
0,0,0,0,0,0,0,0,1364694,قند و شکر,38,2437,4267564158935326,IRO7BSOP0001,قیستو,شرکت قند بیستون,63600000000000,42400,0,0,35760,0,0,0,0,17.4,0,42400,0,0,0,0,0,0,0,0,0,42400,10000,0,0,0,0,0,0,0,0,0,06:10:33,43670,41130,0,0,0,1500000000,1,0,0,0,0,0,0,0,0,0
0,0,0,0,0,0,0,0,1,بیمه و صندوق بازنشستگی به جز تامین اجتماعی,66,328,4341085373810698,IRO7AGLZ0001,بزندگی,بیمه زندگی آگاه,20370000000000,4850,0,0,4490,0,0,0,0,14.8,0,4800,0,0,0,0,0,0,0,0,0,4850,15000,0,0,0,0,0,0,0,0,0,06:10:33,4990,4710,0,0,0,4200000000,1,0,0,0,0,0,0,0,0,0
0,0,0,0,0,0,0,0,1,محصولات غذایی و آشامیدنی به جز قند و شکر,42,620,4369934250728330,IRO1ZARM0001,غزر,صنعتی زر ماکارون,188770000000000,4390,0,0,4390,4290,4270,4200,0,7.1,0,4390,0,0,0,0,4480,4500,0,0,0,4390,15640,1368,15200,1400,0,270379,32960,0,0,0,06:10:32,4520,4260,0,0,0,43000000000,2,1,2,1,0,11,8,0,0,0
0,0,0,0,0,0,0,0,1,مواد و محصولات دارویی,43,2845,4384288570322406,IRO1EXIR0001,دلر,داروسازی‌ اکسیر,246278240000000,26720,0,0,26720,25960,25180,23750,21050,9.4,0,26720,0,0,0,0,27340,27560,27900,0,0,26720,85936,9794,100000,500,500,22400,751,1000,0,0,06:10:23,27520,25920,0,0,0,9217000000,18,2,1,1,1,2,1,1,0,0
0,0,0,0,0,0,0,0,1,سیمان، آهک و گچ,53,1929,4470657233334072,IRO1SKHS0001,سخاش,سیمان‌خاش,72822000000000,13740,0,0,13340,13030,0,0,0,7.1,0,13740,0,0,0,0,0,0,0,0,0,13740,375,384,0,0,0,0,0,0,0,0,06:10:32,14150,13330,0,0,0,5300000000,1,1,0,0,0,0,0,0,0,0
0,0,0,0,0,0,0,0,1,زراعت و خدمات وابسته,1,-2315,4507558419857064,IRO3MACZ0001,زماهان,مجتمع تولید گوشت مرغ ماهان,14610900000000,12930,0,0,12930,12200,12190,11950,11610,-5.6,0,12930,0,0,0,0,12980,13390,13590,13600,13790,12930,7705,1242,2411,1069,1500,1567,3210,8372,371,1598,06:10:30,13310,12550,0,0,0,1130000000,1,1,2,2,1,4,2,2,1,2
0,0,0,0,0,0,0,0,1,سیمان، آهک و گچ,53,8458,4528607775462304,IRO1SFNO0001,سفانو,سیمان فارس نو,93712000000000,58570,0,0,52030,0,0,0,0,6.9,0,58570,0,0,0,0,0,0,0,0,0,58570,100,0,0,0,0,0,0,0,0,0,06:10:32,60320,56820,0,0,0,1600000000,1,0,0,0,0,0,0,0,0,0
0,0,0,0,0,0,0,0,1,انبوه‌سازی، املاک و مستغلات,70,721,4545713647225984,IRO1SPHR0001,ثپهران,توسعه ساختمان سپهر تهران,60900000000000,4060,0,0,3910,3850,3760,3740,3720,5.6,0,4070,0,0,0,0,4080,4200,4290,4300,0,4060,10000,2997,1500,1337,50000,70249,3464,866,866,0,06:10:32,4180,3940,0,0,0,15000000000,1,2,1,1,1,26,4,1,1,0
0,0,0,0,0,0,0,0,1,سیمان، آهک و گچ,53,2361,4563413583000719,IRO1SDAB0001,ساراب,سیمان‌ داراب,89200000000000,17840,0,0,17840,17330,16830,16340,0,7.6,0,17840,0,0,0,0,0,0,0,0,0,17840,4066,8317,912,627,0,0,0,0,0,0,06:10:32,18370,17310,0,0,0,5000000000,4,6,1,1,0,0,0,0,0,0
0,0,0,0,0,0,0,0,1,سایر محصولات کانی غیرفلزی,54,567,4614779520007780,IRO1ARDK0001,کسرا,کاتالیست‌های ‌صنعتی‌ آریا,40602600000000,6180,0,0,6000,5850,5350,0,0,10.9,0,6190,0,0,0,0,6210,6240,6270,6280,6300,6180,3000,40000,1000,0,0,1000,1900,1000,900,1000,06:10:23,6360,6000,0,0,0,6570000000,1,1,1,0,0,1,2,1,1,1
0,0,0,0,0,0,0,0,1,صندوق سرمایه‌گذاری قابل معامله,68,,4626686276232042,IRTKNAFS0001,نفیس,صندوق س.کالای صبا,158919600000000,132433,0,0,130010,130000,129800,121133,120625,,0,132915,0,0,0,0,134000,134899,135000,135984,139000,132433,8,8,100,742,91,4000,38,38,37,1000,06:10:40,145676,119190,0,0,0,1200000000,1,1,1,1,2,1,1,1,1,1
0,0,0,0,0,0,0,0,1,فلزات اساسی,27,363,4733285133017464,IRO1FKAS0001,فخاس,فولاد خراسان,389187000000000,3126,0,0,3126,3000,2982,2921,2860,8.6,0,3126,0,0,0,0,0,0,0,0,0,3126,2011900,8600,111472,200000,40000,0,0,0,0,0,06:10:23,3219,3033,0,0,0,124500000000,4,2,1,1,1,0,0,0,0,0
0,0,0,0,0,0,0,0,1,خودرو و ساخت قطعات,34,196,4758266259250794,IRO1SZPO0001,خپویش,سازه‌ پویش,21657748805200,3890,0,0,3890,0,0,0,0,19.8,0,3890,0,0,0,0,0,0,0,0,0,3890,300000,0,0,0,0,0,0,0,0,0,06:10:32,4000,3780,0,0,0,5567544680,1,0,0,0,0,0,0,0,0,0
0,0,0,0,0,0,0,0,1,صندوق سرمایه‌گذاری قابل معامله,68,,4769396408895066,IRT1BLOT0001,بلوط,صندوق س شکوه بامداد زاگرس-ثابت,10009000000000,10009,0,0,0,0,0,0,0,,0,10009,0,0,0,0,10518,11000,0,0,0,10009,0,0,0,0,0,5000,180000,0,0,0,06:10:39,10309,9709,0,0,0,1000000000,0,0,0,0,0,1,1,0,0,0
0,0,0,0,0,0,0,0,1,استخراج کانه‌های فلزی,13,786,4942127026063388,IRO1BAMA0001,کاما,باما,240520500000000,5650,0,0,5650,5550,5490,5460,5430,7.2,0,5650,0,0,0,0,5720,5760,5780,0,0,5650,12000,5100,912,2000,20000,11556,50000,53794,0,0,06:10:23,5810,5490,0,0,0,42570000000,3,1,1,1,1,1,1,10,0,0
0,0,0,0,0,0,0,0,1,زراعت و خدمات وابسته,1,12169,5054819322815158,IRO1MAGS0001,زمگسا,کشاورزی‌ ودامپروی‌ مگسال,26835000000000,89450,0,0,86890,85850,85360,84290,0,7.4,0,89490,0,0,0,0,91000,93340,93920,95490,97720,89450,1058,100,184,100,0,4000,333,54,53,200,06:10:24,92130,86770,0,0,0,300000000,2,1,2,1,0,1,2,1,1,1
0,0,0,0,0,0,0,0,1,صندوق سرمایه‌گذاری قابل معامله,68,,5092823031617455,IRT1BNKP0001,بانکپاد,صندوق س صنایع پاسارگاد1-بخشی,10608000000000,10608,0,0,10501,10298,10234,0,0,,0,10670,0,0,0,0,10863,10866,0,0,0,10608,100,10000,1000,0,0,93317,24995,0,0,0,06:10:39,10926,10290,0,0,0,1000000000,1,1,1,0,0,1,2,0,0,0
0,0,0,0,0,0,0,0,1,بیمه و صندوق بازنشستگی به جز تامین اجتماعی,66,199,5128151910501174,IRO7HFZP0001,وحافظ,بیمه حافظ,19711500000000,2319,0,0,2316,2251,2231,2211,2200,11.7,0,2332,0,0,0,0,2382,0,0,0,0,2319,1000000,100000,150000,200000,300000,14000,0,0,0,0,06:10:33,2388,2250,0,0,0,8500000000,1,1,1,1,1,2,0,0,0,0
0,0,0,0,0,0,0,0,1,ساخت دستگاه‌ها و وسایل ارتباطی,32,1544,5187018329202415,IRO1PELC0001,لپارس,پارس‌ الکتریک,31540000000000,31540,0,0,30650,29600,28070,24020,0,20.4,0,31540,0,0,0,0,0,0,0,0,0,31540,527,1683,500,500,0,0,0,0,0,0,06:10:32,32480,30600,0,0,0,1000000000,2,1,1,1,0,0,0,0,0,0
0,0,0,0,0,0,0,0,1,فلزات اساسی,27,813,5286237676293152,IRO1SSCO0001,سیسکو,فولاد سیرجان ایرانیان,710000000000000,5680,0,0,5680,5360,5310,5210,4770,7,0,5680,0,0,0,0,5690,5700,5800,5810,5820,5680,711827,50000,50000,100000,6300,300000,901,2630,136484,84432,06:10:32,5850,5510,0,0,0,125000000000,9,1,1,1,1,1,1,3,4,16
0,0,0,0,0,0,0,0,1,مواد و محصولات دارویی,43,760,5305844922895340,IRO3AVLZ0001,داوه,داروسازی آوه سینا,25557000000000,12170,0,0,12170,11830,11480,5910,4840,16,0,12170,0,0,0,0,0,0,0,0,0,12170,45000,1000,460,5440,2500,0,0,0,0,0,06:10:29,12530,11810,0,0,0,2100000000,3,1,1,1,1,0,0,0,0,0
0,0,0,0,0,0,0,0,1,مواد و محصولات دارویی,43,888,5317427172344706,IRO3HEDZ0001,هجرت,پخش هجرت,176764000000000,8560,0,0,8560,0,0,0,0,9.6,0,8560,0,0,0,0,8710,0,0,0,0,8560,100000,0,0,0,0,4500,0,0,0,0,06:10:29,8810,8310,0,0,0,20650000000,2,0,0,0,0,1,0,0,0,0
0,0,0,0,0,0,0,0,1,زراعت و خدمات وابسته,1,910,5427792638736934,IRO3FAAZ0001,زفکا,کشت و دامداری فکا,99427918590000,8190,0,0,7740,7670,7550,7530,7430,9,0,8200,0,0,0,0,8280,8330,8340,8470,0,8190,100646,100000,20000,793,1350,32000,6606,1202310,1001,0,06:10:29,8430,7950,0,0,0,12140161000,2,1,1,1,1,2,2,7,2,0
0,0,0,0,0,0,0,0,1,محصولات غذایی و آشامیدنی به جز قند و شکر,42,1231,5516102131364383,IRO3MNOZ0001,غمینو,شرکت صنایع غذایی مینو شرق,54880000000000,7840,0,0,7840,7400,7360,7250,0,6.4,0,7840,0,0,0,0,8040,8070,8270,8280,8400,7840,8982,3000,700,3000,0,1000,3000,2000,4000,100000,06:10:30,8070,7610,0,0,0,7000000000,2,1,1,1,0,1,1,1,2,1
0,0,0,0,0,0,0,0,1,بیمه و صندوق بازنشستگی به جز تامین اجتماعی,66,813,5599691633622269,IRO3MLIZ0001,بخاور,بیمه زندگی خاورمیانه,31300000000000,6260,0,0,5970,5950,5890,0,0,7.7,0,6310,0,0,0,0,6350,6430,6660,0,0,6260,10000,854,862,0,0,6858,300000,800,0,0,06:10:30,6440,6080,0,0,0,5000000000,1,1,1,0,0,1,1,1,0,0
0,0,0,0,0,0,0,0,1,مواد و محصولات دارویی,43,1454,5866848234665627,IRO1DSBH0001,دسبحان,سبحان دارو,153200000000000,15320,0,0,15320,15200,14880,14010,13580,10.5,0,15320,0,0,0,0,0,0,0,0,0,15320,17365,500,9351,640,3800,0,0,0,0,0,06:10:23,15770,14870,0,0,0,10000000000,5,1,1,1,2,0,0,0,0,0
0,0,0,0,0,0,0,0,1,بیمه و صندوق بازنشستگی به جز تامین اجتماعی,66,-448,5920901446678689,IRO3TAVZ0001,وتعاون,بیمه تعاون,25824000000000,2152,0,0,2090,2077,2051,0,0,-4.8,0,2157,0,0,0,0,2222,2238,2277,2372,0,2152,200000,100000,200000,0,0,400000,2254,50000,68301,0,06:10:33,2216,2088,0,0,0,12000000000,1,1,1,0,0,1,1,1,1,0
0,0,0,0,0,0,0,0,1,سایر واسطه‌گری‌های مالی,58,294,5968811612822747,IRO1VALE0001,ولنوین,لیزینگ اقتصاد نوین,36360000000000,3030,0,0,2949,2846,0,0,0,10.3,0,3037,0,0,0,0,3037,3042,0,0,0,3030,1000000,2000,0,0,0,393,415,0,0,0,06:10:32,3120,2940,0,0,0,12000000000,1,1,0,0,0,1,2,0,0,0
0,0,0,0,0,0,0,0,1,محصولات شیمیایی,44,1099,5987841496184505,IRO3TPEZ0001,شگویا,پتروشیمی تندگویان,351560000000000,10340,0,0,10340,10040,9900,9750,9740,9.4,0,10340,0,0,0,0,0,0,0,0,0,10340,7599,863,25162,2000,1028,0,0,0,0,0,06:10:33,10650,10030,0,0,0,34000000000,2,1,1,1,2,0,0,0,0,0
0,0,0,0,0,0,0,0,1,محصولات شیمیایی,44,492,6110133418282108,IRO1PARS0001,پارس,پتروشیمی پارس,1301780998833728,2384,0,0,2384,2248,2247,2246,2220,4.8,0,2384,0,0,0,0,0,0,0,0,0,2384,319286,35000,1000000,1010000,1975840,0,0,0,0,0,06:10:32,2455,2313,0,0,0,546049076692,11,2,1,2,3,0,0,0,0,0
0,0,0,0,0,0,0,0,1,محصولات شیمیایی,44,1969,6116572045021585,IRO3TJPZ0001,شجم,صنایع پتروشیمی تخت جمشید,95641000000000,10510,0,0,10540,10300,9940,9750,0,5.3,0,10540,0,0,0,0,10660,0,0,0,0,10510,3500,500,5000,550,0,139,0,0,0,0,06:10:33,10820,10200,0,0,0,9100000000,1,1,1,1,0,1,0,0,0,0
0,0,0,0,0,0,0,0,1,محصولات غذایی و آشامیدنی به جز قند و شکر,42,2564,6131290133202745,IRO1MRAM0001,غمهرا,تولیدی‌مهرام,91200000000000,18240,0,0,17180,0,0,0,0,7.1,0,18240,0,0,0,0,18440,18540,18630,18770,18920,18240,1500,0,0,0,0,600,4908,10000,600,20000,06:10:24,18780,17700,0,0,0,5000000000,2,0,0,0,0,1,1,1,1,1
0,0,0,0,0,0,0,0,1,لاستیک و پلاستیک,25,1012,6233172939132588,IRO3SBAZ0001,پتوسعه,س. و توسعه صنایع لاستیک,29520000000000,9840,0,0,9550,9280,9240,0,0,9.7,0,9840,0,0,0,0,9970,0,0,0,0,9840,10000,1205,3078,0,0,31718,0,0,0,0,06:10:30,10130,9550,0,0,0,3000000000,1,2,3,0,0,6,0,0,0,0
0,0,0,0,0,0,0,0,1,صندوق سرمایه‌گذاری قابل معامله,68,,6237807001018762,IRTKGHIR0001,قیراط,صندوق س.کالای درفش دماوند,80968000000000,40484,0,0,40000,39115,39100,37630,36423,,0,40640,0,0,0,0,41300,41320,41810,41995,42350,40484,27,30850,1000,3220,200,9000,1000,500,1000,119,06:10:40,44532,36436,0,0,0,2000000000,1,1,1,3,1,1,1,1,2,1
0,0,0,0,0,0,0,0,1,صندوق سرمایه‌گذاری قابل معامله,68,,6279426571085158,IRT1DIAR0001,دیار,صندوق س.مشترک دیار-سهام,6311700000000,21039,0,0,20000,0,0,0,0,,0,21060,0,0,0,0,0,0,0,0,0,21039,6500,0,0,0,0,0,0,0,0,0,06:10:39,21670,20408,0,0,0,300000000,1,0,0,0,0,0,0,0,0,0
0,0,0,0,0,0,0,0,1,صندوق سرمایه‌گذاری قابل معامله,68,,6328167131743522,IRT1AUGA0001,اتوآگاه,صندوق س صنایع آگاه2-بخشی,18375000000000,18375,0,0,18394,18125,17860,17859,14110,,0,18394,0,0,0,0,18475,0,0,0,0,18375,55,112,56,56,73,2500,0,0,0,0,06:10:39,18926,17824,0,0,0,1000000000,1,2,1,1,1,2,0,0,0,0
0,0,0,0,0,0,0,0,1,صندوق سرمایه‌گذاری قابل معامله,68,,6362118829011821,IRTKLIAN0001,لیان,صندوق س.کالای دیبای معیار,82698000000000,41349,0,0,41110,41003,41000,40950,40900,,0,41755,0,0,0,0,41777,41999,42000,42250,42495,41349,120,1000,25,200,25,122,300,4000,4000,2000,06:10:40,45483,37215,0,0,0,2000000000,1,1,1,1,1,1,1,1,1,2
0,0,0,0,0,0,0,0,1435360,خودرو و ساخت قطعات,34,458,6433335428452486,IRO7TONP0001,خعمرا,توسعه و عمران شهرستان نائین,8529325140000,6090,0,0,0,0,0,0,0,13.3,0,6120,0,0,0,0,6120,6220,6270,0,0,6090,0,0,0,0,0,2000,30000,27000,0,0,06:10:36,6270,5910,0,0,0,1400546000,0,0,0,0,0,1,2,2,0,0
0,0,0,0,0,0,0,0,1,مواد و محصولات دارویی,43,2342,6478064539164167,IRO3RPEZ0001,ریشمک,تولید و صادرات ریشمک,16100000000000,16100,0,0,16100,0,0,0,0,6.9,0,16100,0,0,0,0,0,0,0,0,0,16100,32500,0,0,0,0,0,0,0,0,0,06:10:30,16580,15620,0,0,0,1000000000,3,0,0,0,0,0,0,0,0,0
0,0,0,0,0,0,0,0,1,سیمان، آهک و گچ,53,2297,6757220448540984,IRO1SIMS0001,سشمال,سیمان‌ شمال,91850000000000,18370,0,0,18370,16710,12070,0,0,8,0,18370,0,0,0,0,0,0,0,0,0,18370,623,20000,380,0,0,0,0,0,0,0,06:10:32,18920,17820,0,0,0,5000000000,2,1,1,0,0,0,0,0,0,0
0,0,0,0,0,0,0,0,1,بیمه و صندوق بازنشستگی به جز تامین اجتماعی,66,-34,6847536925606808,IRO3MOIZ0001,ومعلم,بیمه معلم,24570000000000,3276,0,0,3276,0,0,0,0,-96.4,0,3276,0,0,0,0,0,0,0,0,0,3276,19161,0,0,0,0,0,0,0,0,0,06:10:30,3374,3178,0,0,0,7500000000,1,0,0,0,0,0,0,0,0,0
0,0,0,0,0,0,0,0,1,رایانه و فعالیت‌های وابسته به آن,72,5242,6905737326614124,IRO5PUYA0001,رپویا,پویا,18307200000000,57210,0,0,54600,54110,53030,0,0,10.9,0,57240,0,0,0,0,57880,61500,61510,63380,63460,57210,100,2000,1000,0,0,56,200,224,140,56,06:10:33,58920,55500,0,0,0,320000000,1,1,1,0,0,2,1,8,5,2
0,0,0,0,0,0,0,0,1,صندوق سرمایه‌گذاری قابل معامله,68,,7104496710718469,IRT1ARAS0001,آرامش,صندوق سرمایه گذاری آرامش-ثابت,109642500000000,19935,0,0,9585,0,0,0,0,,0,19935,0,0,0,0,0,0,0,0,0,19935,1570,0,0,0,0,0,0,0,0,0,06:10:39,20533,19337,0,0,0,5500000000,1,0,0,0,0,0,0,0,0,0
0,0,0,0,0,0,0,0,1,صندوق سرمایه‌گذاری قابل معامله,68,,7171962866271439,IRTKZARI0001,زریران,صندوق س. کالای داریوش,24852000000000,12426,0,0,12000,10778,9000,8947,0,,0,12450,0,0,0,0,12989,13048,13100,13148,13182,12426,16688,1254,22195,200,0,400,100000,100000,100000,320,06:10:40,13668,11184,0,0,0,2000000000,1,1,1,1,0,1,1,1,1,1
0,0,0,0,0,0,0,0,1,مواد و محصولات دارویی,43,3800,7183333492448248,IRO1DARO0001,وپخش,داروپخش‌ (هلدینگ,390432000000000,46480,0,0,45680,45100,44000,42830,0,12.2,0,46480,0,0,0,0,49540,51500,0,0,0,46480,300,200,164,665,0,105,103,0,0,0,06:10:23,47870,45090,0,0,0,8400000000,1,1,1,2,0,1,2,0,0,0
0,0,0,0,0,0,0,0,1,لاستیک و پلاستیک,25,1339,7235435095059069,IRO1KVRZ0001,پکویر,کویر تایر,95955172560000,7020,0,0,7020,6920,6700,6650,6630,5.2,0,7020,0,0,0,0,7180,7400,7500,7690,7720,7020,13000,10000,1000,6000,601112,10000,1,690,5000,7655,06:10:24,7230,6810,0,0,0,13668828000,2,1,1,2,3,1,1,1,1,3
0,0,0,0,0,0,0,0,1,زراعت و خدمات وابسته,1,3518,7300125658580126,IRO3IKAZ0001,زکشت,کشاورزی مکانیزه اصفهان کشت,33615000000000,22410,0,0,22350,21830,21820,21500,21360,6.4,0,22450,0,0,0,0,22560,22670,23000,23110,24140,22410,1286,300,230,510,1931,500,500,2050,220,422,06:10:29,23080,21740,0,0,0,1500000000,1,1,1,1,5,1,1,1,1,2
0,0,0,0,0,0,0,0,1,خودرو و ساخت قطعات,34,218,7385624172574740,IRO1RENA0001,ورنا,سرمایه‌گذاری‌ رنا(هلدینگ,193250000000000,7730,0,0,7730,7310,6540,6470,5150,35.5,0,7730,0,0,0,0,0,0,0,0,0,7730,809,2832,1457,3300,3000,0,0,0,0,0,06:10:32,7960,7500,0,0,0,25000000000,1,1,1,2,2,0,0,0,0,0
0,0,0,0,0,0,0,0,1,سرمایه‌گذاری‌ها,56,830,7395271748414592,IRO1IKHR0001,وخارزم,سرمایه گذاری خوارزمی,660800000000000,8260,0,0,8260,8120,8110,7900,7860,10,0,8260,0,0,0,0,8290,8340,0,0,0,8260,20225,3000,100000,986,1003,24006,26500,0,0,0,06:10:24,8500,8020,0,0,0,80000000000,4,1,1,1,1,3,4,0,0,0
0,0,0,0,0,0,0,0,1,خودرو و ساخت قطعات,34,785,7457232989848872,IRO1TMKH0001,خمحور,تولیدمحورخودرو,32449399470000,5130,0,0,0,0,0,0,0,6.5,0,5130,0,0,0,0,5150,5290,5300,5410,5450,5130,0,0,0,0,0,2000,120973,145168,1010,250000,06:10:32,5280,4980,0,0,0,6325419000,0,0,0,0,0,1,1,1,1,1
0,0,0,0,0,0,0,0,239453,انبوه‌سازی، املاک و مستغلات,70,8,7503669593172728,IRO7SESP0001,ثاصفا,شرکت‌ ساختمان‌ اصفهان,2668800000000,16680,0,0,16990,0,0,0,0,2085,0,16990,0,0,0,0,0,0,0,0,0,16680,3000,0,0,0,0,0,0,0,0,0,06:10:33,17180,16180,0,0,0,160000000,1,0,0,0,0,0,0,0,0,0
0,0,0,0,0,0,0,0,1,صندوق سرمایه‌گذاری قابل معامله,68,,7681671915916933,IRT1JHSH0001,جهش,صندوق سهامی جهش فارابی-اهرمی,110211000000000,36737,0,0,36783,36543,36400,36266,36006,,0,36783,0,0,0,0,37509,37569,37571,37605,37609,36737,122508,2987,100000,100000,100000,1050,1500,2070,3000,16000,06:10:39,38206,35268,0,0,0,3000000000,9,1,1,1,1,1,1,2,1,3
0,0,0,0,0,0,0,0,1,محصولات شیمیایی,44,3871,7711282667602555,IRO1PARK0001,شاراک,پتروشیمی شازند,425680000000000,25040,0,0,25040,24500,24320,24300,23620,6.5,0,25040,0,0,0,0,25440,0,0,0,0,25040,21610,250,245,209,530,105663,0,0,0,0,06:10:32,25790,24290,0,0,0,17000000000,10,1,1,1,2,2,0,0,0,0
0,0,0,0,0,0,0,0,1,فراورده‌های نفتی، کک و سوخت هسته‌ای,23,1816,7745894403636165,IRO1PNES0001,شپنا,پالایش نفت اصفهان,8492751244020000,13540,0,0,13540,13520,13500,13400,13250,7.5,0,13540,0,0,0,0,18320,0,0,0,0,13540,283978,1000,1375,7465,15419,160890,0,0,0,0,06:10:32,13940,13140,0,0,0,627234213000,31,1,1,1,2,3,0,0,0,0
0,0,0,0,0,0,0,0,1,صندوق سرمایه‌گذاری قابل معامله,68,,7803396484851273,IRT3KMDF0001,کارآمد,صندوق س.درآمد ثابت کارآمد-د,181930000000000,18193,0,0,17950,0,0,0,0,,0,18194,0,0,0,0,0,0,0,0,0,18193,1672,0,0,0,0,0,0,0,0,0,06:10:39,18738,17648,0,0,0,10000000000,1,0,0,0,0,0,0,0,0,0
0,0,0,0,0,0,0,0,1,صندوق سرمایه‌گذاری قابل معامله,68,,7854238750997270,IRT3NBTF0001,نبات,صندوق س. بخشی صنایع دانایان1-ب,7496400000000,18741,0,0,18200,18100,18000,17900,17800,,0,18753,0,0,0,0,18800,18876,18885,18998,0,18741,14000,21000,21000,21000,21000,15000,10,15000,5000,0,06:10:39,19303,18179,0,0,0,400000000,2,3,3,3,3,3,1,3,1,0
0,0,0,0,0,0,0,0,1,صندوق سرمایه‌گذاری قابل معامله,68,,7887331100268907,IRTKSLVA0001,سیلوا,صندوق س.کالای پاداش1,10157000000000,10157,0,0,10097,9990,0,0,0,,0,10209,0,0,0,0,10297,10700,10900,11000,0,10157,100000,2000,0,0,0,25750,500,10069,67500,0,06:10:40,11172,9142,0,0,0,1000000000,1,1,0,0,0,1,1,1,3,0
0,0,0,0,0,0,0,0,1,محصولات غذایی و آشامیدنی به جز قند و شکر,42,929,8000351713789858,IRO3NRVZ0001,نان,صنایع غذایی رضوی,66000000000000,6600,0,0,6420,6300,6160,6020,5920,7.1,0,6610,0,0,0,0,6630,6810,0,0,0,6600,300000,35000,300000,16551,10000,1963,6733,0,0,0,06:10:30,6790,6410,0,0,0,10000000000,1,2,1,1,1,2,4,0,0,0
0,0,0,0,0,0,0,0,1,صندوق سرمایه‌گذاری قابل معامله,68,,8021561335311415,IRT3ALZF0001,اصیل,صندوق درآمدثابت مشترک البرز-د,64239000000000,21413,0,0,0,0,0,0,0,,0,21413,0,0,0,0,21500,0,0,0,0,21413,0,0,0,0,0,5000,0,0,0,0,06:10:38,22055,20771,0,0,0,3000000000,0,0,0,0,0,1,0,0,0,0
0,0,0,0,0,0,0,0,1,استخراج کانه‌های فلزی,13,9504,8175784894140974,IRO3PZAZ0001,فزر,پویا زرکان آق دره,1443960000000000,267400,0,0,268200,268100,268000,267800,267000,28.1,0,268200,0,0,0,0,0,0,0,0,0,267400,54728,5186,8250,5280,310,0,0,0,0,0,06:10:30,275400,259400,0,0,0,5400000000,70,3,3,2,1,0,0,0,0,0
0,0,0,0,0,0,0,0,1,محصولات غذایی و آشامیدنی به جز قند و شکر,42,3441,8234855558996646,IRO3KCOZ0001,غدانه,پنبه و دانه های روغنی خراسان,34760000000000,17380,0,0,17380,17010,16900,16880,16500,5.1,0,17380,0,0,0,0,17760,18480,18500,19020,19600,17380,34458,295,2018,100297,664,20000,271,60000,17409,271,06:10:30,17900,16860,0,0,0,2000000000,8,1,1,2,2,1,1,1,11,1
0,0,0,0,0,0,0,0,1,صندوق سرمایه‌گذاری قابل معامله,68,,8456220681927384,IRT3DARF0001,بنکوداریوش,صندوق س.بخشی داریوش3-ب,50422000000000,25211,0,0,25213,24816,24720,24594,24500,,0,25213,0,0,0,0,25300,0,0,0,0,25211,1860,10000,450,10000,15904,6000,0,0,0,0,06:10:38,25967,24455,0,0,0,2000000000,2,1,1,1,2,2,0,0,0,0
0,0,0,0,0,0,0,0,1,صندوق سرمایه‌گذاری قابل معامله,68,,8602793697394313,IRT1FRST0001,فرصت,صندوق س فرصت آفرین سرمایه-سهام,5239600000000,26198,0,0,0,0,0,0,0,,0,26570,0,0,0,0,27408,0,0,0,0,26198,0,0,0,0,0,100,0,0,0,0,06:10:39,26983,25413,0,0,0,200000000,0,0,0,0,0,1,0,0,0,0
0,0,0,0,0,0,0,0,1,پیمانکاری صنعتی,45,1907,8646067353086740,IRO3BLSZ0001,بالاس,مهندسی ساختمان تاسیسات راه آهن,7453500000000,49690,0,0,47720,47200,0,0,0,26.1,0,49950,0,0,0,0,0,0,0,0,0,49690,200,3400,0,0,0,0,0,0,0,0,06:10:29,51180,48200,0,0,0,150000000,1,2,0,0,0,0,0,0,0,0
0,0,0,0,0,0,0,0,1,فلزات اساسی,27,1905,8725363201030474,IRO3IZIZ0001,فگستر,گسترش صنایع روی ایرانیان,37310500000000,10510,0,0,10510,10210,9920,9910,9740,5.5,0,10510,0,0,0,0,0,0,0,0,0,10510,57372,1490,1505,10000,6431,0,0,0,0,0,06:10:30,10820,10200,0,0,0,3550000000,9,2,2,1,2,0,0,0,0,0
0,0,0,0,0,0,0,0,1,فلزات اساسی,27,0,8790413783522890,IRR3SJSZ0101,فجهانح,ح. جهان فولاد سیرجان,10458000000000,1494,0,0,1367,0,0,0,0,0,0,1494,0,0,0,0,0,0,0,0,0,1494,29631,0,0,0,0,0,0,0,0,0,06:10:37,1538,1450,0,0,0,7000000000,1,0,0,0,0,0,0,0,0,0
0,0,0,0,0,0,0,0,1,مواد و محصولات دارویی,43,492,8915450910866216,IRO1DZAH0001,دزهراوی,داروسازی‌زهراوی,48809210850000,4590,0,0,4550,0,0,0,0,9.3,0,4600,0,0,0,0,4710,4720,4750,4760,4770,4590,4000,0,0,0,0,1062,8388,2821,17865,538,06:10:23,4720,4460,0,0,0,10633815000,2,0,0,0,0,1,2,1,1,1
0,0,0,0,0,0,0,0,1,صندوق سرمایه‌گذاری قابل معامله,68,,8961366473557410,IRT3GSFF0001,رسانا,صندوق س.بخشی گستره فیروزه1-ب,46824000000000,23412,0,0,22733,0,0,0,0,,0,23414,0,0,0,0,0,0,0,0,0,23412,100000,0,0,0,0,0,0,0,0,0,06:10:38,24114,22710,0,0,0,2000000000,1,0,0,0,0,0,0,0,0,0
0,0,0,0,0,0,0,0,1,استخراج زغال سنگ,10,1904,8977369674477111,IRO1TBAS0001,کطبس,ذغال‌سنگ‌ نگین‌ ط‌بس,33072000000000,16960,0,0,16080,9550,0,0,0,8.9,0,17060,0,0,0,0,17250,17700,17770,0,0,16960,350,1000,0,0,0,310,300,1103,0,0,06:10:32,17460,16460,0,0,0,1950000000,1,1,0,0,0,1,1,2,0,0
0,0,0,0,0,0,0,0,1,فلزات اساسی,27,1216,8977441217024425,IRO1SEPA0001,فسپا,گروه‌صنعتی‌سپاهان,81625000000000,6530,0,0,6530,6340,5700,0,0,5.4,0,6530,0,0,0,0,0,0,0,0,0,6530,32972,790,5000,0,0,0,0,0,0,0,06:10:32,6720,6340,0,0,0,12500000000,4,1,1,0,0,0,0,0,0,0
0,0,0,0,0,0,0,0,1,صندوق سرمایه‌گذاری قابل معامله,68,,9089296888187061,IRTKTABA0001,تابش,صندوق س.کالای تابان تمدن,274497000000000,91499,0,0,90650,90600,90560,90500,90100,,0,91749,0,0,0,0,93999,94990,94999,95000,95988,91499,100,200,100,1108,150,85,500,85,1000,5000,06:10:40,100648,82350,0,0,0,3000000000,1,1,1,1,1,1,1,1,1,1
0,0,0,0,0,0,0,0,1,سرمایه‌گذاری‌ها,56,291,9098178887955847,IRO1GMSH0001,شهر,گروه مالی شهر,106100000000000,2122,0,0,2022,1730,0,0,0,7.3,0,2122,0,0,0,0,2170,2172,2188,0,0,2122,5000,40000,0,0,0,2500,60093,201993,0,0,06:10:23,2185,2059,0,0,0,50000000000,1,1,0,0,0,1,3,9,0,0
0,0,0,0,0,0,0,0,1,سرمایه‌گذاری‌ها,56,399,9141577977527107,IRO7VIRP0001,وایرا,سرمایه گذاری صنایع ایران,7260000000000,3300,0,0,3080,0,0,0,0,8.3,0,3300,0,0,0,0,0,0,0,0,0,3300,50000,0,0,0,0,0,0,0,0,0,06:10:36,3390,3210,0,0,0,2200000000,1,0,0,0,0,0,0,0,0,0
0,0,0,0,0,0,0,0,1,زراعت و خدمات وابسته,1,2916,9155145921347611,IRO3APFZ0001,زفارس,کشت وصنعت و دامپروری پگاه فارس,33910398942600,23570,0,0,22900,22390,19160,19130,0,8.1,0,23580,0,0,0,0,23730,23740,23770,23790,24440,23570,100000,1300,3900,485,0,213,18000,625,100118,207,06:10:29,24270,22870,0,0,0,1438710180,1,2,1,1,0,1,1,6,2,1
0,0,0,0,0,0,0,0,1,بیمه و صندوق بازنشستگی به جز تامین اجتماعی,66,865,9481703061634967,IRO1IPAR0001,پارسیان,بیمه پارسیان,90300000000000,1806,0,0,1754,1702,1701,1671,1603,2.1,0,1806,0,0,0,0,0,0,0,0,0,1806,2857,2944,10000,6003,3163,0,0,0,0,0,06:10:24,1860,1752,0,0,0,50000000000,1,1,1,1,1,0,0,0,0,0
0,0,0,0,0,0,0,0,1,بانک‌ها و موسسات اعتباری,57,813,9536587154100457,IRO1BPAS0001,وپاسار,بانک  پاسارگاد,4798122790580000,10220,0,0,10360,10000,9990,9980,9960,12.6,0,10410,0,0,0,0,10470,10480,10490,10500,10520,10220,9759,41745,10000,1000,1000,2578,1254,5668,2262,100000,06:10:23,10520,9920,0,0,0,469483639000,1,2,1,1,1,2,1,1,2,1
0,0,0,0,0,0,0,0,1,محصولات غذایی و آشامیدنی به جز قند و شکر,42,4668,9956888831468521,IRO3ARDZ0001,آردینه,نشاسته و گلوکز آردینه,63880000000000,31940,0,0,31940,31040,31000,30110,30100,6.8,0,31940,0,0,0,0,32400,32410,33150,33160,33380,31940,55921,162,2000,300,400,145,156,1500,345,1201,06:10:29,32890,30990,0,0,0,2000000000,4,1,1,1,1,1,1,1,2,4
0,0,0,0,0,0,0,0,1,زراعت و خدمات وابسته,1,235,9987529074833218,IRO7ABYP0001,آبین,کشت و صنعت آبشیرین,16998659996940,9430,0,0,8310,0,0,0,0,40.1,0,9430,0,0,0,0,0,0,0,0,0,9430,20000,0,0,0,0,0,0,0,0,0,06:10:33,9710,9150,0,0,0,1802615058,1,0,0,0,0,0,0,0,0,0
0,0,0,0,0,0,0,0,1,زراعت و خدمات وابسته,1,1225,10024128313803797,IRO3GDSZ0001,زگلدشت,کشت و دام گلدشت نمونه اصفهان,58688000000000,10480,0,0,10070,9850,0,0,0,8.6,0,10540,0,0,0,0,11130,0,0,0,0,10480,500,600,0,0,0,454,0,0,0,0,06:10:29,10790,10170,0,0,0,5600000000,1,1,0,0,0,1,0,0,0,0
0,0,0,0,0,0,0,0,328294,سرمایه‌گذاری‌ها,56,491,10055255678920880,IRO7MIVP0001,وملت,سرمایه گذاری ملت,4230000000000,4230,0,0,4260,4230,4200,0,0,8.6,0,4260,0,0,0,0,0,0,0,0,0,4230,1512000,300000,12000,0,0,0,0,0,0,0,06:10:33,4270,4190,0,0,0,1000000000,6,1,1,0,0,0,0,0,0,0
0,0,0,0,0,0,0,0,1,صندوق سرمایه‌گذاری قابل معامله,68,,10063040211859748,IRT3ASAF0001,آس,صندوق س. گنجینه ارمغان الماس-س,1844200000000,18442,0,0,18400,18300,18200,18100,18000,,0,18450,0,0,0,0,0,0,0,0,0,18442,20000,21000,21000,21000,21000,0,0,0,0,0,06:10:38,18995,17889,0,0,0,100000000,3,3,3,3,3,0,0,0,0,0
0,0,0,0,0,0,0,0,1,صندوق سرمایه‌گذاری قابل معامله,68,,10098482000925815,IRTKCIGL0001,سیگلو,صندوق س.کالای آشنای1,12802000000000,12802,0,0,12806,12803,12796,12790,12707,,0,12850,0,0,0,0,13126,13300,13500,13503,13541,12802,150,150,150,150,20000,52753,377,8747,156,200,06:10:40,14082,11522,0,0,0,1000000000,1,1,1,1,1,1,1,1,1,1
0,0,0,0,0,0,0,0,1,هتل و رستوران,55,1145,10114441830266109,IRO3DCAZ0001,گدنا,تهیه توزیع غذای دنا آفرین فدک,10440000000000,6960,0,0,6960,6800,6760,6580,6570,6.1,0,6960,0,0,0,0,7130,7140,7150,7180,7390,6960,5000,10000,5000,5140,50000,5000,2148,4000,36,30825,06:10:29,7160,6760,0,0,0,1500000000,1,1,1,1,1,1,2,1,1,9
0,0,0,0,0,0,0,0,1,لاستیک و پلاستیک,25,1468,10120557300120078,IRO1SHND0001,پسهند,صنایع‌ لاستیکی‌  سهند,20141200000000,23420,0,0,22740,22110,22070,21920,21530,16,0,23430,0,0,0,0,23440,23630,0,0,0,23420,220,10000,22571,31816,3336,47500,222,0,0,0,06:10:32,24120,22720,0,0,0,860000000,1,1,1,1,1,2,1,0,0,0
0,0,0,0,0,0,0,0,1,ماشین‌آلات و تجهیزات,29,271,10236455588057352,IRO3EELZ0001,انتخاب,گروه انتخاب الکترونیک آرمان,358203648608000,2336,0,0,2336,2268,2074,2052,0,8.6,0,2336,0,0,0,0,0,0,0,0,0,2336,100000,5000,25000,3000,0,0,0,0,0,0,06:10:29,2406,2266,0,0,0,153340603000,1,1,1,1,0,0,0,0,0,0
0,0,0,0,0,0,0,0,1,خودرو و ساخت قطعات,34,583,10411249540376641,IRO3NAMZ0001,ناما,تولیدی مخازن گازطبیعی آسیاناما,21900000000000,4380,0,0,4380,4140,3390,3200,0,7.5,0,4380,0,0,0,0,4470,4610,4710,4720,4740,4380,5000,12033,1777,3200,0,13738,40000,1071,4699,441,06:10:30,4510,4250,0,0,0,5000000000,1,1,1,1,0,5,1,1,3,1
0,0,0,0,0,0,0,0,1,صندوق سرمایه‌گذاری قابل معامله,68,,10458396610199724,IRT1MAHU0001,ماهور,صندوق سرمایه گذاری ماهور-ثابت,173310000000000,23108,0,0,0,0,0,0,0,,0,23109,0,0,0,0,23442,23652,23682,0,0,23108,0,0,0,0,0,500,150,150,0,0,06:10:39,23801,22415,0,0,0,7500000000,0,0,0,0,0,1,1,1,0,0
0,0,0,0,0,0,0,0,1,سایر محصولات کانی غیرفلزی,54,5894,10654052153538617,IRO7ABGP0001,کابگن,تولیدی و صنعتی آبگینه,9719589000000,103510,0,0,68430,0,0,0,0,17.6,0,103510,0,0,0,0,0,0,0,0,0,103510,250,0,0,0,0,0,0,0,0,0,06:10:33,106610,100410,0,0,0,93900000,1,0,0,0,0,0,0,0,0,0
0,0,0,0,0,0,0,0,1,صندوق سرمایه‌گذاری قابل معامله,68,,10712607014123911,IRT3PPTF0001,پتروپاداش,صندوق س.بخشی صنایع پاداش1-ب,19611200000000,24514,0,0,21897,0,0,0,0,,0,24691,0,0,0,0,0,0,0,0,0,24514,51,0,0,0,0,0,0,0,0,0,06:10:39,25249,23779,0,0,0,800000000,1,0,0,0,0,0,0,0,0,0
0,0,0,0,0,0,0,0,1,صندوق سرمایه‌گذاری قابل معامله,68,,10795723506538053,IRT1FIRO0001,فیروزا,صندوق ارمغان فیروزه آسیا-ثابت,383753750000000,90295,0,0,90290,41148,0,0,0,,0,90296,0,0,0,0,90497,91588,92769,0,0,90295,19595,100,0,0,0,1000,1000,60,0,0,06:10:39,93003,87587,0,0,0,4250000000,1,1,0,0,0,1,1,1,0,0
0,0,0,0,0,0,0,0,1,محصولات غذایی و آشامیدنی به جز قند و شکر,42,2530,10869855467299545,IRO3KCHZ0001,کوچین,تولیدی کوچین,137997177800000,17540,0,0,17540,17030,16980,16520,16200,6.9,0,17540,0,0,0,0,0,0,0,0,0,17540,1146,100000,885,303,2000,0,0,0,0,0,06:10:30,18060,17020,0,0,0,7867570000,3,1,1,1,1,0,0,0,0,0
0,0,0,0,0,0,0,0,1,فعالیت‌های کمکی به نهادهای مالی واسط,67,517,11129387075131725,IRO1TMLT0001,تملت,تامین سرمایه بانک ملت,167388000000000,2146,0,0,2012,2003,1966,1793,1752,4.2,0,2152,0,0,0,0,2189,2192,2200,2209,2210,2146,5000,5000,10000,5000,147954,5000,20000,3065,465835,1002500,06:10:32,2210,2082,0,0,0,78000000000,1,1,1,1,2,1,1,1,1,2
0,0,0,0,0,0,0,0,1,سرمایه‌گذاری‌ها,56,437,11258722998911897,IRO1SKBV0001,وسکاب,س.ص.بازنشستگی کارکنان بانکها,114580000000000,3370,0,0,3350,3240,3230,3220,3190,7.7,0,3370,0,0,0,0,3450,3460,3550,3640,3740,3370,14622,22008,3000,10000,15003,1463,2000,20000,1386,11496,06:10:32,3470,3270,0,0,0,34000000000,1,2,1,1,2,1,1,2,1,2
0,0,0,0,0,0,0,0,1,صندوق سرمایه‌گذاری قابل معامله,68,,11285885633824855,IRT1DYAF0001,دریا,صندوق س دریای آبی فیروزه-سهام,44665000000000,44665,0,0,0,0,0,0,0,,0,44889,0,0,0,0,45373,0,0,0,0,44665,0,0,0,0,0,12,0,0,0,0,06:10:39,46004,43326,0,0,0,1000000000,0,0,0,0,0,1,0,0,0,0
0,0,0,0,0,0,0,0,1,استخراج زغال سنگ,10,1449,11326461864120062,IRO3KKTZ0001,کربن,کانی کربن طبس,27675000000000,11070,0,0,10800,10750,10740,10430,9650,7.6,0,11010,0,0,0,0,11160,11210,11250,11300,11380,11070,9016,1892,932,480,13600,499,80213,400,13000,20000,06:10:30,11400,10740,0,0,0,2500000000,1,1,2,1,6,1,1,1,1,1
0,0,0,0,0,0,0,0,1,سایر واسطه‌گری‌های مالی,58,824,11403770140000603,IRO1VLMT0001,ولملت,واسپاری ملت,30300000000000,20200,0,0,20200,19500,0,0,0,24.5,0,20200,0,0,0,0,0,0,0,0,0,20200,7932,10218,0,0,0,0,0,0,0,0,06:10:32,20800,19600,0,0,0,1500000000,2,1,0,0,0,0,0,0,0,0
0,0,0,0,0,0,0,0,1,محصولات شیمیایی,44,282,11427387039523955,IRO3GOFZ0001,شفام,تولیدی و صنعتی گوهرفام,13370000000000,2674,0,0,2674,0,0,0,0,9.5,0,2674,0,0,0,0,2679,2680,2736,2761,0,2674,23474,0,0,0,0,2869,4600,50420,205,0,06:10:29,2754,2594,0,0,0,5000000000,1,0,0,0,0,4,1,4,2,0
0,0,0,0,0,0,0,0,1,صندوق سرمایه‌گذاری قابل معامله,68,,11427939669935844,IRT3SATF0001,اطلس,صندوق س.توسعه اطلس مفید-س,308494000000000,154247,0,0,154429,154000,153940,152226,152168,,0,154429,0,0,0,0,0,0,0,0,0,154247,3686,80,84,7,5000,0,0,0,0,0,06:10:39,158874,149620,0,0,0,2000000000,6,1,1,1,1,0,0,0,0,0
0,0,0,0,0,0,0,0,1,مواد و محصولات دارویی,43,9289,11432067920374603,IRO1DSIN0001,دسینا,داروسازی‌ سینا,213624000000000,89010,0,0,89010,86420,86400,86340,84500,9.6,0,89010,0,0,0,0,90000,91000,91770,91970,93220,89010,60900,241,601,4000,1300,10000,10000,10000,38,500,06:10:23,91680,86340,0,0,0,2400000000,4,1,1,1,1,1,1,1,1,1
0,0,0,0,0,0,0,0,1,پیمانکاری صنعتی,45,20,11560002870991149,IRO7PGIP0001,وپسا,گ.س.پتروشیمی ساختمان خلیج فارس,6567500000000,2627,0,0,0,0,0,0,0,131.4,0,2627,0,0,0,0,2630,2634,2684,2708,0,2627,0,0,0,0,0,10000,40000,51483,1,0,06:10:33,2705,2549,0,0,0,2500000000,0,0,0,0,0,1,1,2,1,0
0,0,0,0,0,0,0,0,1,محصولات شیمیایی,44,327,11622051128546106,IRO1PAKS0001,شپاکسا,پاکسان,80017000000000,2485,0,0,2487,2483,2460,2412,2400,7.6,0,2487,0,0,0,0,2564,2618,2620,2631,2681,2485,37336,12037,12150,9000,20756,17721,1927,3000,9935,1882,06:10:32,2559,2411,0,0,0,32200000000,4,1,1,1,1,2,1,1,2,1
0,0,0,0,0,0,0,0,1,صندوق سرمایه‌گذاری قابل معامله,68,,11731629977819447,IRT1CHSH0001,چاشنی,صندوق س صنایع ویستا2-بخشی,20723000000000,20723,0,0,0,0,0,0,0,,0,20725,0,0,0,0,21032,0,0,0,0,20723,0,0,0,0,0,10,0,0,0,0,06:10:39,21344,20102,0,0,0,1000000000,0,0,0,0,0,1,0,0,0,0
0,0,0,0,0,0,0,0,1,سرمایه‌گذاری‌ها,56,188,11773403764702778,IRO1BIME0001,وبیمه,سرمایه‌ گذاری‌ صنعت‌ بیمه,44608000000000,2788,0,0,2788,2626,2496,2292,1933,14.8,0,2788,0,0,0,0,0,0,0,0,0,2788,200000,1986,2023,2600,2651,0,0,0,0,0,06:10:23,2871,2705,0,0,0,16000000000,1,1,1,1,1,0,0,0,0,0
0,0,0,0,0,0,0,0,1,سیمان، آهک و گچ,53,2424,11964419322927535,IRO1SROD0001,سرود,سیمان‌شاهرود,175297074509700,18260,0,0,18260,17820,17730,17490,17400,7.5,0,18260,0,0,0,0,0,0,0,0,0,18260,3000,368,9500,286,1500,0,0,0,0,0,06:10:32,18800,17720,0,0,0,9600058845,3,1,2,1,1,0,0,0,0,0
0,0,0,0,0,0,0,0,1,مواد و محصولات دارویی,43,777,11996454048142959,IRO1DTRA0001,داترا,آترا زیست آرای,39238350000000,6830,0,0,6850,6670,6480,6130,0,8.8,0,6850,0,0,0,0,6920,7030,7140,7250,0,6830,36549,21654,900,5000,0,2618,485,200000,15382,0,06:10:23,7030,6630,0,0,0,5745000000,6,2,1,1,0,4,1,2,11,0
0,0,0,0,0,0,0,0,4942780,محصولات شیمیایی,44,-1,12303918642491681,IRO7ZNJP0001,زنجان,صنایع کشاورزی وکود زنجان,17246250000000,1971,0,0,2005,1960,0,0,0,-1971,0,2005,0,0,0,0,0,0,0,0,0,1971,26000,30000,0,0,0,0,0,0,0,0,06:10:36,2030,1912,0,0,0,8750000000,1,1,0,0,0,0,0,0,0,0
0,0,0,0,0,0,0,0,1,ساخت محصولات فلزی,28,544,12329519546621752,IRO1CHDN0001,چدن,تولیدی چدن سازان,72400000000000,3620,0,0,3620,3440,3420,0,0,6.7,0,3620,0,0,0,0,0,0,0,0,0,3620,35284,1456,5000,0,0,0,0,0,0,0,06:10:23,3720,3520,0,0,0,20000000000,3,1,1,0,0,0,0,0,0,0
0,0,0,0,0,0,0,0,1,مواد و محصولات دارویی,43,6197,12387472624849835,IRO1DOSE0001,داسوه,داروسازی‌ اسوه,77212500000000,102950,0,0,102950,97050,0,0,0,16.6,0,102950,0,0,0,0,0,0,0,0,0,102950,856,52,0,0,0,0,0,0,0,0,06:10:23,106030,99870,0,0,0,750000000,1,1,0,0,0,0,0,0,0,0
0,0,0,0,0,0,0,0,1,صندوق سرمایه‌گذاری قابل معامله,68,,12390706505809150,IRTKKIAN0001,گوهر,صندوق س.کالای کیان,324389100000000,1081297,0,0,1085505,1080000,1072422,1071943,1070999,,0,1088251,0,0,0,0,1090000,1100000,1103799,1111111,1125000,1081297,5,300,93,577,9,120,999,5,5452,4670,06:10:40,1189426,973168,0,0,0,300000000,1,1,1,1,2,1,1,1,1,2
0,0,0,0,0,0,0,0,1,سرمایه‌گذاری‌ها,56,955,12490072956930435,IRO3ISMZ0001,مدیریت,س. و خدمات مدیریت صند. ب کشوری,17062500000000,4550,0,0,4550,4420,4290,4230,4100,4.8,0,4550,0,0,0,0,4580,4630,4640,4670,4680,4550,10622,52000,3000,5000,2000,2,37,20000,187,3564,06:10:30,4680,4420,0,0,0,3750000000,1,2,1,1,1,1,1,1,1,4
0,0,0,0,0,0,0,0,1,بیمه و صندوق بازنشستگی به جز تامین اجتماعی,66,0,12550164775167178,IRR7MLFZ0101,حیاتح,ح.بیمه زندگی مفید,25812000000000,7170,0,0,0,0,0,0,0,0,0,6990,0,0,0,0,6990,7200,7300,7400,7410,7170,0,0,0,0,0,4249,15000,112601,23750,36800,06:10:37,7380,6960,0,0,0,3600000000,0,0,0,0,0,3,1,1,2,4
0,0,0,0,0,0,0,0,1,صندوق سرمایه‌گذاری قابل معامله,68,,12590355983583239,IRTKNGRI0001,نقرین,صندوق س.کالای نوویرا1,31218000000000,10406,0,0,10400,10340,10290,10287,10280,,0,10448,0,0,0,0,10536,10598,10612,10615,10630,10406,3223,40471,7000,100000,18728,200,600,10000,3016,25000,06:10:40,11446,9366,0,0,0,3000000000,2,1,1,1,2,1,1,1,1,1
0,0,0,0,0,0,0,0,1,صندوق سرمایه‌گذاری قابل معامله,68,,12629673694762396,IRT1ORKF0001,ارکیده,صندوق سرمایه گذاری ارکیده-ثابت,139667880000000,19238,0,0,16604,0,0,0,0,,0,19239,0,0,0,0,19524,0,0,0,0,19238,200,0,0,0,0,500,0,0,0,0,06:10:39,19815,18661,0,0,0,7260000000,2,0,0,0,0,1,0,0,0,0
0,0,0,0,0,0,0,0,1,مواد و محصولات دارویی,43,2029,12638840758449459,IRO3PKSH0001,پخش,پخش البرز,132900000000000,13290,0,0,13250,13220,13200,12530,12360,6.6,0,13290,0,0,0,0,14120,14220,0,0,0,13290,14678,5000,5000,1000,8000,2047,80500,0,0,0,06:10:30,13680,12900,0,0,0,10000000000,1,1,1,1,1,3,3,0,0,0
0,0,0,0,0,0,0,0,1,صندوق سرمایه‌گذاری قابل معامله,68,,12656026382252667,IRT3VOLF0001,ولتاژ,صندوق س. بخشی صنایع گندم1-ب,7547200000000,18868,0,0,0,0,0,0,0,,0,18873,0,0,0,0,19205,19215,0,0,0,18868,0,0,0,0,0,20900,12,0,0,0,06:10:39,19434,18302,0,0,0,400000000,0,0,0,0,0,1,1,0,0,0
0,0,0,0,0,0,0,0,1,محصولات غذایی و آشامیدنی به جز قند و شکر,42,3739,12746730665870442,IRO3BHPZ0001,بهپاک,صنعتی بهپاک,93469960000000,17530,0,0,17530,17030,16820,16560,16050,4.7,0,17530,0,0,0,0,0,0,0,0,0,17530,21587,294,500,80303,3300,0,0,0,0,0,06:10:29,18050,17010,0,0,0,5332000000,4,1,1,2,1,0,0,0,0,0
0,0,0,0,0,0,0,0,1,بیمه و صندوق بازنشستگی به جز تامین اجتماعی,66,199,12777578088653944,IRO7HSIP0001,وحکمت,بیمه حکمت صبا,12390000000000,1475,0,0,1399,0,0,0,0,7.4,0,1485,0,0,0,0,1500,1510,1512,1585,1600,1475,35740,0,0,0,0,14897,35750,150000,200000,150000,06:10:33,1519,1431,0,0,0,8400000000,1,0,0,0,0,1,1,1,1,1
0,0,0,0,0,0,0,0,1,فلزات اساسی,27,2578,12874072841236826,IRO1FSAZ0001,فسازان,غلتک سازان سپاهان,91910000000000,13130,0,0,13130,13040,13020,12500,12370,5.1,0,13130,0,0,0,0,0,0,0,0,0,13130,5919,6905,10000,401,405,0,0,0,0,0,06:10:23,13520,12740,0,0,0,7000000000,3,1,1,1,1,0,0,0,0,0
0,0,0,0,0,0,0,0,1,صندوق سرمایه‌گذاری قابل معامله,68,,12913156843322499,IRTKNAHL0001,نهال,صندوق س.کالای نوویرا,53470200000000,76386,0,0,76500,75800,75600,75500,75400,,0,77587,0,0,0,0,78500,78550,78655,78700,78757,76386,20,500,138,20,600,10000,320,205,300,17275,06:10:40,84024,68748,0,0,0,700000000,1,1,1,1,1,1,1,1,1,1
0,0,0,0,0,0,0,0,1,صندوق سرمایه‌گذاری قابل معامله,68,,13117618204212939,IRTKDAFI0001,دفینه,صندوق س.کالای سینا,42237000000000,14079,0,0,14079,14000,13813,12740,12650,,0,14143,0,0,0,0,15203,15229,15321,15570,0,14079,33000,917,50000,2000,151,1000,10000,452,1500,0,06:10:40,15486,12672,0,0,0,3000000000,1,1,1,1,1,1,1,1,1,0
0,0,0,0,0,0,0,0,1,قند و شکر,38,924,13140135188919199,IRO3TSUP0001,قتربت,قند تربت حیدریه,29801051490000,10490,0,0,10340,0,0,0,0,11.4,0,10450,0,0,0,0,10960,11240,11580,0,0,10490,14469,0,0,0,0,36000,436789,1,0,0,06:10:33,10800,10180,0,0,0,2840901000,1,0,0,0,0,2,5,1,0,0
0,0,0,0,0,0,0,0,1,سیمان، آهک و گچ,53,30922,13227300125161435,IRO1SSOF0001,سصوفی,سیمان‌ صوفیان,194480000000000,176800,0,0,176800,166600,0,0,0,5.7,0,176800,0,0,0,0,0,0,0,0,0,176800,15603,30,0,0,0,0,0,0,0,0,06:10:32,182100,171500,0,0,0,1100000000,4,1,0,0,0,0,0,0,0,0
0,0,0,0,0,0,0,0,1,محصولات شیمیایی,44,9222,13235547361447092,IRO3PZGZ0001,زاگرس,پتروشیمی زاگرس,363120000000000,151300,0,0,151300,143900,142500,134800,133800,16.4,0,151300,0,0,0,0,152600,0,0,0,0,151300,1192,70,100,38,50,1033,0,0,0,0,06:10:30,155800,146800,0,0,0,2400000000,3,2,1,1,1,3,0,0,0,0
0,0,0,0,0,0,0,0,1,مواد و محصولات دارویی,43,1808,13243992182070788,IRO3RAPZ0001,درهآور,دارویی ره آورد تامین,46817645000000,17500,0,0,17200,0,0,0,0,9.7,0,17580,0,0,0,0,0,0,0,0,0,17500,2000,0,0,0,0,0,0,0,0,0,06:10:30,18020,16980,0,0,0,2675294000,1,0,0,0,0,0,0,0,0,0
0,0,0,0,0,0,0,0,1,حمل و نقل، انبارداری و ارتباطات,60,758,13281937213456378,IRO3RSKZ0001,حسیر,ریل سیر کوثر,40777399532520,7210,0,0,6810,6680,0,0,0,9.5,0,7230,0,0,0,0,7300,7360,0,0,0,7210,2300,4000,0,0,0,3795,1000,0,0,0,06:10:30,7420,7000,0,0,0,5655672612,2,1,0,0,0,1,1,0,0,0
0,0,0,0,0,0,0,0,1,خودرو و ساخت قطعات,34,3513,13386281759834677,IRO3NEYZ0001,رانیز,کارخانجات رینگ اسپرت نورنی ریز,136010000000000,19430,0,0,19160,19050,18700,18400,18370,5.5,0,19480,0,0,0,0,19580,19700,19730,19750,19800,19430,261,844,1500,2740,4500,1300,5187,102304,40082,50000,06:10:30,20010,18850,0,0,0,7000000000,1,1,1,1,1,1,2,3,19,1
0,0,0,0,0,0,0,0,1,بیمه و صندوق بازنشستگی به جز تامین اجتماعی,66,417,13611044044646901,IRO1BMEL0001,ملت,بیمه ملت,120482850623070,3930,0,0,3930,0,0,0,0,9.4,0,3930,0,0,0,0,0,0,0,0,0,3930,300000,0,0,0,0,0,0,0,0,0,06:10:23,4040,3820,0,0,0,30657213899,1,0,0,0,0,0,0,0,0,0
0,0,0,0,0,0,0,0,1,صندوق سرمایه‌گذاری قابل معامله,68,,13666407494621646,IRT3FDKF0001,فراز,صندوق س.سهام فراز داریک-س,10332800000000,51664,0,0,0,0,0,0,0,,0,52940,0,0,0,0,52940,0,0,0,0,51664,0,0,0,0,0,32175,0,0,0,0,06:10:38,53213,50115,0,0,0,200000000,0,0,0,0,0,1,0,0,0,0
0,0,0,0,0,0,0,0,1,محصولات غذایی و آشامیدنی به جز قند و شکر,42,748,13937270451301973,IRO1TSBE0001,وبشهر,توسعه‌ صنایع‌ بهشهر(هلدینگ,371400000000000,6190,0,0,6190,5970,5670,4960,0,8.3,0,6190,0,0,0,0,0,0,0,0,0,6190,22619,838,31000,5000,0,0,0,0,0,0,06:10:32,6370,6010,0,0,0,60000000000,2,1,2,1,0,0,0,0,0,0
0,0,0,0,0,0,0,0,1,فراورده‌های نفتی، کک و سوخت هسته‌ای,23,10165,14031158866706953,IRO1PRZZ0001,شراز,پالایش نفت شیراز,1144990000000000,104090,0,0,104090,0,0,0,0,10.2,0,104090,0,0,0,0,0,0,0,0,0,104090,2581,0,0,0,0,0,0,0,0,0,06:10:32,107210,100970,0,0,0,11000000000,7,0,0,0,0,0,0,0,0,0
0,0,0,0,0,0,0,0,1,صندوق سرمایه‌گذاری قابل معامله,68,,14035144070182412,IRTKRITO0001,ریتون,صندوق س. کالای پاسارگاد,172824000000000,21603,0,0,21580,21510,21330,21315,21000,,0,21789,0,0,0,0,22000,22080,22139,22160,22188,21603,69425,200,47,2000,40000,5000,5000,227,90,1000,06:10:40,23763,19443,0,0,0,8000000000,1,1,1,1,1,1,1,1,1,1
0,0,0,0,0,0,0,0,1,فراورده‌های نفتی، کک و سوخت هسته‌ای,23,2291,14073782708315535,IRO1NPRS0001,شنفت,نفت‌ پارس,525928000000000,15560,0,0,15560,15210,14660,14400,14330,6.8,0,15560,0,0,0,0,15750,15850,0,0,0,15560,34489,2400,20815,10000,2200,10000,4000,0,0,0,06:10:24,16020,15100,0,0,0,33800000000,10,2,2,1,1,1,1,0,0,0
0,0,0,0,0,0,0,0,1,اطلاعات و ارتباطات,73,1000,14079693677610396,IRO1ASTC0001,اسیاتک,انتقال داده های آسیاتک,49910000000000,4340,0,0,4350,4240,4230,4110,3950,4.3,0,4350,0,0,0,0,0,0,0,0,0,4340,1500,20000,1184,2519,10000,0,0,0,0,0,06:10:23,4470,4210,0,0,0,11500000000,1,1,1,2,1,0,0,0,0,0
0,0,0,0,0,0,0,0,1,صندوق سرمایه‌گذاری قابل معامله,68,,14230681955555738,IRT1ARAM0001,آرام,صندوق س شاخصی آرام مفید,90126000000000,45063,0,0,45069,44802,44135,44000,43780,,0,45069,0,0,0,0,0,0,0,0,0,45063,1500,3322,23,5000,23,0,0,0,0,0,06:10:39,46414,43712,0,0,0,2000000000,1,1,1,1,1,0,0,0,0,0
0,0,0,0,0,0,0,0,1,سیمان، آهک و گچ,53,963,14231831499205396,IRO1SSNR0001,سنیر,سیمان‌ سفید نی‌ریز,24104500000000,7100,0,0,6950,6910,6900,6890,6870,7.4,0,7110,0,0,0,0,7140,7320,7330,7500,7520,7100,1000,1000,20000,6530,20000,950,690,1378,690,3772,06:10:32,7310,6890,0,0,0,3395000000,1,1,1,2,1,1,1,2,1,2
0,0,0,0,0,0,0,0,1,سیمان، آهک و گچ,53,8478,14258394084745667,IRO3CMKP0001,سمتاز,سیمان ممتازان کرمان,121100000000000,60550,0,0,58750,0,0,0,0,7.1,0,60550,0,0,0,0,0,0,0,0,0,60550,1000,0,0,0,0,0,0,0,0,0,06:10:29,62360,58740,0,0,0,2000000000,1,0,0,0,0,0,0,0,0,0
0,0,0,0,0,0,0,0,1,محصولات غذایی و آشامیدنی به جز قند و شکر,42,2729,14312030900097668,IRO3PGPZ0001,غگلپا,شیر پاستوریزه پگاه گلپایگان,25735800000000,21810,0,0,21810,21160,0,0,0,8,0,21810,0,0,0,0,0,0,0,0,0,21810,293,10000,0,0,0,0,0,0,0,0,06:10:30,22460,21160,0,0,0,1180000000,1,1,0,0,0,0,0,0,0,0
0,0,0,0,0,0,0,0,1,قند و شکر,38,1018,14398278072324784,IRO1GHEG0001,قهکمت,قندهکمتان,78975000000000,10530,0,0,10000,9930,9400,0,0,10.3,0,10530,0,0,0,0,11230,0,0,0,0,10530,500,40000,2119,0,0,1000,0,0,0,0,06:10:23,10840,10220,0,0,0,7500000000,1,1,1,0,0,1,0,0,0,0
0,0,0,0,0,0,0,0,1,فلزات اساسی,27,949,14427168056799610,IRO1KZGZ0001,کیمیا,ص. معدنی کیمیای زنجان گستران,28750000000000,5750,0,0,5750,5600,5590,4680,3260,6.1,0,5750,0,0,0,0,0,0,0,0,0,5750,871,1000,30896,5000,2500,0,0,0,0,0,06:10:24,5920,5580,0,0,0,5000000000,1,1,2,1,1,0,0,0,0,0
0,0,0,0,0,0,0,0,1,سیمان، آهک و گچ,53,1179,14617104402836487,IRO1SEIL0001,سیلام,سیمان‌ ایلام,27024000000000,22520,0,0,21800,21700,21320,21230,20760,19.1,0,22530,0,0,0,0,23260,23280,23380,23970,0,22520,230,13888,837,1000,10000,3867,1694,1448,34422,0,06:10:32,23190,21850,0,0,0,1200000000,1,1,1,1,1,2,1,3,4,0
0,0,0,0,0,0,0,0,1,انبوه‌سازی، املاک و مستغلات,70,655,14744445176220774,IRO1BEKA0001,ثبهساز,بهساز کاشانه تهران,79556870224000,1976,0,0,1976,1960,1943,1920,1919,3,0,1976,0,0,0,0,0,0,0,0,0,1976,20000,2556,30000,20000,2611,0,0,0,0,0,06:10:23,2035,1917,0,0,0,40261574000,2,1,1,1,1,0,0,0,0,0
0,0,0,0,0,0,0,0,1,فلزات اساسی,27,393,14800142337291217,IRO3FAYZ0001,فولای,صنایع فولاد آلیاژی یزد,14592000000000,4560,0,0,4490,4470,4410,4380,0,11.6,0,4610,0,0,0,0,0,0,0,0,0,4560,300000,2000,12000,113144,0,0,0,0,0,0,06:10:29,4690,4430,0,0,0,3200000000,1,1,1,3,0,0,0,0,0,0
0,0,0,0,0,0,0,0,1,فعالیت‌های کمکی به نهادهای مالی واسط,67,663,14825677919842501,IRO3KYIZ0001,تکیمیا,تامین سرمایه کیمیا,57200000000000,2860,0,0,2382,0,0,0,0,4.3,0,2860,0,0,0,0,0,0,0,0,0,2860,2100,0,0,0,0,0,0,0,0,0,06:10:30,2945,2775,0,0,0,20000000000,1,0,0,0,0,0,0,0,0,0
0,0,0,0,0,0,0,0,1,صندوق سرمایه‌گذاری قابل معامله,68,,14886507586508567,IRT3VANF0001,آوان,صندوق س.آوان ژرف آگاه-س,66157000000000,66157,0,0,66233,65002,65001,64305,64304,,0,66233,0,0,0,0,0,0,0,0,0,66157,16,16,16,16,16,0,0,0,0,0,06:10:39,68141,64173,0,0,0,1000000000,1,1,1,1,1,0,0,0,0,0
0,0,0,0,0,0,0,0,1,زراعت و خدمات وابسته,1,183,14916489896692147,IRO3MAHZ0001,زملارد,کشاورزی و دامپروری ملارد شیر,27802624850000,1474,0,0,1426,1425,1422,1420,1410,8.1,0,1475,0,0,0,0,1556,1597,1603,1604,0,1474,10000,10000,10000,10000,10000,74707,53635,8516,67011,0,06:10:30,1518,1430,0,0,0,18862025000,1,1,1,1,1,5,6,6,9,0
0,0,0,0,0,0,0,0,1,خودرو و ساخت قطعات,34,1027,14957056743925737,IRO1LENT0001,خلنت,لنت‌ ترمزایران,21888000000000,5760,0,0,5760,5500,5440,5370,5240,5.6,0,5760,0,0,0,0,5930,5980,5990,6000,6050,5760,1000,100000,920,933,955,49900,109444,3371,44392,834,06:10:24,5930,5590,0,0,0,3800000000,1,1,1,1,1,1,1,2,2,1
0,0,0,0,0,0,0,0,1,سرمایه‌گذاری‌ها,56,404,15039949673085566,IRO1AYEG0001,پردیس,سرمایه گذاری پردیس,21020000000000,2102,0,0,2091,2082,2000,1989,1981,5.2,0,2103,0,0,0,0,2157,2158,2176,2177,0,2102,10000,10000,4340,2521,2596,2370,7338,2400,7500,0,06:10:23,2165,2039,0,0,0,10000000000,1,1,1,1,1,1,2,1,2,0
0,0,0,0,0,0,0,0,1,صندوق سرمایه‌گذاری قابل معامله,68,,15124889255100138,IRT3VC010001,رویش,ص.س.جسورانه رویش لوتوس,1367600000000,2735200,0,0,2660000,0,0,0,0,,0,2735200,0,0,0,0,0,0,0,0,0,2735200,2000,0,0,0,0,0,0,0,0,0,06:10:39,3008720,2461680,0,0,0,500000,1,0,0,0,0,0,0,0,0,0
0,0,0,0,0,0,0,0,1,قند و شکر,38,1403,15259343650667588,IRO1GGAZ0001,قزوین,کارخانجات‌ قند قزوین,46280000000000,11570,0,0,11570,0,0,0,0,8.2,0,11570,0,0,0,0,11740,11830,12800,0,0,11570,1064,0,0,0,0,11000,5000,3395,0,0,06:10:23,11910,11230,0,0,0,4000000000,1,0,0,0,0,1,1,2,0,0
0,0,0,0,0,0,0,0,1,صندوق سرمایه‌گذاری قابل معامله,68,,15437111449299444,IRT3NDRF0001,نفتوداریوش,صندوق س.بخشی داریوش4-ب,18053000000000,18053,0,0,18000,16900,16500,0,0,,0,18057,0,0,0,0,18103,0,0,0,0,18053,600,300,29026,0,0,300,0,0,0,0,06:10:39,18594,17512,0,0,0,1000000000,1,1,1,0,0,1,0,0,0,0
0,0,0,0,0,0,0,0,1,سیمان، آهک و گچ,53,11282,15472396110662150,IRO1SKER0001,سکرما,سیمان‌ کرمان,104610000000000,69740,0,0,69740,63780,63360,62000,61960,6.2,0,69740,0,0,0,0,70770,70910,72030,0,0,69740,1400,300,100,15000,100,100,1000,71,0,0,06:10:32,71830,67650,0,0,0,1500000000,2,1,1,1,1,1,1,1,0,0
0,0,0,0,0,0,0,0,1,صندوق سرمایه‌گذاری قابل معامله,68,,15494954332657697,IRT1HOMA0001,همای,صندوق س همای آگاه-ثابت,101420000000000,10142,0,0,10022,9180,9167,9146,9062,,0,10144,0,0,0,0,10160,10169,10170,10172,10177,10142,110,500,2320,120265,266,35000,20000,70000,2887,3000,06:10:39,10446,9838,0,0,0,10000000000,1,1,1,1,1,2,2,1,1,1
0,0,0,0,0,0,0,0,1,سیمان، آهک و گچ,53,3799,15521712617204216,IRO1SFKZ0001,سفارس,سیمان فارس و خوزستان,584400000000000,29220,0,0,28370,27520,0,0,0,7.7,0,29220,0,0,0,0,0,0,0,0,0,29220,177,10,0,0,0,0,0,0,0,0,06:10:32,30090,28350,0,0,0,20000000000,1,1,0,0,0,0,0,0,0,0
0,0,0,0,0,0,0,0,1,تولید محصولات کامپیوتری الکترونیکی و نوری,26,274,15917865009187760,IRO3IOMZ0001,مادیرا,صنایع مادیران,67836600000000,2899,0,0,2825,2824,2791,2737,2734,10.6,0,2901,0,0,0,0,2939,2959,2969,2977,2989,2899,53700,2469,100000,45000,100000,300000,300000,300000,600000,200000,06:10:29,2985,2813,0,0,0,23400000000,2,1,1,1,1,1,1,1,2,1
0,0,0,0,0,0,0,0,1,سیمان، آهک و گچ,53,243,15930821245168534,IRO7KACP0001,سکارون,سیمان کارون,29858973453750,5250,0,0,4970,0,0,0,0,21.6,0,5270,0,0,0,0,0,0,0,0,0,5250,12000,0,0,0,0,0,0,0,0,0,06:10:33,5400,5100,0,0,0,5687423515,1,0,0,0,0,0,0,0,0,0
0,0,0,0,0,0,0,0,1,سیمان، آهک و گچ,53,34336,15949743338644220,IRO1SURO0001,ساروم,سیمان‌ارومیه,209600000000000,209600,0,0,209600,204500,203500,203400,191700,6.1,0,209600,0,0,0,0,211400,211500,217900,224000,224600,209600,573,97,5268,1000,750,1150,100,357,1000,109,06:10:32,215800,203400,0,0,0,1000000000,5,1,6,1,1,1,1,3,1,2
0,0,0,0,0,0,0,0,1,صندوق سرمایه‌گذاری قابل معامله,68,,16040900750729921,IRT3KAAF0001,کامیاب,صندوق س. کامیاب آشنا-د,97043210000000,38357,0,0,0,0,0,0,0,,0,38358,0,0,0,0,38405,0,0,0,0,38357,0,0,0,0,0,317442,0,0,0,0,06:10:38,39507,37207,0,0,0,2530000000,0,0,0,0,0,1,0,0,0,0
0,0,0,0,0,0,0,0,1,صندوق سرمایه‌گذاری قابل معامله,68,,16240668736729756,IRTKYASS0001,یاس,صندوق س.کالای ترنج1,10495000000000,10495,0,0,10506,10500,10480,10450,10400,,0,10630,0,0,0,0,10734,10990,11000,0,0,10495,100,5200,100,5000,8400,500,115,222235,0,0,06:10:40,11544,9446,0,0,0,1000000000,1,3,1,1,2,1,1,5,0,0
0,0,0,0,0,0,0,0,1,صندوق سرمایه‌گذاری قابل معامله,68,,16275009840546748,IRT1ABNO0001,سبزآبنوس,صندوق س مسیرسبزآبنوس-سهام,2274400000000,11372,0,0,0,0,0,0,0,,0,11370,0,0,0,0,11730,0,0,0,0,11372,0,0,0,0,0,10000,0,0,0,0,06:10:39,11713,11031,0,0,0,200000000,0,0,0,0,0,1,0,0,0,0
0,0,0,0,0,0,0,0,1,حمل و نقل، انبارداری و ارتباطات,60,623,16369313804633525,IRO1HJPT0001,حپترو,حمل و نقل پتروشیمی( سهامی عام,25429620000000,18190,0,0,0,0,0,0,0,29.2,0,18370,0,0,0,0,18950,0,0,0,0,18190,0,0,0,0,0,530,0,0,0,0,06:10:24,18730,17650,0,0,0,1398000000,0,0,0,0,0,1,0,0,0,0
0,0,0,0,0,0,0,0,1,سایر محصولات کانی غیرفلزی,54,4037,16405556680571453,IRO1KCHI0001,کخاک,صنایع‌خاک‌چینی‌ایران,185255000000000,52930,0,0,52930,52170,51350,49850,48410,13.1,0,52930,0,0,0,0,0,0,0,0,0,52930,2177,15000,1000,101,30000,0,0,0,0,0,06:10:24,54510,51350,0,0,0,3500000000,3,1,1,1,1,0,0,0,0,0
0,0,0,0,0,0,0,0,1,محصولات غذایی و آشامیدنی به جز قند و شکر,42,1963,16410724132711490,IRO3GFRZ0001,غفارس,شیر پاستوریزه پگاه فارس,42231953654940,24780,0,0,18960,0,0,0,0,12.6,0,24780,0,0,0,0,0,0,0,0,0,24780,265,0,0,0,0,0,0,0,0,0,06:10:29,25520,24040,0,0,0,1704275773,1,0,0,0,0,0,0,0,0,0
0,0,0,0,0,0,0,0,1,محصولات کاغذی,21,315,16422980660132735,IRO3LPCZ0001,لطیف,محصولات کاغذی لطیف,22997024890000,3710,0,0,3650,3550,0,0,0,11.8,0,3720,0,0,0,0,3800,3820,3900,3910,4020,3710,1373,1411,0,0,0,309,30,1356,1174,310,06:10:30,3820,3600,0,0,0,6198659000,1,1,0,0,0,1,1,1,4,2
0,0,0,0,0,0,0,0,1,تجارت عمده‌فروشی به جز وسایل نقلیه موتوری,46,-53,16553062355259729,IRO7MILP0001,بمیلا,توسعه سرمایه گذاری میلاد پارس,7831500000000,6900,0,0,6900,5950,0,0,0,-130.2,0,6900,0,0,0,0,0,0,0,0,0,6900,64400,50000,0,0,0,0,0,0,0,0,06:10:33,7100,6700,0,0,0,1135000000,3,1,0,0,0,0,0,0,0,0
0,0,0,0,0,0,0,0,1,مواد و محصولات دارویی,43,-930,16567465928886309,IRO3PSRZ0001,درازی,پخش رازی,41370000000000,41370,0,0,41370,40180,33970,0,0,-44.5,0,41370,0,0,0,0,0,0,0,0,0,41370,10000,500,62000,0,0,0,0,0,0,0,06:10:30,42610,40130,0,0,0,1000000000,1,1,1,0,0,0,0,0,0,0
0,0,0,0,0,0,0,0,1,صندوق سرمایه‌گذاری قابل معامله,68,,16582961426722208,IRT3SUDF0001,آسود,ص.س.درآمد ثابت آرمان اقتصاد-د,3261600000000,16308,0,0,0,0,0,0,0,,0,16307,0,0,0,0,16647,0,0,0,0,16308,0,0,0,0,0,84,0,0,0,0,06:10:39,16797,15819,0,0,0,200000000,0,0,0,0,0,1,0,0,0,0
0,0,0,0,0,0,0,0,1,محصولات شیمیایی,44,126,16673205196919832,IRO7FAPP0001,شفارا,پتروشیمی فارابی,23855916564000,1654,0,0,1654,1607,1570,0,0,13.1,0,1654,0,0,0,0,0,0,0,0,0,1654,35000,1000000,64000,0,0,0,0,0,0,0,06:10:33,1703,1605,0,0,0,14423166000,1,1,1,0,0,0,0,0,0,0
0,0,0,0,0,0,0,0,1,انبوه‌سازی، املاک و مستغلات,70,230,16693610252404739,IRO3SLVZ0001,ثالوند,سرمایه گذاری مسکن الوند,26144000000000,8170,0,0,7270,7030,6830,6460,5730,35.5,0,8170,0,0,0,0,0,0,0,0,0,8170,261420,2000,2000,5000,1000,0,0,0,0,0,06:10:33,8410,7930,0,0,0,3200000000,1,1,1,1,1,0,0,0,0,0
0,0,0,0,0,0,0,0,1088251,محصولات شیمیایی,44,-226,16777570760181431,IRO7PKZP0001,کازرو,پتروشیمی کازرون,12878100000000,10470,0,0,7590,0,0,0,0,-46.3,0,10770,0,0,0,0,0,0,0,0,0,10470,1000,0,0,0,0,0,0,0,0,0,06:10:33,10780,10160,0,0,0,1230000000,1,0,0,0,0,0,0,0,0,0
0,0,0,0,0,0,0,0,1,صندوق سرمایه‌گذاری قابل معامله,68,,16817885126368964,IRTKZARG0001,زرگر,صندوق س.کالای کارآمد,104094000000000,23132,0,0,23089,23080,23070,23060,23050,,0,23193,0,0,0,0,23580,23599,23650,23868,23900,23132,50,50,50,50,50,5000,1000,100,110,1500,06:10:40,25445,20819,0,0,0,4500000000,1,1,1,1,1,1,1,1,1,1
0,0,0,0,0,0,0,0,1,محصولات شیمیایی,44,4322,16959429956899455,IRO1AMLH0001,شاملا,معدنی‌ املاح‌  ایران,202600000000000,40520,0,0,39600,37950,0,0,0,9.4,0,40690,0,0,0,0,41460,41480,0,0,0,40520,2700,5000,0,0,0,1000,2100,0,0,0,06:10:23,41730,39310,0,0,0,5000000000,1,1,0,0,0,1,3,0,0,0
0,0,0,0,0,0,0,0,1,سیمان، آهک و گچ,53,2710,17038760170440118,IRO3MRCZ0001,سمهریز,صنعتی معدنی سیمان تجارت مهریز,67050000000000,26820,0,0,26820,26040,25290,25260,24560,9.9,0,26820,0,0,0,0,0,0,0,0,0,26820,171846,122622,7791,198,22391,0,0,0,0,0,06:10:30,27620,26020,0,0,0,2500000000,55,22,5,1,2,0,0,0,0,0
0,0,0,0,0,0,0,0,1,صندوق سرمایه‌گذاری قابل معامله,68,,17226661368470120,IRT1SEPR0001,سپر,صندوق س سپر سرمایه بیدار- ثابت,649432000000000,46388,0,0,21701,19261,0,0,0,,0,46374,0,0,0,0,47520,47656,47735,0,0,46388,47,238,0,0,0,318,105,1111,0,0,06:10:39,47779,44997,0,0,0,14000000000,1,1,0,0,0,3,1,1,0,0
0,0,0,0,0,0,0,0,2446007,بیمه و صندوق بازنشستگی به جز تامین اجتماعی,66,1471,17232252152159494,IRO7AVPP0001,آواپارس,بیمه اتکایی آوای پارس,17950000000000,3590,0,0,3680,3590,0,0,0,2.4,0,3680,0,0,0,0,0,0,0,0,0,3590,27590,16000,0,0,0,0,0,0,0,0,06:10:33,3690,3490,0,0,0,5000000000,2,1,0,0,0,0,0,0,0,0
0,0,0,0,0,0,0,0,1,صندوق سرمایه‌گذاری قابل معامله,68,,17244733069907210,IRTKROZG0001,رزگلد,صندوق س. کالای آرمان آتی,42474000000000,21237,0,0,21200,21190,21170,21150,21130,,0,21299,0,0,0,0,21700,21800,21880,21900,22500,21237,98,50,50,50,60,1000,1000,600,2000,800,06:10:40,23360,19114,0,0,0,2000000000,2,1,1,1,1,1,1,1,1,1
0,0,0,0,0,0,0,0,1,صندوق سرمایه‌گذاری قابل معامله,68,,17248898258246807,IRTKDORN0001,درنا,صندوق س.پشتوانه طلای درنا,25703000000000,25703,0,0,25300,24506,24288,23610,23290,,0,25870,0,0,0,0,27500,27999,28457,28500,0,25703,40,200,220,418,500,750,60,2660,600,0,06:10:40,28273,23133,0,0,0,1000000000,1,1,1,1,1,1,1,2,1,0
0,0,0,0,0,0,0,0,1,سرمایه‌گذاری‌ها,56,-5,17269972595370241,IRO7ATSP0001,وآتوس,گروه سرمایه گذاری توسکا,5076000000000,1410,0,0,0,0,0,0,0,-282,0,1411,0,0,0,0,1468,1497,0,0,0,1410,0,0,0,0,0,110000,400000,0,0,0,06:10:33,1452,1368,0,0,0,3600000000,0,0,0,0,0,2,1,0,0,0
0,0,0,0,0,0,0,0,18684264,سرمایه‌گذاری‌ها,56,1728,17284166795866794,IRO7VHYP0001,واحیا,م .صنایع و معادن احیاء سپاهان,274560000000000,17160,0,0,17350,0,0,0,0,9.9,0,17580,0,0,0,0,0,0,0,0,0,17160,100000,0,0,0,0,0,0,0,0,0,06:10:36,17670,16650,0,0,0,16000000000,1,0,0,0,0,0,0,0,0,0
0,0,0,0,0,0,0,0,1,خودرو و ساخت قطعات,34,105,17330546482145553,IRO1MHKM0001,خمهر,مهرکام‌پارس,22136580010440,3340,0,0,3170,3100,2940,0,0,31.8,0,3350,0,0,0,0,3360,0,0,0,0,3340,1896,20000,16500,0,0,1490,0,0,0,0,06:10:24,3440,3240,0,0,0,6627718566,1,2,1,0,0,1,0,0,0,0
0,0,0,0,0,0,0,0,1,سرمایه‌گذاری‌ها,56,749,17528249960294496,IRO1TMEL0001,وتوسم,سرمایه‌گذاری‌توسعه‌ملی,112135000000000,5470,0,0,5480,5350,5300,5250,5240,7.3,0,5480,0,0,0,0,0,0,0,0,0,5470,19618,142874,2003,2000,3009,0,0,0,0,0,06:10:32,5630,5310,0,0,0,20500000000,1,1,1,1,1,0,0,0,0,0
0,0,0,0,0,0,0,0,1,انبوه‌سازی، املاک و مستغلات,70,1024,17617474823279712,IRO3ASPZ0001,آ س پ,آ.س.پ,28290000000000,28290,0,0,28050,26390,25600,17200,0,27.6,0,28160,0,0,0,0,28400,0,0,0,0,28290,816,190,696,300,0,178,0,0,0,0,06:10:29,29130,27450,0,0,0,1000000000,1,1,2,1,0,1,0,0,0,0
0,0,0,0,0,0,0,0,1,انبوه‌سازی، املاک و مستغلات,70,199,17800036702302776,IRO1BSTE0001,ثاخت,بین‌المللی‌توسعه‌ساختمان,62472160608000,759,0,0,759,736,715,0,0,3.8,0,759,0,0,0,0,766,768,770,782,799,759,169989,15000,100000,0,0,6007803,3000000,3000000,548041,3264000,06:10:23,781,737,0,0,0,82308512000,3,1,2,0,0,3,1,1,3,2
0,0,0,0,0,0,0,0,1,خودرو و ساخت قطعات,34,485,17834623106317041,IRO1MNSR0001,خنصیر,مهندسی‌نصیرماشین,11778000000000,4530,0,0,4270,0,0,0,0,9.3,0,4530,0,0,0,0,4570,0,0,0,0,4530,7500,0,0,0,0,31095,0,0,0,0,06:10:24,4660,4400,0,0,0,2600000000,2,0,0,0,0,2,0,0,0,0
0,0,0,0,0,0,0,0,1,صندوق سرمایه‌گذاری قابل معامله,68,,17914401175772326,IRT1AHRM0001,اهرم,صندوق س سهامی کاریزما- اهرمی,329334500000000,59879,0,0,59957,58340,57818,57655,57500,,0,59957,0,0,0,0,60000,60077,60095,60130,60316,59879,25351,500,500,100000,300,500,100,1450,2600,500,06:10:39,62274,57484,0,0,0,5500000000,9,1,1,1,2,1,1,4,2,1
0,0,0,0,0,0,0,0,1,انبوه‌سازی، املاک و مستغلات,70,415,17939384202383793,IRO3CGRZ0001,ثغرب,شرکت سرمایه گذاری مسکن شمالغرب,34992000000000,14580,0,0,14160,13360,0,0,0,35.1,0,14580,0,0,0,0,0,0,0,0,0,14580,1127,500,0,0,0,0,0,0,0,0,06:10:29,15010,14150,0,0,0,2400000000,1,1,0,0,0,0,0,0,0,0
0,0,0,0,0,0,0,0,1,فلزات اساسی,27,-11,18004480270695404,IRO1ALMR0001,فمراد,آلومراد,8103318833610,3670,0,0,3670,0,0,0,0,-333.6,0,3670,0,0,0,0,0,0,0,0,0,3670,27907,0,0,0,0,0,0,0,0,0,06:10:23,3780,3560,0,0,0,2207988783,1,0,0,0,0,0,0,0,0,0
0,0,0,0,0,0,0,0,1,صندوق سرمایه‌گذاری قابل معامله,68,,18007109712724189,IRT3AVAF0001,آوا,صندوق س.سهام آوای معیار-س,17904500000000,35809,0,0,0,0,0,0,0,,0,36031,0,0,0,0,36200,0,0,0,0,35809,0,0,0,0,0,1000,0,0,0,0,06:10:38,36883,34735,0,0,0,500000000,0,0,0,0,0,1,0,0,0,0
0,0,0,0,0,0,0,0,1,استخراج کانه‌های فلزی,13,288,18027801615184692,IRO1CHML0001,کچاد,معدنی‌وصنعتی‌چادرملو,1644205500000000,2877,0,0,2877,2794,2791,2745,2720,10,0,2877,0,0,0,0,0,0,0,0,0,2877,516156,1793,10000,181500,5000,0,0,0,0,0,06:10:23,2963,2791,0,0,0,571500000000,6,1,1,1,2,0,0,0,0,0
0,0,0,0,0,0,0,0,1,سرمایه‌گذاری‌ها,56,710,18063426072758458,IRO1SBAH0001,وبهمن,سرمایه‌گذاری‌بهمن,108500000000000,2170,0,0,2170,2028,2003,1810,0,3.1,0,2170,0,0,0,0,2196,2200,2218,0,0,2170,13000,118000,2555,300000,0,10000,100000,2300,0,0,06:10:32,2235,2105,0,0,0,50000000000,1,2,1,6,0,1,1,1,0,0
0,0,0,0,0,0,0,0,1,مواد و محصولات دارویی,43,475,18093681647131179,IRO3DTDZ0001,دتولید,داروسازی تولید دارو,21660000000000,7220,0,0,7220,6770,5010,4340,3770,15.2,0,7220,0,0,0,0,0,0,0,0,0,7220,33700,11000,5000,10000,5000,0,0,0,0,0,06:10:29,7430,7010,0,0,0,3000000000,4,2,1,1,1,0,0,0,0,0
0,0,0,0,0,0,0,0,1,صندوق سرمایه‌گذاری قابل معامله,68,,18156575395080321,IRTKSILV0001,سیلور,صندوق س.بازده نقره نوا,65615000000000,13123,0,0,13158,13002,13000,12960,12936,,0,13177,0,0,0,0,13220,13222,13243,13245,13300,13123,80,100000,8856,3853,5000,15000,1735,5000,50200,2591,06:10:40,14435,11811,0,0,0,5000000000,1,1,2,1,1,1,1,1,1,1
0,0,0,0,0,0,0,0,1,مواد و محصولات دارویی,43,3353,18303237082155264,IRO1FTIR0001,دفرا,فرآورده‌های‌ تزریقی‌ ایران,366590000000000,52370,0,0,51960,51800,51250,50800,50390,15.6,0,51980,0,0,0,0,53490,0,0,0,0,52370,1000,900,1000,2000,4000,891,0,0,0,0,06:10:23,53940,50800,0,0,0,7000000000,1,1,1,1,2,1,0,0,0,0
0,0,0,0,0,0,0,0,1,محصولات کاغذی,21,2147,18320128145045368,IRO1CHAP0001,چاپ,ص.چاپ وبسته بندی آسان قزوین,113624000000000,20290,0,0,20290,19730,19110,18600,18530,9.5,0,20290,0,0,0,0,24180,0,0,0,0,20290,1895,270,262,321,2500,10325,0,0,0,0,06:10:23,20890,19690,0,0,0,5600000000,3,1,1,1,1,2,0,0,0,0
0,0,0,0,0,0,0,0,1,صندوق سرمایه‌گذاری قابل معامله,68,,18377845653697190,IRT3QTMF0001,کوانتوم,صندوق س. کوانتوم بهاوند-س,4319600000000,21598,0,0,20370,0,0,0,0,,0,21630,0,0,0,0,0,0,0,0,0,21598,500,0,0,0,0,0,0,0,0,0,06:10:39,22245,20951,0,0,0,200000000,1,0,0,0,0,0,0,0,0,0
0,0,0,0,0,0,0,0,1,محصولات غذایی و آشامیدنی به جز قند و شکر,42,275,18401147983387689,IRO1MINO0001,غپینو,پارس‌ مینو,207834189565203,1887,0,0,1887,1845,1800,1779,1739,6.9,0,1887,0,0,0,0,1889,1900,1920,1946,1948,1887,42904,5000,290467,19500,3437,114090,5000,3000,2700,3000,06:10:24,1943,1831,0,0,0,110140005069,2,1,2,3,1,2,1,1,1,1
0,0,0,0,0,0,0,0,1,انبوه‌سازی، املاک و مستغلات,70,547,18568733593280948,IRO1TOOM0001,ثامید,توسعه و عمران امید,96997225000000,1831,0,0,1703,0,0,0,0,3.3,0,1832,0,0,0,0,1850,1859,1860,0,0,1831,21000,0,0,0,0,61703,2760,128930,0,0,06:10:32,1885,1777,0,0,0,52975000000,1,0,0,0,0,3,1,5,0,0
0,0,0,0,0,0,0,0,1,فعالیت‌های کمکی به نهادهای مالی واسط,67,755,18599703143458101,IRO1OMID0001,امید,تامین سرمایه امید,131116830000000,3770,0,0,3670,3660,0,0,0,5,0,3800,0,0,0,0,3820,3850,3860,3910,0,3770,1500,10000,0,0,0,110000,300000,300000,212190,0,06:10:24,3880,3660,0,0,0,34779000000,1,1,0,0,0,1,1,1,2,0
0,0,0,0,0,0,0,0,1,فلزات اساسی,27,16822,18661507395759423,IRO1ALMN0001,آلومینا,آلومینای ایران,455947339980000,228000,0,0,228200,224100,222500,221700,221000,13.6,0,228200,0,0,0,0,230100,233000,0,0,0,228000,100,332,44,70,23,349,289,0,0,0,06:10:23,234800,221200,0,0,0,1999769035,1,1,1,1,1,3,3,0,0,0
0,0,0,0,0,0,0,0,1,صندوق سرمایه‌گذاری قابل معامله,68,,18757639286384873,IRT3PTBF0001,پتروآبان,صندوق س. بخشی پتروآبان-ب,26092000000000,26092,0,0,11677,0,0,0,0,,0,26092,0,0,0,0,0,0,0,0,0,26092,500,0,0,0,0,0,0,0,0,0,06:10:39,26874,25310,0,0,0,1000000000,1,0,0,0,0,0,0,0,0,0
0,0,0,0,0,0,0,0,1,انبوه‌سازی، املاک و مستغلات,70,595,18883380772506226,IRO3ZNDZ0001,ثرود,سرمایه‌گذاری مسکن زاینده رود,11060000000000,5530,0,0,0,0,0,0,0,9.3,0,5530,0,0,0,0,5690,0,0,0,0,5530,0,0,0,0,0,888,0,0,0,0,06:10:33,5690,5370,0,0,0,2000000000,0,0,0,0,0,1,0,0,0,0
0,0,0,0,0,0,0,0,1,محصولات شیمیایی,44,3744,19040514831923530,IRO1NORI0001,نوری,پتروشیمی نوری,3633600000000000,37850,0,0,37850,37840,37800,36880,36790,10.1,0,37850,0,0,0,0,62920,0,0,0,0,37850,52725,30000,269,850,407,17194,0,0,0,0,06:10:24,38980,36720,0,0,0,96000000000,7,1,1,1,1,4,0,0,0,0
0,0,0,0,0,0,0,0,1,عرضه برق، گاز، بخار و آب گرم,40,3838,19074684560939209,IRO3MPGZ0001,ومپنا,مدیریت نیروگاهی ایرانیان مپنا,844200000000000,42210,0,0,41500,40080,39930,37760,34920,11,0,42390,0,0,0,0,42460,42500,42870,43170,0,42210,200,166,1615,137,297,30000,300,660,4020,0,06:10:30,43470,40950,0,0,0,20000000000,1,1,2,1,2,1,1,3,7,0
0,0,0,0,0,0,0,0,5770052,بیمه و صندوق بازنشستگی به جز تامین اجتماعی,66,327,19135771253028747,IRO7MLFZ0001,حیات,بیمه زندگی مفید,44940000000000,7490,0,0,7620,7580,7080,0,0,22.9,0,7620,0,0,0,0,0,0,0,0,0,7490,190934,95104,10000,0,0,0,0,0,0,0,06:10:33,7710,7270,0,0,0,6000000000,6,1,1,0,0,0,0,0,0,0
0,0,0,0,0,0,0,0,1,عرضه برق، گاز، بخار و آب گرم,40,2261,19239905145688600,IRO3MNJZ0001,منجیل,تولید نیروی برق سبز منجیل,70050000000000,23350,0,0,23350,22680,22670,22010,21990,10.3,0,23350,0,0,0,0,0,0,0,0,0,23350,545840,1000,127639,29192,1189,0,0,0,0,0,06:10:30,24050,22650,0,0,0,3000000000,102,1,36,14,3,0,0,0,0,0
0,0,0,0,0,0,0,0,1,خودرو و ساخت قطعات,34,47,19257295292088310,IRO1INDM0001,خکمک,کمک‌فنرایندامین,11272550734400,2768,0,0,2539,2533,2483,2450,2196,58.9,0,2768,0,0,0,0,0,0,0,0,0,2768,5000,5000,18488,55100,4853,0,0,0,0,0,06:10:24,2851,2685,0,0,0,4072453300,1,1,1,1,1,0,0,0,0,0
0,0,0,0,0,0,0,0,1,صندوق سرمایه‌گذاری قابل معامله,68,,19262304347711355,IRT3CEMF0001,سیمان,صندوق س.بخشی کیان3-ب,10734000000000,10734,0,0,10739,10350,10311,10274,9870,,0,10739,0,0,0,0,30000,99999,0,0,0,10734,41482,700,100,250000,1000,10000,62000,0,0,0,06:10:38,11056,10412,0,0,0,1000000000,2,1,1,1,1,1,1,0,0,0
0,0,0,0,0,0,0,0,1,ماشین‌آلات و تجهیزات,29,754,19298748452450329,IRO1TRIR0001,تایرا,تراکتورسازی‌ایران,167567400000000,3003,0,0,2830,2803,0,0,0,4,0,3004,0,0,0,0,0,0,0,0,0,3003,5288,50000,0,0,0,0,0,0,0,0,06:10:32,3093,2913,0,0,0,55800000000,1,1,0,0,0,0,0,0,0,0
0,0,0,0,0,0,0,0,1,سرمایه‌گذاری‌ها,56,427,19348717261145458,IRO3HAIZ0001,وهامون,سرمایه گذاری هامون صبا,24465000000000,1631,0,0,1542,1541,1515,1514,1459,3.8,0,1632,0,0,0,0,1647,1656,1657,1667,1670,1631,3300,12820,3320,6000,5000,100000,11100,200000,4000,200000,06:10:29,1679,1583,0,0,0,15000000000,1,2,1,1,1,1,3,1,1,1
0,0,0,0,0,0,0,0,1,سایر محصولات کانی غیرفلزی,54,722,19471788163911687,IRO1NSPS0001,کفپارس,فرآورده‌های‌ نسوز پارس,14125000000000,5650,0,0,5660,5500,5060,5050,4850,7.8,0,5660,0,0,0,0,5670,0,0,0,0,5650,14000,54416,1000,5000,2000,1900,0,0,0,0,06:10:24,5810,5490,0,0,0,2500000000,4,1,1,1,1,2,0,0,0,0
0,0,0,0,0,0,0,0,1,خودرو و ساخت قطعات,34,498,19492025284339283,IRO5GLPA0001,خگلپا,فنرسازی زر گلپایگان,7272000000000,4040,0,0,4040,3930,3900,3830,3820,8.1,0,4040,0,0,0,0,0,0,0,0,0,4040,1674520,406787,10000,10000,328565,0,0,0,0,0,06:10:33,4160,3920,0,0,0,1800000000,94,29,1,1,32,0,0,0,0,0
0,0,0,0,0,0,0,0,1,مواد و محصولات دارویی,43,4344,20024911381434086,IRO1KIMI0001,دکیمی,کیمیدارو,36639360000000,63610,0,0,0,0,0,0,0,14.6,0,63610,0,0,0,0,65400,65680,65690,0,0,63610,0,0,0,0,0,1000,1000,81,0,0,06:10:24,65510,61710,0,0,0,576000000,0,0,0,0,0,1,1,1,0,0
0,0,0,0,0,0,0,0,1,فلزات اساسی,27,643,20092044608974663,IRO3FLBZ0001,احیا,احیا استیل فولاد بافت,316284150000000,4930,0,0,4930,4860,4850,4790,4660,7.7,0,4930,0,0,0,0,0,0,0,0,0,4930,164037,10000,24728,14100,30732,0,0,0,0,0,06:10:29,5070,4790,0,0,0,64155000000,11,1,2,3,4,0,0,0,0,0
0,0,0,0,0,0,0,0,1,صندوق سرمایه‌گذاری قابل معامله,68,,20244389840999638,IRTKROSE0001,رز ترنج,صندوق س.کالای ترنج,169674000000000,28279,0,0,28200,28000,27800,27700,27270,,0,28400,0,0,0,0,28599,28764,28783,28817,29000,28279,1262,195,85,37,1000,10,7124,5,10,12015,06:10:40,31106,25452,0,0,0,6000000000,2,1,2,1,1,1,1,1,2,3
0,0,0,0,0,0,0,0,1,محصولات غذایی و آشامیدنی به جز قند و شکر,42,1559,20292922178776915,IRO3SFHZ0001,شیفته,کشت و صنعت شیفته آرای شرق,32976000000000,13740,0,0,13740,13340,13330,13100,13000,8.8,0,13740,0,0,0,0,13780,13790,13850,13860,13890,13740,144112,108450,2000,500,1000,154,154,154,1881,3054,06:10:30,14150,13330,0,0,0,2400000000,6,5,1,1,1,1,1,1,11,19
0,0,0,0,0,0,0,0,1,استخراج کانه‌های فلزی,13,738,20411759370751096,IRO1KNRZ0001,کنور,توسعه معدنی و صنعتی صبانور,429660000000000,6200,0,0,6020,5450,5360,4510,4350,8.4,0,6200,0,0,0,0,0,0,0,0,0,6200,900,1500,937,2000,3000,0,0,0,0,0,06:10:24,6380,6020,0,0,0,69300000000,1,1,1,1,1,0,0,0,0,0
0,0,0,0,0,0,0,0,1,سرمایه‌گذاری‌ها,56,564,20453559648564964,IRO3MHRI0001,مهر,سرمایه گذاری مهر,19680000000000,3280,0,0,3280,3250,3190,3100,2960,5.8,0,3280,0,0,0,0,0,0,0,0,0,3280,223600,275,300000,1613,1690,0,0,0,0,0,06:10:30,3370,3190,0,0,0,6000000000,3,1,1,1,1,0,0,0,0,0
0,0,0,0,0,0,0,0,1,ماشین‌آلات و دستگاه‌های برقی,31,830,20453828618330936,IRO1NIRO0001,بنیرو,نیروترانس,91154000000000,3830,0,0,3800,3740,3730,3660,3620,4.6,0,3840,0,0,0,0,4050,4180,0,0,0,3830,2630,13000,1526,55000,10000,129238,6207,0,0,0,06:10:24,3940,3720,0,0,0,23800000000,1,1,1,1,1,4,2,0,0,0
0,0,0,0,0,0,0,0,1,محصولات غذایی و آشامیدنی به جز قند و شکر,42,1466,20487994977117557,IRO1SHAD0001,غشهد,شهد ایران,15694000000000,8260,0,0,8100,7870,7780,7590,0,5.6,0,8260,0,0,0,0,0,0,0,0,0,8260,1000,1000,1000,1000,0,0,0,0,0,0,06:10:32,8500,8020,0,0,0,1900000000,1,1,1,1,0,0,0,0,0,0
0,0,0,0,0,0,0,0,1,محصولات شیمیایی,44,1879,20562694899904339,IRO1PRDZ0001,شپدیس,پتروشیمی پردیس,2950024110360000,12630,0,0,12630,12620,12430,12320,12270,6.7,0,12630,0,0,0,0,0,0,0,0,0,12630,2708,37000,6403,8087,100000,0,0,0,0,0,06:10:32,13000,12260,0,0,0,233572772000,2,1,2,1,1,0,0,0,0,0
0,0,0,0,0,0,0,0,1,صندوق سرمایه‌گذاری قابل معامله,68,,20611778787745873,IRTKGHLK0001,قلک گلد,صندوق س. کالای قلک,12932000000000,12932,0,0,12998,12951,12800,12780,12699,,0,13082,0,0,0,0,14042,14177,14424,14742,0,12932,80,3933,90,7893,80,100,2419,3471,340,0,06:10:40,14225,11639,0,0,0,1000000000,1,1,1,1,1,1,1,1,1,0
0,0,0,0,0,0,0,0,1,تولید محصولات کامپیوتری الکترونیکی و نوری,26,678,20652241232631918,IRO3NIAZ0001,نیان,نیان الکترونیک,43360212060000,3630,0,0,3360,3270,2690,0,0,5.4,0,3630,0,0,0,0,3700,3720,3730,3840,3880,3630,3500,10000,2000,0,0,10000,110,2077,23742,122,06:10:30,3730,3530,0,0,0,11944962000,2,2,1,0,0,1,1,2,8,1
0,0,0,0,0,0,0,0,1,صندوق سرمایه‌گذاری قابل معامله,68,,20789606562681728,IRT1MAZE0001,مزه,صندوق س صنایع دایا3-بخشی,30082000000000,30082,0,0,29235,28282,27999,24511,21071,,0,30095,0,0,0,0,0,0,0,0,0,30082,100000,200,200,250,473,0,0,0,0,0,06:10:39,30984,29180,0,0,0,1000000000,1,1,1,1,1,0,0,0,0,0
0,0,0,0,0,0,0,0,1,ساخت محصولات فلزی,28,423,20865316761157979,IRO1MARK0001,فاراک,ماشین‌ سازی‌ اراک,81291559426000,3031,0,0,3031,3030,2950,2944,2886,7.2,0,3031,0,0,0,0,3080,3090,3100,0,0,3031,29782,7200,5066,110000,1733,100000,51156,472411,0,0,06:10:24,3121,2941,0,0,0,26820046000,4,1,1,2,1,1,10,9,0,0
0,0,0,0,0,0,0,0,1,انبوه‌سازی، املاک و مستغلات,70,-421,20926459161497908,IRO3PMTZ0001,ثتران,سرمایه گذاری مسکن تهران,15282000000000,8490,0,0,0,0,0,0,0,-20.2,0,8500,0,0,0,0,8620,8630,0,0,0,8490,0,0,0,0,0,25194,648518,0,0,0,06:10:30,8740,8240,0,0,0,1800000000,0,0,0,0,0,1,3,0,0,0
0,0,0,0,0,0,0,0,1,فلزات اساسی,27,817,21003176534704369,IRO3FVAP0001,فوکا,فولاد کاویان,141787500000000,5970,0,0,5970,0,0,0,0,7.3,0,5970,0,0,0,0,0,0,0,0,0,5970,7477,0,0,0,0,0,0,0,0,0,06:10:29,6140,5800,0,0,0,23750000000,1,0,0,0,0,0,0,0,0,0
0,0,0,0,0,0,0,0,1,سیمان، آهک و گچ,53,2624,21096748051392414,IRO3GHIZ0001,سغدیر,توسعه سرمایه و صنعت غدیر,150540000000000,23160,0,0,23160,22570,21280,21270,20600,8.8,0,23160,0,0,0,0,23570,0,0,0,0,23160,55810,2000,2341,10000,10915,446,0,0,0,0,06:10:29,23850,22470,0,0,0,6500000000,10,1,1,1,5,2,0,0,0,0
0,0,0,0,0,0,0,0,1,محصولات غذایی و آشامیدنی به جز قند و شکر,42,-69,21426277483799140,IRO5NSKS0001,غنیلی,مجتمع تولیدی نیلی صنعت کرمان,2220000000000,5550,0,0,5400,0,0,0,0,-80.4,0,5570,0,0,0,0,0,0,0,0,0,5550,2000,0,0,0,0,0,0,0,0,0,06:10:33,5710,5390,0,0,0,400000000,1,0,0,0,0,0,0,0,0,0
0,0,0,0,0,0,0,0,1,حمل و نقل، انبارداری و ارتباطات,60,704,21432551703060846,IRO3RPAZ0001,حآفرین,ریل پرداز نو آفرین,31050000000000,2700,0,0,2622,0,0,0,0,3.8,0,2700,0,0,0,0,0,0,0,0,0,2700,40000,0,0,0,0,0,0,0,0,0,06:10:30,2781,2619,0,0,0,11500000000,1,0,0,0,0,0,0,0,0,0
0,0,0,0,0,0,0,0,1,محصولات غذایی و آشامیدنی به جز قند و شکر,42,120,21501758781665781,IRO7MRGN0001,غمارگ,مارگارین,85610000000000,2446,0,0,2446,1586,1577,1561,1270,20.4,0,2446,0,0,0,0,0,0,0,0,0,2446,22500,10000,5000,10000,3000000,0,0,0,0,0,06:10:33,2519,2373,0,0,0,35000000000,1,2,1,2,3,0,0,0,0,0
0,0,0,0,0,0,0,0,1,صندوق سرمایه‌گذاری قابل معامله,68,,21731820344041381,IRT1OTCR0001,اتوکار,صندوق س صنایع کارآمد1-بخشی,10897000000000,10897,0,0,10703,0,0,0,0,,0,10900,0,0,0,0,0,0,0,0,0,10897,100,0,0,0,0,0,0,0,0,0,06:10:39,11223,10571,0,0,0,1000000000,1,0,0,0,0,0,0,0,0,0
0,0,0,0,0,0,0,0,1,محصولات شیمیایی,44,12273,21772258644715569,IRO1PGDR0001,شغدیر,پتروشیمی غدیر,98995000000000,76150,0,0,76150,71360,69660,68000,66000,6.2,0,76150,0,0,0,0,0,0,0,0,0,76150,2616,125,1500,75,625,0,0,0,0,0,06:10:32,78430,73870,0,0,0,1300000000,1,1,1,1,1,0,0,0,0,0
0,0,0,0,0,0,0,0,1,ماشین‌آلات و دستگاه‌های برقی,31,484,22086876724551482,IRO1MOTJ0001,بموتو,موتوژن,95420000000000,3670,0,0,3430,0,0,0,0,7.6,0,3700,0,0,0,0,0,0,0,0,0,3670,72617,0,0,0,0,0,0,0,0,0,06:10:24,3780,3560,0,0,0,26000000000,1,0,0,0,0,0,0,0,0,0
0,0,0,0,0,0,0,0,1,بانک‌ها و موسسات اعتباری,57,2033,22087269603540841,IRO1BPST0001,وپست,پست بانک ایران,496440900000000,10020,0,0,10050,10020,9760,9700,9650,4.9,0,10050,0,0,0,0,10110,10230,10250,10450,10510,10020,500,15000,1026,516,519,5000,2000,5000,483,15000,06:10:23,10320,9720,0,0,0,49545000000,1,1,2,1,1,1,1,1,1,2
0,0,0,0,0,0,0,0,6797582,فعالیت‌های فرهنگی و ورزشی,93,92,22259718159702272,IRO7ESLP0001,استقلال,استقلال,13791089700000,1278,0,0,1270,1186,0,0,0,13.9,0,1280,0,0,0,0,1300,1302,0,0,0,1278,50000,55555,0,0,0,1000000,4000,0,0,0,06:10:33,1303,1253,0,0,0,10791150000,1,1,0,0,0,1,2,0,0,0
0,0,0,0,0,0,0,0,1,حمل و نقل، انبارداری و ارتباطات,60,320,22260326095996531,IRO1HTOK0001,حتوکا,حمل‌ونقل‌توکا,14528880000000,2448,0,0,2379,2280,0,0,0,7.7,0,2449,0,0,0,0,2498,2600,2610,2612,0,2448,1000000,300000,0,0,0,4128,7000,60000,152552,0,06:10:24,2521,2375,0,0,0,5935000000,1,1,0,0,0,2,1,2,4,0
0,0,0,0,0,0,0,0,1,بیمه و صندوق بازنشستگی به جز تامین اجتماعی,66,53,22275596386264204,IRO3BKSZ0001,کوثر,بیمه کوثر,70200000000000,1755,0,0,1755,1623,1610,1595,1410,33.1,0,1755,0,0,0,0,1763,1816,0,0,0,1755,6000,9902,4000,3220,10000,35,1135000,0,0,0,06:10:29,1807,1703,0,0,0,40000000000,1,1,1,1,1,1,5,0,0,0
0,0,0,0,0,0,0,0,1,محصولات غذایی و آشامیدنی به جز قند و شکر,42,706,22299894048845903,IRO1GCOZ0001,غگل,گلوکوزان,100800000000000,6720,0,0,6590,6580,6570,6560,6550,9.5,0,6760,0,0,0,0,6850,7070,7200,7210,7220,6720,30000,30000,60000,30000,30000,145720,1612,10000,10000,20000,06:10:23,6920,6520,0,0,0,15000000000,1,1,2,1,1,1,1,1,1,2
0,0,0,0,0,0,0,0,1,خدمات فنی و مهندسی,74,-458,22308305646551497,IRO7TPOP0001,تپولا,مهندسی مرآت پولاد,2167943700000,17210,0,0,0,0,0,0,0,-37.6,0,17210,0,0,0,0,17590,18600,0,0,0,17210,0,0,0,0,0,10000,5000,0,0,0,06:10:36,17720,16700,0,0,0,125970000,0,0,0,0,0,1,1,0,0,0
0,0,0,0,0,0,0,0,1,بانک‌ها و موسسات اعتباری,57,1396,22312990497291517,IRO3BSAP0001,سامان,بانک سامان,1309820000000000,8290,0,0,8100,8070,8050,7880,7870,5.9,0,8280,0,0,0,0,8550,8760,8810,0,0,8290,20000,20000,10000,50000,101000,4000,302000,615000,0,0,06:10:29,8530,8050,0,0,0,158000000000,1,1,1,1,2,1,2,4,0,0
0,0,0,0,0,0,0,0,1,ماشین‌آلات و دستگاه‌های برقی,31,24,22382156782768756,IRO1KGND0001,بکام,کارخانجات تولیدی شهید قندی,56395460168410,3190,0,0,3190,2990,2360,0,0,132.9,0,3190,0,0,0,0,3300,3320,3370,3480,0,3190,480994,5000,15000,0,0,1969,3134,2800,5438,0,06:10:24,3280,3100,0,0,0,17678827639,4,1,1,0,0,1,1,2,3,0
0,0,0,0,0,0,0,0,1,فلزات اساسی,27,2178,22424135367941584,IRO7OKCZ0001,فافق,صنایع مس افق کرمان,97020000000000,13860,0,0,13860,12750,11640,9380,0,6.4,0,13860,0,0,0,0,13870,0,0,0,0,13860,8599,4200,2500,1000,0,900,0,0,0,0,06:10:33,14270,13450,0,0,0,7000000000,1,1,1,1,0,2,0,0,0,0
0,0,0,0,0,0,0,0,1,سرمایه‌گذاری‌ها,56,370,22490169030401337,IRO3ANIZ0001,وآوا,سرمایه گذاری آوا نوین,12914800000000,3890,0,0,3890,2450,2340,2240,0,10.5,0,3890,0,0,0,0,0,0,0,0,0,3890,56539,5000,7215,2313,0,0,0,0,0,0,06:10:29,4000,3780,0,0,0,3320000000,3,1,2,1,0,0,0,0,0,0
0,0,0,0,0,0,0,0,1,سرمایه‌گذاری‌ها,56,540,22501232035732859,IRO3SNOP0001,وثنو,سرمایه گذاری ساختمانی نوین,19206000000000,5820,0,0,0,0,0,0,0,10.8,0,5740,0,0,0,0,6010,0,0,0,0,5820,0,0,0,0,0,500,0,0,0,0,06:10:33,5990,5650,0,0,0,3300000000,0,0,0,0,0,1,0,0,0,0
0,0,0,0,0,0,0,0,1,محصولات شیمیایی,44,3322,22560050433388046,IRO1PTAP0001,تاپیکو,س. نفت و گاز و پتروشیمی تأمین,4256910000000000,41940,0,0,41940,40720,39610,39540,39500,12.6,0,41940,0,0,0,0,0,0,0,0,0,41940,12945,124263,7999,127,500,0,0,0,0,0,06:10:32,43190,40690,0,0,0,101500000000,9,6,1,1,1,0,0,0,0,0
0,0,0,0,0,0,0,0,1,خودرو و ساخت قطعات,34,1533,22645269567765904,IRO3IKSZ0001,خیمن,ایمن خودرو شرق,36540000000000,5220,0,0,5110,5100,5010,5000,4960,3.4,0,5240,0,0,0,0,5270,5290,5310,5440,5610,5220,5544,102000,1020,1001,20000,848,424,849,1385,1272,06:10:29,5370,5070,0,0,0,7000000000,1,2,1,1,1,2,1,2,2,3
0,0,0,0,0,0,0,0,1,فراورده‌های نفتی، کک و سوخت هسته‌ای,23,4271,22667016906590506,IRO1NBEH0001,شبهرن,نفت‌ بهران,708300000000000,39350,0,0,39350,38210,37070,36420,36080,9.2,0,39350,0,0,0,0,39400,39500,39600,39700,39800,39350,153701,5029,2000,396,5000,500,500,500,500,8829,06:10:24,40530,38170,0,0,0,18000000000,11,3,1,1,1,1,1,1,1,4
0,0,0,0,0,0,0,0,1,مخابرات,64,124,22811176775480091,IRO1MKBT0001,اخابر,مخابرات ایران,951866729659204,991,0,0,991,987,984,980,976,8,0,991,0,0,0,0,998,999,1000,1003,1004,991,610307,6835,5432,5963,6932,15000,87389,20000,13167,148530,06:10:24,1020,962,0,0,0,960511331644,13,1,1,1,1,1,7,1,1,6
0,0,0,0,0,0,0,0,1,صندوق سرمایه‌گذاری قابل معامله,68,,22839330962768817,IRT3SMIF0001,آتیمس,صندوق س.آرمان آتیه درخشان مس-س,49405100000000,988102,0,0,964000,943000,920420,828600,0,,0,994943,0,0,0,0,0,0,0,0,0,988102,22,5,59,8,0,0,0,0,0,0,06:10:39,1017745,958459,0,0,0,50000000,1,1,1,1,0,0,0,0,0,0
0,0,0,0,0,0,0,0,1,خودرو و ساخت قطعات,34,206,22903901709044823,IRO1RTIR0001,ختراک,ریخته‌گری‌ تراکتورسازی‌ ایران,25058320000000,1624,0,0,1580,1544,1543,0,0,7.9,0,1628,0,0,0,0,1654,1675,1725,1729,1757,1624,3169,78455,3247,0,0,3642,3723,115000,2982,170000,06:10:32,1672,1576,0,0,0,15430000000,1,1,1,0,0,1,1,3,1,1
0,0,0,0,0,0,0,0,1,استخراج زغال سنگ,10,2597,22941065011246116,IRO3TBSZ0001,کپرور,فرآوری زغال سنگ پروده طبس,33413400000000,19540,0,0,19410,18560,18540,16780,0,7.5,0,19600,0,0,0,0,20090,20120,20440,0,0,19540,5000,270,1557,330,0,1000,5255,248,0,0,06:10:33,20120,18960,0,0,0,1710000000,1,1,2,1,0,1,2,1,0,0
0,0,0,0,0,0,0,0,2458351,منسوجات,17,156,22950683624908253,IRO7PTOP0001,نتوس,پشم‌ بافی‌ توس,6211282580658,1538,0,0,1570,1541,0,0,0,9.9,0,1570,0,0,0,0,0,0,0,0,0,1538,31850,33807,0,0,0,0,0,0,0,0,06:10:33,1584,1492,0,0,0,4038545241,1,1,0,0,0,0,0,0,0,0
0,0,0,0,0,0,0,0,1,محصولات غذایی و آشامیدنی به جز قند و شکر,42,1687,22956708386610464,IRO7KHDP0001,خودکفا,اقتصادی و خودکفایی آزادگان,152500000000000,15250,0,0,11940,0,0,0,0,9,0,15260,0,0,0,0,15400,15460,0,0,0,15250,4200,0,0,0,0,7399,90000,0,0,0,06:10:33,15700,14800,0,0,0,10000000000,1,0,0,0,0,1,1,0,0,0
0,0,0,0,0,0,0,0,1,خدمات فنی و مهندسی,74,161,23049019886587905,IRO7KHEP0001,خفولا,خدمات فنی فولاد یزد,4750200000000,16380,0,0,16380,0,0,0,0,101.7,0,16380,0,0,0,0,0,0,0,0,0,16380,3100,0,0,0,0,0,0,0,0,0,06:10:33,16870,15890,0,0,0,290000000,1,0,0,0,0,0,0,0,0,0
0,0,0,0,0,0,0,0,1,سایر واسطه‌گری‌های مالی,58,80,23086515493897579,IRO1LKGH0001,ولغدر,لیزینگ‌خودروغدیر,8568000000000,3570,0,0,3200,2990,0,0,0,44.6,0,3570,0,0,0,0,0,0,0,0,0,3570,11380,1817,0,0,0,0,0,0,0,0,06:10:24,3670,3470,0,0,0,2400000000,1,1,0,0,0,0,0,0,0,0
0,0,0,0,0,0,0,0,8778112,بانک‌ها و موسسات اعتباری,57,-1623,23175320865252772,IRO7SALP0001,وسالت,بانک قرض الحسنه رسالت,48240000000000,4020,0,0,4050,0,0,0,0,-2.5,0,4050,0,0,0,0,0,0,0,0,0,4020,13000,0,0,0,0,0,0,0,0,0,06:10:33,4100,3940,0,0,0,12000000000,1,0,0,0,0,0,0,0,0,0
0,0,0,0,0,0,0,0,1,لاستیک و پلاستیک,25,953,23214828924506640,IRO1BARZ0001,پکرمان,گروه‌ صنعتی‌ بارز,140411090000000,7130,0,0,6960,6730,6550,6530,6470,7.5,0,7130,0,0,0,0,7220,7250,7270,7370,7430,7130,4008,12008,15211,30515,300773,1000,3713,80485,21323,131425,06:10:23,7340,6920,0,0,0,19693000000,1,2,1,2,2,1,1,1,4,9
0,0,0,0,0,0,0,0,25892377,زراعت و خدمات وابسته,1,765,23269285154135003,IRO7JAIP0001,جوین,کشت و صنعت جوین,95874386400000,6430,0,0,6480,6140,4210,0,0,8.4,0,6480,0,0,0,0,0,0,0,0,0,6430,15376,8200,2500,0,0,0,0,0,0,0,06:10:33,6620,6240,0,0,0,14910480000,1,1,1,0,0,0,0,0,0,0
0,0,0,0,0,0,0,0,1,استخراج کانه‌های فلزی,13,448,23293437377896568,IRO1SADR0001,تاصیکو,سرمایه گذاری صدرتامین,2460080000000000,25760,0,0,25760,25700,25010,24890,24290,57.5,0,25760,0,0,0,0,0,0,0,0,0,25760,214154,1000,73297,10000,31256,0,0,0,0,0,06:10:32,26530,24990,0,0,0,95500000000,38,1,13,1,5,0,0,0,0,0
0,0,0,0,0,0,0,0,1,مواد و محصولات دارویی,43,1031,23353689102956991,IRO1DKSR0001,دکوثر,داروسازی‌ کوثر,71400000000000,21000,0,0,20410,19900,19820,19490,0,20.4,0,21000,0,0,0,0,21500,21910,22100,22490,22550,21000,14603,1000,253,300,0,15000,300,1470,235,4350,06:10:23,21630,20370,0,0,0,3400000000,1,1,1,1,0,1,1,1,1,3
0,0,0,0,0,0,0,0,1,استخراج سایر معادن,14,1794,23374429962331387,IRO3KOMZ0001,کتوسعه,توسعه صنایع و معادن کوثر,22662600000000,21180,0,0,21180,19430,18900,13440,0,11.8,0,21230,0,0,0,0,0,0,0,0,0,21180,265,300,500,698,0,0,0,0,0,0,06:10:30,21810,20550,0,0,0,1070000000,1,1,1,1,0,0,0,0,0,0
0,0,0,0,0,0,0,0,1,محصولات شیمیایی,44,3483,23441366113375722,IRO1PASN0001,پارسان,گسترش نفت و گاز پارسیان,4230630000000000,34820,0,0,34820,34000,33770,33540,30710,10,0,34820,0,0,0,0,54000,0,0,0,0,34820,1155,10000,4000,200,200,56857,0,0,0,0,06:10:32,35860,33780,0,0,0,121500000000,1,1,1,1,1,2,0,0,0,0
0,0,0,0,0,0,0,0,1,صندوق سرمایه‌گذاری قابل معامله,68,,23498719713662118,IRT3ONXF0001,اونیکس,ص.س.درآمد ثابت کیمیا-د,294408000000000,24534,0,0,0,0,0,0,0,,0,24535,0,0,0,0,25175,0,0,0,0,24534,0,0,0,0,0,2053,0,0,0,0,06:10:39,25270,23798,0,0,0,12000000000,0,0,0,0,0,1,0,0,0,0
0,0,0,0,0,0,0,0,1,فلزات اساسی,27,178,23557166059925779,IRO3SBLZ0001,فصبا,صبا فولاد خلیج فارس,163500000000000,3270,0,0,3180,3090,3010,2950,2920,18.4,0,3270,0,0,0,0,0,0,0,0,0,3270,2379,1619,1662,40000,4213,0,0,0,0,0,06:10:30,3360,3180,0,0,0,50000000000,1,1,1,1,2,0,0,0,0,0
0,0,0,0,0,0,0,0,1,سایر محصولات کانی غیرفلزی,54,-70,23837844039713715,IRO1NASI0001,کفرا,فراورده‌ های‌ نسوزایران,90305030190000,4580,0,0,4580,3970,0,0,0,-65.4,0,4580,0,0,0,0,0,0,0,0,0,4580,206104,1999,0,0,0,0,0,0,0,0,06:10:24,4710,4450,0,0,0,19717255500,3,1,0,0,0,0,0,0,0,0
0,0,0,0,0,0,0,0,246337,ماشین‌آلات و دستگاه‌های برقی,31,523,23891830829322971,IRO7KBLP0001,بایکا,کارخانجات کابلسازی ‌ایران,13708582175680,27160,0,0,0,0,0,0,0,51.9,0,27550,0,0,0,0,27950,0,0,0,0,27160,0,0,0,0,0,50,0,0,0,0,06:10:33,27970,26350,0,0,0,504734248,0,0,0,0,0,1,0,0,0,0
0,0,0,0,0,0,0,0,1,انتشار، چاپ و تکثیر,22,4380,23936607891892333,IRO1OFST0001,چافست,افست,44274200000000,22940,0,0,22940,20780,0,0,0,5.2,0,22940,0,0,0,0,23570,23750,24600,25230,0,22940,3036,7000,0,0,0,215,2214,4,786,0,06:10:24,23620,22260,0,0,0,1930000000,2,1,0,0,0,1,2,1,2,0
0,0,0,0,0,0,0,0,1,لاستیک و پلاستیک,25,534,24079409192818584,IRO1DRKH0001,پدرخش,درخشان‌ تهران,6840946750000,6050,0,0,6050,5880,5390,5260,5180,11.3,0,6050,0,0,0,0,0,0,0,0,0,6050,300000,5433,1000,1000,1000,0,0,0,0,0,06:10:23,6230,5870,0,0,0,1130735000,1,1,1,1,1,0,0,0,0,0
0,0,0,0,0,0,0,0,1,کاشی و سرامیک,49,18,24085906177899789,IRO1TKSM0001,کترام,تولیدی‌ کاشی‌ تکسرام,9734029270000,3610,0,0,3410,3400,0,0,0,200.6,0,3610,0,0,0,0,3640,5880,0,0,0,3610,1500,5185,0,0,0,300000,2,0,0,0,06:10:32,3710,3510,0,0,0,2696407000,1,1,0,0,0,1,1,0,0,0
0,0,0,0,0,0,0,0,1,بیمه و صندوق بازنشستگی به جز تامین اجتماعی,66,644,24253947487334809,IRO3MONZ0001,معین,بیمه ایران - معین,66217000000000,2879,0,0,2843,2715,0,0,0,4.5,0,2879,0,0,0,0,0,0,0,0,0,2879,10000,2462,0,0,0,0,0,0,0,0,06:10:30,2965,2793,0,0,0,23000000000,1,1,0,0,0,0,0,0,0,0
0,0,0,0,0,0,0,0,1,محصولات کاغذی,21,-2017,24254843881948059,IRO1KSKA0001,چکاوه,صنایع‌کاغذسازی‌کاوه,7000000000000,10000,0,0,9220,0,0,0,0,-5,0,10010,0,0,0,0,10040,10370,10430,10450,10500,10000,2000,0,0,0,0,1000,1000,550,900,15000,06:10:24,10300,9700,0,0,0,700000000,1,0,0,0,0,1,1,1,1,1
0,0,0,0,0,0,0,0,1,محصولات غذایی و آشامیدنی به جز قند و شکر,42,-720,24303422207378456,IRO1KLBR0001,غالبر,لبنیات‌ کالبر,13610520000000,29460,0,0,29460,28700,28610,27760,27180,-40.9,0,29460,0,0,0,0,30130,30230,30240,30250,54640,29460,5130,11123,5436,10000,300,1000,2000,600,4000,2520,06:10:24,30340,28580,0,0,0,462000000,3,1,1,1,1,1,2,2,4,1
0,0,0,0,0,0,0,0,1,صندوق سرمایه‌گذاری قابل معامله,68,,24651394045981418,IRT1TRAZ0001,تاراز,صندوق س آوای تاراز زاگرس-سهام,27250500000000,54501,0,0,52400,51901,51755,46800,0,,0,54566,0,0,0,0,0,0,0,0,0,54501,95,96,96,110,0,0,0,0,0,0,06:10:39,56136,52866,0,0,0,500000000,1,1,1,1,0,0,0,0,0,0
0,0,0,0,0,0,0,0,1,استخراج سایر معادن,14,1483,24653108506137885,IRO3MKNZ0001,کانسار,معدنکاران نسوز,76384000000000,13640,0,0,12860,12810,12610,12600,12590,9.2,0,13690,0,0,0,0,13980,14090,14100,14110,0,13640,619,400,10000,10000,24000,2394,212,212,921,0,06:10:30,14040,13240,0,0,0,5600000000,1,1,1,1,2,1,1,1,4,0
0,0,0,0,0,0,0,0,1,سرمایه‌گذاری‌ها,56,998,24662567615903665,IRO7SNAP0001,وسنا,سرمایه گذاری نیروگاهی ایران,123437683830000,35690,0,0,34660,25030,0,0,0,35.8,0,35690,0,0,0,0,0,0,0,0,0,35690,1514,5000,0,0,0,0,0,0,0,0,06:10:33,36760,34620,0,0,0,3458607000,1,1,0,0,0,0,0,0,0,0
0,0,0,0,0,0,0,0,16393788,محصولات شیمیایی,44,36,24696953498398744,IRO1SHGS0001,شگستر,گسترش سوخت سبززاگرس(سهامی عام),70739193854734,1726,0,0,1726,1683,1636,0,0,47.9,0,1726,0,0,0,0,0,0,0,0,0,1726,49000,3100,100000,0,0,0,0,0,0,0,06:10:32,1777,1675,0,0,0,40984469209,4,1,1,0,0,0,0,0,0,0
0,0,0,0,0,0,0,0,1,سرمایه‌گذاری‌ها,56,469,24785665268004766,IRO3PIVZ0001,وپویا,سرمایه گذاری پویا,27709000000000,2519,0,0,2291,2151,2038,0,0,5.4,0,2520,0,0,0,0,0,0,0,0,0,2519,2641,44000,93899,0,0,0,0,0,0,0,06:10:30,2594,2444,0,0,0,11000000000,1,1,1,0,0,0,0,0,0,0
0,0,0,0,0,0,0,0,1,صندوق سرمایه‌گذاری قابل معامله,68,,24907784641855842,IRT1STIL0001,استیل,صندوق س صنایع مفید1- بخشی,105678000000000,35226,0,0,35000,34224,34200,34166,32487,,0,35226,0,0,0,0,0,0,0,0,0,35226,29,230,100030,300000,1000,0,0,0,0,0,06:10:39,36282,34170,0,0,0,3000000000,1,1,2,1,1,0,0,0,0,0
0,0,0,0,0,0,0,0,1,فلزات اساسی,27,34,25010489461183396,IRO7TFPA0001,فطلوع,طلوع فولاد پارس,130780000000000,5030,0,0,5030,4750,0,0,0,147.9,0,5030,0,0,0,0,0,0,0,0,0,5030,41000,10,0,0,0,0,0,0,0,0,06:10:36,5180,4880,0,0,0,26000000000,2,1,0,0,0,0,0,0,0,0
0,0,0,0,0,0,0,0,1,خودرو و ساخت قطعات,34,1058,25079426576214829,IRO3BRNZ0001,خبرنا,تولیدی برنا باطری,43750000000000,8750,0,0,8250,0,0,0,0,8.3,0,8750,0,0,0,0,0,0,0,0,0,8750,700,0,0,0,0,0,0,0,0,0,06:10:29,9010,8490,0,0,0,5000000000,1,0,0,0,0,0,0,0,0,0
0,0,0,0,0,0,0,0,1,صندوق سرمایه‌گذاری قابل معامله,68,,25163849522701102,IRT3BNKF0001,بانکو,صندوق س.بخشی صنایع آسمان1-ب,17888000000000,17888,0,0,0,0,0,0,0,,0,17889,0,0,0,0,17950,0,0,0,0,17888,0,0,0,0,0,39971,0,0,0,0,06:10:38,18424,17352,0,0,0,1000000000,0,0,0,0,0,1,0,0,0,0
0,0,0,0,0,0,0,0,1,زراعت و خدمات وابسته,1,1023,25180702353416009,IRO3DKHZ0001,زدشت,کشت و صنعت دشت خرم دره,40068000000000,9540,0,0,9280,9250,9000,0,0,9.3,0,9540,0,0,0,0,9800,10000,10020,10300,0,9540,600,10000,1000,0,0,5500,505,500,1000,0,06:10:29,9820,9260,0,0,0,4200000000,1,1,1,0,0,1,1,1,1,0
0,0,0,0,0,0,0,0,1,خودرو و ساخت قطعات,34,-1300,25211433301660888,IRO7PKOD0001,خپارس,پارس خودرو,193974624711476,1708,0,0,1708,1625,960,0,0,-1.3,0,1708,0,0,0,0,1720,1722,1723,0,0,1708,500000,300000,10000,0,0,5000000,1005000,902838,0,0,06:10:33,1759,1657,0,0,0,113568281447,1,1,1,0,0,5,2,9,0,0
0,0,0,0,0,0,0,0,1,عرضه برق، گاز، بخار و آب گرم,40,230,25215182208950217,IRO3HORZ0001,وهور,گروه س.انرژی امید  تابان هور,207977278102000,2594,0,0,2594,2055,1631,0,0,11.3,0,2594,0,0,0,0,2610,2621,2627,2642,2719,2594,700000,11000,5000,0,0,2000,2000,2000,1917,195221,06:10:29,2671,2517,0,0,0,80176283000,1,1,1,0,0,1,1,1,1,1
0,0,0,0,0,0,0,0,1,محصولات شیمیایی,44,1498,25244329144808274,IRO1PKLJ0001,فارس,صنایع پتروشیمی خلیج فارس,15387500000000000,12310,0,0,12310,11960,11750,0,0,8.2,0,12310,0,0,0,0,0,0,0,0,0,12310,35727,41763,5026,0,0,0,0,0,0,0,06:10:32,12670,11950,0,0,0,1250000000000,6,4,1,0,0,0,0,0,0,0
0,0,0,0,0,0,0,0,1,ساخت محصولات فلزی,28,586,25286509736208688,IRO1LAMI0001,فلامی,لامیران,10266000000000,8850,0,0,0,0,0,0,0,15.1,0,8860,0,0,0,0,9210,0,0,0,0,8850,0,0,0,0,0,548,0,0,0,0,06:10:24,9110,8590,0,0,0,1160000000,0,0,0,0,0,1,0,0,0,0
0,0,0,0,0,0,0,0,1,شرکت‌های چند رشته‌ای صنعتی,39,692,25336820825905643,IRO1NIKI0001,ونیکی,سرمایه‌گذاری‌ ملی‌ایران,548400000000000,4570,0,0,4570,4520,4510,4480,4440,6.6,0,4570,0,0,0,0,0,0,0,0,0,4570,6203,2003,6000,2003,103009,0,0,0,0,0,06:10:24,4700,4440,0,0,0,120000000000,2,1,1,1,2,0,0,0,0,0
0,0,0,0,0,0,0,0,1,فعالیت‌های کمکی به نهادهای مالی واسط,67,605,25357135030606405,IRO1TNOV0001,تنوین,تامین سرمایه نوین,102987500000000,2675,0,0,2686,2600,0,0,0,4.4,0,2686,0,0,0,0,2747,2750,2763,2838,2842,2675,10000,3500,0,0,0,1920,10000,10000,1780,6780,06:10:32,2755,2595,0,0,0,38500000000,1,1,0,0,0,1,1,1,1,1
0,0,0,0,0,0,0,0,1,سیمان، آهک و گچ,53,11890,25417476013479486,IRO3SRBZ0001,ساروج,بین المللی ساروج بوشهر,75750200000000,56530,0,0,56550,53470,53270,0,0,4.8,0,56550,0,0,0,0,58390,60640,63500,64300,64630,56530,1000,1863,1000,0,0,3060,1001,2000,6000,2000,06:10:33,58220,54840,0,0,0,1340000000,1,1,1,0,0,1,2,1,1,1
0,0,0,0,0,0,0,0,1,انبوه‌سازی، املاک و مستغلات,70,144,25514780181345713,IRO1SAKH0001,وساخت,سرمایه‌ گذاری‌ ساختمان‌ایران,58786236425006,1906,0,0,1906,1838,1801,1701,1363,13.2,0,1906,0,0,0,0,1911,1922,1983,1993,0,1906,3200,2970,2820,50000,5000,5000,2700,56000,28000,0,06:10:32,1963,1849,0,0,0,30842726351,1,1,1,1,1,1,1,2,2,0
0,0,0,0,0,0,0,0,1,صندوق سرمایه‌گذاری قابل معامله,68,,25559236668122210,IRTKROBA0001,کهربا,صندوق س. کالای کهربا,761075000000000,217450,0,0,218400,218140,218010,218000,217987,,0,218870,0,0,0,0,218982,219420,219640,219990,220000,217450,80,500,100,300,849,130,46,137,100,5000,06:10:40,239195,195705,0,0,0,3500000000,1,1,1,1,1,1,1,1,1,1
0,0,0,0,0,0,0,0,1,شرکت‌های چند رشته‌ای صنعتی,39,1940,26014913469567886,IRO1GDIR0001,وغدیر,سرمایه‌گذاری‌غدیر(هلدینگ,4369680000000000,20230,0,0,20190,19740,19500,19400,19200,10.4,0,20230,0,0,0,0,20240,20390,20990,27140,0,20230,3981,1555,10000,100000,51890,501,9000,899,6172,0,06:10:23,20830,19630,0,0,0,216000000000,1,1,1,1,1,1,5,1,2,0
0,0,0,0,0,0,0,0,1,زراعت و خدمات وابسته,1,4812,26259366519412975,IRO3ZMMZ0001,زشگزا,شیر و گوشت زاگرس شهرکرد,31036800000000,32330,0,0,31530,31420,31400,31310,31000,6.7,0,32360,0,0,0,0,33200,33290,33330,34180,34200,32330,200,10000,160,10000,200,300,500,1100,150,250,06:10:33,33290,31370,0,0,0,960000000,1,1,1,1,1,1,1,2,1,1
0,0,0,0,0,0,0,0,1,بیمه و صندوق بازنشستگی به جز تامین اجتماعی,66,-113,26543014712914772,IRO3MIHZ0001,میهن,بیمه میهن,21816000000000,2727,0,0,2538,2253,2186,0,0,-24.1,0,2727,0,0,0,0,0,0,0,0,0,2727,2000,221121,2300,0,0,0,0,0,0,0,06:10:30,2808,2646,0,0,0,8000000000,1,1,1,0,0,0,0,0,0,0
0,0,0,0,0,0,0,0,1,صندوق سرمایه‌گذاری قابل معامله,68,,26547362091465395,IRT3PC040001,دیوان,صندوق خصوصی دیوان ارزش35%تادیه,6000000000000,600000,0,0,600000,0,0,0,0,,0,600000,0,0,0,0,0,0,0,0,0,600000,4000,0,0,0,0,0,0,0,0,0,06:10:39,660000,540000,0,0,0,10000000,1,0,0,0,0,0,0,0,0,0
0,0,0,0,0,0,0,0,1,زراعت و خدمات وابسته,1,2402,26547785441834730,IRO3SAAZ0001,زشریف,کشت وصنعت شریف آباد,43310213870000,18010,0,0,18020,16980,16090,0,0,7.5,0,18020,0,0,0,0,18290,18840,19210,19610,0,18010,1500,350,500,0,0,21480,5740,1250,5258,0,06:10:30,18550,17470,0,0,0,2404787000,1,1,1,0,0,5,3,2,4,0
0,0,0,0,0,0,0,0,1,صندوق سرمایه‌گذاری قابل معامله,68,,26581180478947817,IRTKPLAT0001,پلاتا,صندوق س. کالای کیمیا1,12134000000000,12134,0,0,12100,12010,12000,11990,11980,,0,12224,0,0,0,0,12600,13349,13350,13362,13594,12134,10000,4000,31485,4000,3950,50000,10700,11520,430,48056,06:10:40,13347,10921,0,0,0,1000000000,1,1,4,1,1,1,1,1,1,2
0,0,0,0,0,0,0,0,1,صندوق سرمایه‌گذاری قابل معامله,68,,26780282166315918,IRT3SOVF0001,ثبات,صندوق س. ثبات ویستا -د,259931000000000,37133,0,0,15426,0,0,0,0,,0,37133,0,0,0,0,0,0,0,0,0,37133,60,0,0,0,0,0,0,0,0,0,06:10:39,38246,36020,0,0,0,7000000000,1,0,0,0,0,0,0,0,0,0
0,0,0,0,0,0,0,0,1,خودرو و ساخت قطعات,34,560,26824673819862694,IRO1BHMN0001,خبهمن,گروه‌بهمن,363522510900000,2700,0,0,2702,2690,2620,2614,2554,4.8,0,2702,0,0,0,0,2711,2776,2787,2788,2802,2700,22860,15000,30000,120000,2000,91773,5000,1900,4000,4000,06:10:23,2781,2619,0,0,0,134637967000,2,1,1,1,1,1,1,1,1,1
0,0,0,0,0,0,0,0,1,سیمان، آهک و گچ,53,3056,26997316501080743,IRO1SSHR0001,سشرق,سیمان‌ شرق,160580000000000,25900,0,0,25900,25700,25150,25100,23690,8.5,0,25900,0,0,0,0,0,0,0,0,0,25900,5418,594,18000,10000,4000,0,0,0,0,0,06:10:32,26670,25130,0,0,0,6200000000,4,1,3,1,2,0,0,0,0,0
0,0,0,0,0,0,0,0,1,سیمان، آهک و گچ,53,2835,27000326841257664,IRO1SDST0001,سدشت,صنایع سیمان دشتستان,151810000000000,44650,0,0,39690,0,0,0,0,15.7,0,44650,0,0,0,0,0,0,0,0,0,44650,158,0,0,0,0,0,0,0,0,0,06:10:32,45980,43320,0,0,0,3400000000,1,0,0,0,0,0,0,0,0,0
0,0,0,0,0,0,0,0,1,محصولات شیمیایی,44,41853,27096851668435724,IRO1JPPC0001,جم پیلن,پتروشیمی جم پیلن,561400000000000,280700,0,0,280900,275000,271100,264700,264000,6.7,0,280900,0,0,0,0,0,0,0,0,0,280700,60,19,1000,1000,50,0,0,0,0,0,06:10:24,289100,272300,0,0,0,2000000000,1,1,1,1,1,0,0,0,0,0
0,0,0,0,0,0,0,0,1,سیمان، آهک و گچ,53,-3018,27218386411183410,IRO1SDOR0001,سدور,سیمان‌ دورود,19751443047900,30780,0,0,26050,0,0,0,0,-10.2,0,30780,0,0,0,0,0,0,0,0,0,30780,1000,0,0,0,0,0,0,0,0,0,06:10:32,31700,29860,0,0,0,641697305,1,0,0,0,0,0,0,0,0,0
0,0,0,0,0,0,0,0,1,خودرو و ساخت قطعات,34,636,27276541005386425,IRO3PSFZ0001,فنر,پارس فنر,42640000000000,6560,0,0,6390,6220,6040,0,0,10.3,0,6550,0,0,0,0,6650,6680,6690,6700,6750,6560,7287,805,900,0,0,144000,300512,10,924,111224,06:10:30,6750,6370,0,0,0,6500000000,6,1,1,0,0,1,2,1,1,1
0,0,0,0,0,0,0,0,1,محصولات شیمیایی,44,1486,27308217070238237,IRO1CRBN0001,شکربن,کربن‌ ایران,56125275120000,8790,0,0,8640,8550,6120,0,0,5.9,0,8790,0,0,0,0,0,0,0,0,0,8790,2000,5000,5000,0,0,0,0,0,0,0,06:10:23,9050,8530,0,0,0,6385128000,1,1,2,0,0,0,0,0,0,0
0,0,0,0,0,0,0,0,1,بیمه و صندوق بازنشستگی به جز تامین اجتماعی,66,925,27405735172634593,IRO1ETKA0001,اتکام,بیمه اتکایی امین,58560000000000,2928,0,0,2842,2822,2804,2781,2766,3.2,0,2936,0,0,0,0,2957,3072,3073,3095,0,2928,1963,1999,2003,1999,3006,12000,4632,19000,27965,0,06:10:23,3015,2841,0,0,0,20000000000,1,1,1,1,1,1,1,2,3,0
0,0,0,0,0,0,0,0,1,صندوق سرمایه‌گذاری قابل معامله,68,,27639047710974505,IRT1KHBR0001,خبرگان,صندوق س اندیشه خبرگان-سهام,22712400000000,56781,0,0,34070,0,0,0,0,,0,56803,0,0,0,0,0,0,0,0,0,56781,107,0,0,0,0,0,0,0,0,0,06:10:39,58484,55078,0,0,0,400000000,1,0,0,0,0,0,0,0,0,0
0,0,0,0,0,0,0,0,11600000,محصولات شیمیایی,44,0,27695838950009037,IRO1SHLN0001,شارپیلن,پتروشیمی ارغوان گسترایلام,92800000000000,3200,0,0,3290,3280,3240,0,0,0,0,3290,0,0,0,0,0,0,0,0,0,3200,3854719,497583,111255,0,0,0,0,0,0,0,06:10:32,3290,3110,0,0,0,29000000000,29,3,1,0,0,0,0,0,0,0
0,0,0,0,0,0,0,0,1,صندوق سرمایه‌گذاری قابل معامله,68,,27797446447955609,IRT3NKHF0001,نخل,صندوق س.خلیج فارس-د,101450000000000,10145,0,0,0,0,0,0,0,,0,10147,0,0,0,0,10582,11000,0,0,0,10145,0,0,0,0,0,30472,10,0,0,0,06:10:39,10449,9841,0,0,0,10000000000,0,0,0,0,0,2,1,0,0,0
0,0,0,0,0,0,0,0,1,صندوق سرمایه‌گذاری قابل معامله,68,,27812005859539773,IRT3PC020001,ثروت,ص.خ.ثروت آفرین فیروزه,2240048000000,2240048,0,0,2036408,0,0,0,0,,0,2240048,0,0,0,0,0,0,0,0,0,2240048,5480,0,0,0,0,0,0,0,0,0,06:10:39,2464052,2016044,0,0,0,1000000,3,0,0,0,0,0,0,0,0,0
0,0,0,0,0,0,0,0,1,سایر واسطه‌گری‌های مالی,58,327,27832551228672645,IRO7VAEP0001,ولاعتماد,واسپاری عصراعتماد,16280000000000,1628,0,0,0,0,0,0,0,5,0,1628,0,0,0,0,1650,1788,1843,1898,1957,1628,0,0,0,0,0,39675,10000,30000,24765,383304,06:10:36,1676,1580,0,0,0,10000000000,0,0,0,0,0,6,1,3,9,8
0,0,0,0,0,0,0,0,1,رایانه و فعالیت‌های وابسته به آن,72,141,27952969918967492,IRO1RKSH0001,رکیش,کارت اعتباری ایران کیش,27480000000000,2748,0,0,0,0,0,0,0,19.5,0,2749,0,0,0,0,2780,2794,0,0,0,2748,0,0,0,0,0,5000,6596,0,0,0,06:10:32,2830,2666,0,0,0,10000000000,0,0,0,0,0,2,3,0,0,0
0,0,0,0,0,0,0,0,1,خودرو و ساخت قطعات,34,130,28033133021443774,IRO1KFAN0001,خفنر,فنرسازی‌خاور,23962594518000,2682,0,0,2650,2613,0,0,0,20.6,0,2680,0,0,0,0,2717,2764,2767,2773,2790,2682,2000,2000,0,0,0,2000,21111,49014,2000,10000,06:10:24,2762,2602,0,0,0,8934599000,1,1,0,0,0,1,1,1,1,1
0,0,0,0,0,0,0,0,1,قند و شکر,38,2650,28230238564334914,IRO7GTOP0001,قجام,فرآوردههای غذایی وقندتربت‌جام,9217000000000,14180,0,0,0,0,0,0,0,5.4,0,14150,0,0,0,0,14510,0,0,0,0,14180,0,0,0,0,0,100000,0,0,0,0,06:10:33,14600,13760,0,0,0,650000000,0,0,0,0,0,1,0,0,0,0
0,0,0,0,0,0,0,0,1,حمل و نقل آبی,61,944,28253678449273505,IRO3KHZZ0001,حخزر,کشتیرانی دریای خزر,124800000000000,8320,0,0,8320,7740,7430,7100,6890,8.8,0,8320,0,0,0,0,0,0,0,0,0,8320,39000,1667,1000,3148,2048,0,0,0,0,0,06:10:30,8560,8080,0,0,0,15000000000,2,1,1,1,1,0,0,0,0,0
0,0,0,0,0,0,0,0,1,صندوق سرمایه‌گذاری قابل معامله,68,,28255729477187163,IRTKZARV0001,زروان,صندوق س.کالای ویستا,228990000000000,45798,0,0,45050,44700,44000,43966,41872,,0,45889,0,0,0,0,46299,47310,47999,48156,48194,45798,445,2300,1000,125,48,249,110,105,44,5000,06:10:40,50377,41219,0,0,0,5000000000,1,1,1,1,1,1,1,1,1,1
0,0,0,0,0,0,0,0,1,صندوق سرمایه‌گذاری قابل معامله,68,,28280189352163772,IRT1PISH0001,پیشران,صندوق س پیشران پارسیان-اهرمی,29622000000000,29622,0,0,27423,0,0,0,0,,0,29707,0,0,0,0,30006,30205,0,0,0,29622,483,0,0,0,0,6813,911,0,0,0,06:10:39,30806,28438,0,0,0,1000000000,1,0,0,0,0,1,1,0,0,0
0,0,0,0,0,0,0,0,1,استخراج زغال سنگ,10,154,28291104595448527,IRO3TPCZ0001,کزغال,زغال سنگ پروده طبس,95850000000000,6390,0,0,6390,6210,6200,6070,5890,41.5,0,6390,0,0,0,0,0,0,0,0,0,6390,780,807,28714,825,1000,0,0,0,0,0,06:10:33,6580,6200,0,0,0,15000000000,1,1,1,1,1,0,0,0,0,0
0,0,0,0,0,0,0,0,1,بانک‌ها و موسسات اعتباری,57,5,28320293733348826,IRO1BSDR0001,وبصادر,بانک صادرات ایران,794089281580000,1015,0,0,1015,1013,990,977,957,203,0,1015,0,0,0,0,0,0,0,0,0,1015,421421,5000,100635,1000000,30009,0,0,0,0,0,06:10:23,1045,985,0,0,0,782353972000,3,1,1,1,1,0,0,0,0,0
0,0,0,0,0,0,0,0,1,سایر محصولات کانی غیرفلزی,54,-94,28325731560106431,IRO1SISH0001,کساپا,سایپاشیشه,12851000000000,3620,0,0,3540,3530,3150,3010,2990,-38.5,0,3620,0,0,0,0,3670,3700,3710,3790,3800,3620,13521,96540,5000,4500,12500,4549,1500,3500,30000,3500,06:10:32,3720,3520,0,0,0,3550000000,1,1,1,1,2,1,1,2,1,2
0,0,0,0,0,0,0,0,1,سیمان، آهک و گچ,53,1760,28328083629154916,IRO3SASP0001,سجام,مجتمع سیمان غرب آسیا,90800000000000,9080,0,0,9080,8820,8320,8150,8090,5.2,0,9080,0,0,0,0,9190,9350,0,0,0,9080,136843,26350,14000,43007,1238,43919,540,0,0,0,06:10:30,9350,8810,0,0,0,10000000000,9,3,1,2,2,1,1,0,0,0
0,0,0,0,0,0,0,0,1,سرمایه‌گذاری‌ها,56,542,28328710198554144,IRO1BALI0001,وبوعلی,سرمایه‌گذاری‌بوعلی,39360000000000,3280,0,0,3280,3210,3200,3190,3160,6.1,0,3280,0,0,0,0,0,0,0,0,0,3280,15000,1863,3000,2009,1963,0,0,0,0,0,06:10:23,3370,3190,0,0,0,12000000000,1,1,1,1,1,0,0,0,0,0
0,0,0,0,0,0,0,0,1,صندوق سرمایه‌گذاری قابل معامله,68,,28374437855144739,IRTKALTN0001,آلتون,صندوق س. کالای آسمان,258397200000000,71777,0,0,71500,71100,71000,70740,70565,,0,72097,0,0,0,0,72247,72248,73452,73999,74064,71777,100,15,100,150,457,3000,3000,69,68,30000,06:10:40,78954,64600,0,0,0,3600000000,1,1,1,1,1,1,1,1,1,1
0,0,0,0,0,0,0,0,1,مواد و محصولات دارویی,43,3831,28431095903407567,IRO3KSPZ0001,کاسپین,داروسازی کاسپین تامین,274485800000000,34570,0,0,34570,33570,33540,33500,32640,9,0,34570,0,0,0,0,35070,35550,35660,35800,35900,34570,156734,12601,10000,150,10000,561,400,400,3000,3000,06:10:30,35600,33540,0,0,0,7940000000,10,8,1,1,1,2,2,2,1,1
0,0,0,0,0,0,0,0,1,صندوق سرمایه‌گذاری قابل معامله,68,,28551661889797217,IRT1ZITN0001,زیتون,صندوق س زیتون نماد پایا- مختلط,86418000000000,43209,0,0,42844,42790,42740,42212,42000,,0,43205,0,0,0,0,43400,43519,43599,43719,0,43209,3000,3000,4000,1760,10000,4500,4402,200,4402,0,06:10:39,44505,41913,0,0,0,2000000000,1,1,1,1,1,2,1,1,1,0
0,0,0,0,0,0,0,0,1,محصولات غذایی و آشامیدنی به جز قند و شکر,42,1348,28672095850798501,IRO1SLMN0001,غسالم,سالمین,51000000000000,8500,0,0,8460,8260,8020,0,0,6.3,0,8500,0,0,0,0,8880,9150,9290,0,0,8500,4026,3212,3000,0,0,1667,1515,539,0,0,06:10:32,8750,8250,0,0,0,6000000000,2,3,1,0,0,1,2,1,0,0
0,0,0,0,0,0,0,0,1,استخراج نفت گاز و خدمات جنبی جز اکتشاف,11,2511,28809886765682162,IRO1HSHM0001,حفاری,حفاری شمال,109980000000000,6110,0,0,6110,5940,5770,5690,5600,2.4,0,6110,0,0,0,0,0,0,0,0,0,6110,90066,20000,110868,5000,30000,0,0,0,0,0,06:10:24,6290,5930,0,0,0,18000000000,6,1,2,1,1,0,0,0,0,0
0,0,0,0,0,0,0,0,1,انبوه‌سازی، املاک و مستغلات,70,123,28854105556435129,IRO7CZGP0001,ثزاگرس,سرمایه گذاری توسعه عمران زاگرس,7200600000000,109100,0,0,106000,0,0,0,0,887,0,109200,0,0,0,0,109600,110000,117100,0,0,109100,1010,0,0,0,0,200,20035,591,0,0,06:10:33,112300,105900,0,0,0,66000000,1,0,0,0,0,1,3,1,0,0
0,0,0,0,0,0,0,0,1,فلزات اساسی,27,222,28864540805361867,IRO1FKHZ0001,فخوز,فولاد  خوزستان,609805000000000,2489,0,0,2489,2417,2400,2379,2378,11.2,0,2489,0,0,0,0,3860,0,0,0,0,2489,1961204,2419122,2100,83670,5000,29788,0,0,0,0,06:10:23,2563,2415,0,0,0,245000000000,15,6,1,5,1,3,0,0,0,0
0,0,0,0,0,0,0,0,1,محصولات کاغذی,21,-293,28957320033282870,IRO1KAPA0011,چکاپا,گروه صنایع کاغذ پارس,20196000000000,1683,0,0,1686,1616,1565,1550,1543,-5.7,0,1686,0,0,0,0,1690,1708,1709,1722,1725,1683,8972,10000,9000,4000,15000,10000,80000,32155,5000,128748,06:10:24,1733,1633,0,0,0,12000000000,3,1,1,1,2,1,1,6,1,6
0,0,0,0,0,0,0,0,1,کاشی و سرامیک,49,1590,29122854902865456,IRO1KSAD0001,کسعدی,کاشی‌ سعدی,23160000000000,23160,0,0,23160,22490,22350,20020,0,14.6,0,23160,0,0,0,0,0,0,0,0,0,23160,10686,8222,6686,558,0,0,0,0,0,0,06:10:24,23850,22470,0,0,0,1000000000,2,2,1,2,0,0,0,0,0,0
0,0,0,0,0,0,0,0,1,مواد و محصولات دارویی,43,1109,29247915161590165,IRO1DLGM0001,دلقما,دارویی‌ لقمان,105422045000000,10300,0,0,10300,10200,10010,10000,9790,9.3,0,10300,0,0,0,0,10400,10450,10500,10530,10550,10300,74986,1172,3085,10501,2413,5000,5000,5000,20959,5000,06:10:23,10600,10000,0,0,0,10235150000,9,1,1,2,1,1,1,1,3,1
0,0,0,0,0,0,0,0,1,رایانه و فعالیت‌های وابسته به آن,72,830,29590002988360984,IRO3SSYZ0001,سپیدار,سپیدار سیستم آسیا,146324000000000,9320,0,0,9060,8780,8400,8320,8250,11.2,0,9320,0,0,0,0,9470,9490,0,0,0,9320,560,113483,29052,40000,8000,1058,880,0,0,0,06:10:33,9590,9050,0,0,0,15700000000,1,1,1,2,1,6,2,0,0,0
0,0,0,0,0,0,0,0,1,سیمان، آهک و گچ,53,1143,29747059672582491,IRO1SHZG0001,سهرمز,سیمان‌هرمزگان,153361920000000,21020,0,0,19990,0,0,0,0,18.4,0,21030,0,0,0,0,21210,21390,22000,22050,0,21020,133059,0,0,0,0,240,236,2500,229,0,06:10:32,21650,20390,0,0,0,7296000000,2,0,0,0,0,1,1,1,1,0
0,0,0,0,0,0,0,0,1,سرمایه‌گذاری‌ها,56,694,29875801858560476,IRO1MHRN0001,مهرگان,گروه مالی مهرگان تامین پارس,406245000000000,11130,0,0,11050,10500,10490,10190,9690,16,0,11130,0,0,0,0,16520,0,0,0,0,11130,500,10000,477,491,550,6849,0,0,0,0,06:10:24,11460,10800,0,0,0,36500000000,1,1,1,1,1,3,0,0,0,0
0,0,0,0,0,0,0,0,1,عرضه برق، گاز، بخار و آب گرم,40,466,29882244560576007,IRO3ZKPZ0001,بزاگرس,نیروگاه زاگرس کوثر,53760000000000,8960,0,0,8470,8010,0,0,0,19.2,0,8960,0,0,0,0,0,0,0,0,0,8960,2000000,12644,0,0,0,0,0,0,0,0,06:10:33,9220,8700,0,0,0,6000000000,7,1,0,0,0,0,0,0,0,0
0,0,0,0,0,0,0,0,1,فلزات اساسی,27,186,29974853866926823,IRO3IZSZ0001,فروی,ذوب روی اصفهان,22419000000000,2491,0,0,2491,2430,2360,2310,2308,13.4,0,2491,0,0,0,0,2502,2554,2580,2594,2619,2491,7000,8840,15000,27500,10000,187,1976,4500,211802,2000,06:10:30,2565,2417,0,0,0,9000000000,1,1,1,1,1,1,1,1,4,1
0,0,0,0,0,0,0,0,1,صندوق سرمایه‌گذاری قابل معامله,68,,30215634246748564,IRT1ANAR0001,انار,صندوق س.انارنماد ارزش-درسهام,20180000000000,40360,0,0,19000,0,0,0,0,,0,40168,0,0,0,0,0,0,0,0,0,40360,1104,0,0,0,0,0,0,0,0,0,06:10:39,41570,39150,0,0,0,500000000,1,0,0,0,0,0,0,0,0,0
0,0,0,0,0,0,0,0,1,منسوجات,17,1270,30231789123900526,IRO1MRIN0001,نمرینو,ایران‌ مرینوس,13950000000000,9300,0,0,9170,0,0,0,0,7.3,0,9320,0,0,0,0,9780,0,0,0,0,9300,580,0,0,0,0,516,0,0,0,0,06:10:24,9570,9030,0,0,0,1500000000,1,0,0,0,0,1,0,0,0,0
0,0,0,0,0,0,0,0,1,صندوق سرمایه‌گذاری قابل معامله,68,,30282299500988269,IRT3FKOF0001,آکورد,صندوق س. آرمان آتی کوثر-د,98526400000000,123158,0,0,68412,0,0,0,0,,0,123158,0,0,0,0,0,0,0,0,0,123158,73,0,0,0,0,0,0,0,0,0,06:10:38,126852,119464,0,0,0,800000000,1,0,0,0,0,0,0,0,0,0
0,0,0,0,0,0,0,0,1,سرمایه‌گذاری‌ها,56,904,30447901674051381,IRO1VMDR0001,ومدیر,گ.مدیریت ارزش سرمایه ص ب کشوری,70928000000000,2728,0,0,2730,2722,2581,2573,2572,3,0,2730,0,0,0,0,2762,0,0,0,0,2728,56344,50000,10000,10000,2010,9375,0,0,0,0,06:10:32,2809,2647,0,0,0,26000000000,1,1,1,1,1,7,0,0,0,0
0,0,0,0,0,0,0,0,1,صندوق سرمایه‌گذاری قابل معامله,68,,30582275818828857,IRTKNAAB0001,ناب,صندوق س.پشتوانه طلا نهایت نگر,307696000000000,76924,0,0,76000,75900,75879,75728,75500,,0,77220,0,0,0,0,77988,78200,78500,78572,78730,76924,309,15,20,150,20,220,43,100,100,128,06:10:40,84616,69232,0,0,0,4000000000,2,1,1,1,1,1,1,1,1,1
0,0,0,0,0,0,0,0,1,ماشین‌آلات و تجهیزات,29,849,30650426998863332,IRO1BOTA0001,لبوتان,گروه‌صنعتی‌بوتان,63632372080000,4460,0,0,0,0,0,0,0,5.3,0,4470,0,0,0,0,4540,4550,4590,4630,0,4460,0,0,0,0,0,300000,300000,300000,300000,0,06:10:23,4590,4330,0,0,0,14267348000,0,0,0,0,0,1,1,1,1,0
0,0,0,0,0,0,0,0,1,استخراج کانه‌های فلزی,13,870,30703140537034664,IRO3GZIZ0001,کگهر,معدنی و صنعتی گهرزمین,1600200000000000,7620,0,0,7630,7590,7530,7470,7460,8.8,0,7630,0,0,0,0,7690,7810,7860,7870,0,7620,20052,94904,10000,10000,800,1126,2198,305500,2001,0,06:10:29,7840,7400,0,0,0,210000000000,2,3,1,1,1,1,1,2,2,0
0,0,0,0,0,0,0,0,1,محصولات شیمیایی,44,333,30714151942396396,IRO1TBAN0001,تابان,گروه پتروشیمی تابان فردا,4443000000000000,14810,0,0,14810,14800,14770,14580,14520,44.5,0,14810,0,0,0,0,0,0,0,0,0,14810,5729172,2200,5000,1000,8439,0,0,0,0,0,06:10:32,15250,14370,0,0,0,300000000000,366,1,1,1,1,0,0,0,0,0
0,0,0,0,0,0,0,0,1,صندوق سرمایه‌گذاری قابل معامله,68,,30714541738317499,IRTKTAB10001,نقرفام,صندوق س.کالای تابان تمدن1,18566000000000,9283,0,0,9313,9267,9213,9212,9203,,0,9332,0,0,0,0,9457,9500,9669,9690,9709,9283,2790,100000,1000,200,1448,5220,681084,1000,1000,1000,06:10:40,10211,8355,0,0,0,2000000000,1,1,1,1,1,1,8,1,1,1
0,0,0,0,0,0,0,0,1,ماشین‌آلات و تجهیزات,29,809,30719054967088301,IRO1COMB0001,تکمبا,کمباین‌ سازی‌ ایران,13990983308120,8120,0,0,8040,7960,7940,7740,7500,10,0,8120,0,0,0,0,8190,8330,8340,8410,8560,8120,3717,3754,2000,5000,5000,10000,6400,1612,595,33169,06:10:23,8360,7880,0,0,0,1723027501,1,1,1,1,1,1,2,1,1,2
0,0,0,0,0,0,0,0,1,ساخت محصولات فلزی,28,2172,30765727085936322,IRO1JAMD0001,فجام,جام‌دارو,21504000000000,17920,0,0,17920,17390,16880,0,0,8.3,0,17920,0,0,0,0,18400,18850,0,0,0,17920,1120,20000,200000,0,0,2000,272,0,0,0,06:10:24,18450,17390,0,0,0,1200000000,1,1,2,0,0,1,2,0,0,0
0,0,0,0,0,0,0,0,1,سیمان، آهک و گچ,53,1902,30829203706095076,IRO1STEH0001,ستران,سیمان‌ تهران,257719999984840,15160,0,0,15160,14720,14500,14300,0,8,0,15160,0,0,0,0,0,0,0,0,0,15160,7178,2712,13743,11081,0,0,0,0,0,0,06:10:32,15610,14710,0,0,0,16999999999,3,2,1,2,0,0,0,0,0,0
0,0,0,0,0,0,0,0,1,انبوه‌سازی، املاک و مستغلات,70,264,30852391633490755,IRO1OFRS0001,ثفارس,عمران‌وتوسعه‌فارس,62127000000000,15340,0,0,15250,15180,15150,15120,15100,58.1,0,15350,0,0,0,0,15390,16020,16070,0,0,15340,20000,40000,40000,30000,40000,5000,29800,100814,0,0,06:10:24,15800,14880,0,0,0,4050000000,1,1,1,1,1,1,3,3,0,0
0,0,0,0,0,0,0,0,1,محصولات شیمیایی,44,523,30974710508383145,IRO1SHSI0001,شسینا,صنایع‌شیمیایی‌سینا,19008000000000,3960,0,0,3900,3690,0,0,0,7.6,0,3970,0,0,0,0,6000,0,0,0,0,3960,1413,1360,0,0,0,35000,0,0,0,0,06:10:32,4070,3850,0,0,0,4800000000,1,1,0,0,0,1,0,0,0,0
0,0,0,0,0,0,0,0,1,محصولات غذایی و آشامیدنی به جز قند و شکر,42,45,31024260997481994,IRO1GORJ0001,غگرجی,بیسکویت‌  گرجی,15937500000000,4250,0,0,4010,0,0,0,0,94.4,0,4250,0,0,0,0,4290,4320,4540,4600,4630,4250,1400,0,0,0,0,1176,1000,11411,300000,3080,06:10:24,4370,4130,0,0,0,3750000000,1,0,0,0,0,1,1,2,1,2
0,0,0,0,0,0,0,0,1,صندوق سرمایه‌گذاری قابل معامله,68,,31039212000825988,IRT3AVNF0001,آوند,صندوق س. آوند مفید-د,512688250000000,29938,0,0,29935,29932,29910,29905,29904,,0,29947,0,0,0,0,29950,30000,30160,30215,30395,29938,1000000,2500,100,35,35,198,16185,400000,140,1000,06:10:38,30836,29040,0,0,0,17125000000,1,1,1,1,1,1,2,1,4,1
0,0,0,0,0,0,0,0,1,مواد و محصولات دارویی,43,1711,31049085025064185,IRO7THSP0001,شتهران,داروسازی تهران شیمی,42240082500000,6300,0,0,6360,6300,0,0,0,3.7,0,6300,0,0,0,0,0,0,0,0,0,6300,1528700,64065,0,0,0,0,0,0,0,0,06:10:36,6360,6240,0,0,0,6704775000,10,3,0,0,0,0,0,0,0,0
0,0,0,0,0,0,0,0,1,سایر واسطه‌گری‌های مالی,58,406,31078457170311964,IRO3ISLZ0001,ولشرق,لیزینگ ایران و شرق,9820000000000,4910,0,0,4630,4520,0,0,0,12.1,0,4910,0,0,0,0,0,0,0,0,0,4910,2300,1322,0,0,0,0,0,0,0,0,06:10:30,5050,4770,0,0,0,2000000000,1,1,0,0,0,0,0,0,0,0
0,0,0,0,0,0,0,0,1,زراعت و خدمات وابسته,1,531,31116454489395198,IRO1TDKO0001,تادیکو,س.کشت ودام صنایع لبنی تامین,118950000000000,7930,0,0,7940,7730,7650,7580,7550,14.9,0,7940,0,0,0,0,7970,7990,8000,8020,8040,7930,50000,10000,10000,1660,269085,9524,647,1294,6971,1296,06:10:32,8160,7700,0,0,0,15000000000,1,1,1,2,2,12,1,2,13,2
0,0,0,0,0,0,0,0,1,صندوق سرمایه‌گذاری قابل معامله,68,,31230051169165044,IRT3TAMF0001,طعام,صندوق س.بخشی بازده صنایع2-ب,14444500000000,28889,0,0,0,0,0,0,0,,0,29021,0,0,0,0,29599,0,0,0,0,28889,0,0,0,0,0,100000,0,0,0,0,06:10:39,29755,28023,0,0,0,500000000,0,0,0,0,0,1,0,0,0,0
0,0,0,0,0,0,0,0,1,صندوق سرمایه‌گذاری قابل معامله,68,,31248540252187559,IRT3MBEF0001,مروارید,صندوق س. مروارید آتا-س,9796500000000,19593,0,0,18800,0,0,0,0,,0,19605,0,0,0,0,0,0,0,0,0,19593,300,0,0,0,0,0,0,0,0,0,06:10:39,20180,19006,0,0,0,500000000,1,0,0,0,0,0,0,0,0,0
0,0,0,0,0,0,0,0,1,صندوق سرمایه‌گذاری قابل معامله,68,,31278515339080281,IRT3MKHF0001,مختلط,صندوق س.مختلط کاریزما-م,24219000000000,48438,0,0,0,0,0,0,0,,0,48431,0,0,0,0,48795,49158,49258,49299,49558,48438,0,0,0,0,0,31323,20000,5519,100000,5519,06:10:39,49891,46985,0,0,0,500000000,0,0,0,0,0,1,1,1,1,1
0,0,0,0,0,0,0,0,1,صندوق سرمایه‌گذاری قابل معامله,68,,31366347648583654,IRT1ARGH0001,ارمغان,ص سرمایه گذاری ارمغان ایرانیان,50055000000000,10011,0,0,0,0,0,0,0,,0,10012,0,0,0,0,10530,0,0,0,0,10011,0,0,0,0,0,5000,0,0,0,0,06:10:39,10311,9711,0,0,0,5000000000,0,0,0,0,0,1,0,0,0,0
0,0,0,0,0,0,0,0,1,صندوق سرمایه‌گذاری قابل معامله,68,,31389079379596565,IRT3ALGF0001,فرا الگوریتم,صندوق س.بخشی فرا الگوریتم1-ب,33295000000000,33295,0,0,33030,32330,30921,0,0,,0,33315,0,0,0,0,0,0,0,0,0,33295,100000,100000,162,0,0,0,0,0,0,0,06:10:38,34293,32297,0,0,0,1000000000,1,1,1,0,0,0,0,0,0,0
0,0,0,0,0,0,0,0,1,فعالیت‌های کمکی به نهادهای مالی واسط,67,329,31400839654504249,IRO3PGOP0001,تفارس,تامین سرمایه خلیج فارس,59760000000000,1992,0,0,1942,0,0,0,0,6.1,0,1979,0,0,0,0,2029,2030,2037,2038,0,1992,200000,0,0,0,0,2416,50000,8000,41994,0,06:10:30,2051,1933,0,0,0,30000000000,1,0,0,0,0,1,1,2,8,0
0,0,0,0,0,0,0,0,1,صندوق سرمایه‌گذاری قابل معامله,68,,31569200988534548,IRT3LABF0001,لبخند,صندوق س. لبخند فارابی-د,365844000000000,30487,0,0,27993,22268,17982,14787,13750,,0,30487,0,0,0,0,30500,30600,30800,30857,31049,30487,190,100,250,919,100,336,16430,325,167,39889,06:10:39,31401,29573,0,0,0,12000000000,1,1,1,1,1,1,1,1,1,1
0,0,0,0,0,0,0,0,1,صندوق سرمایه‌گذاری قابل معامله,68,,31765923007618205,IRTKCYAN0001,سیان,صندوق س. کالای دیبای معیار1,10376000000000,10376,0,0,10300,10252,10000,9470,9400,,0,10464,0,0,0,0,10630,10897,11000,11200,11300,10376,100000,8800,9995,1000,1500,25750,192,7000,100000,100000,06:10:40,11413,9339,0,0,0,1000000000,1,1,2,1,1,1,1,1,1,1
0,0,0,0,0,0,0,0,1,صندوق سرمایه‌گذاری قابل معامله,68,,31787507070992420,IRT1FARM0001,فارمانی,صندوق س آرمان آتی- بخشی,32898000000000,32898,0,0,32898,32041,0,0,0,,0,32898,0,0,0,0,34797,0,0,0,0,32898,304,300000,0,0,0,4122,0,0,0,0,06:10:39,33884,31912,0,0,0,1000000000,1,1,0,0,0,2,0,0,0,0
0,0,0,0,0,0,0,0,1,محصولات غذایی و آشامیدنی به جز قند و شکر,42,1497,31791737198597563,IRO1SPKH0001,غشان,شیرپاستوریزه‌پگاه‌خراسان,34334390000000,14530,0,0,14000,0,0,0,0,9.7,0,14540,0,0,0,0,14710,14840,14860,15710,15760,14530,400,0,0,0,0,10000,18958,340,1906,1001,06:10:32,14960,14100,0,0,0,2363000000,1,0,0,0,0,1,1,1,1,2
0,0,0,0,0,0,0,0,1,خودرو و ساخت قطعات,34,-286,31879190587976736,IRO1MESI0001,خوساز,محورسازان‌ایران‌خودرو,21535219749060,19230,0,0,18500,0,0,0,0,-67.2,0,19100,0,0,0,0,19640,0,0,0,0,19230,5000,0,0,0,0,1439,0,0,0,0,06:10:24,19800,18660,0,0,0,1119876222,1,0,0,0,0,1,0,0,0,0
0,0,0,0,0,0,0,0,1,سرمایه‌گذاری‌ها,56,492,31987503418964901,IRO3PAIP0001,آریان,سرمایه گذاری پارس آریان,973500000000000,6490,0,0,5180,4000,0,0,0,13.2,0,6550,0,0,0,0,6610,6660,6670,6810,0,6490,9000,5000,0,0,0,1500,3324,10000,55000,0,06:10:30,6680,6300,0,0,0,150000000000,1,2,0,0,0,1,2,2,2,0
0,0,0,0,0,0,0,0,1,کاشی و سرامیک,49,388,32257753560585502,IRO1KHFZ0001,کحافظ,کاشی‌ وسرامیک‌ حافظ,56730745989852,2578,0,0,2578,2503,2374,2260,0,6.6,0,2578,0,0,0,0,2660,0,0,0,0,2578,4000,2002,5528,13176,0,5242,0,0,0,0,06:10:24,2655,2501,0,0,0,22005719934,1,1,1,1,0,2,0,0,0,0
0,0,0,0,0,0,0,0,1,سیمان، آهک و گچ,53,1489,32347247706508046,IRO3SACZ0001,ساوه,سیمان ساوه,186414808901300,10850,0,0,10540,9700,0,0,0,7.3,0,10850,0,0,0,0,11620,12320,14940,15670,15860,10850,5100,60000,0,0,0,500,1000,5000,4978,221130,06:10:30,11170,10530,0,0,0,17181088378,1,2,0,0,0,1,1,1,2,4
0,0,0,0,0,0,0,0,1,محصولات شیمیایی,44,4968,32357363984168442,IRO1PJMZ0001,جم,پتروشیمی جم,1045980000000000,58110,0,0,56550,43680,41140,0,0,11.7,0,58110,0,0,0,0,0,0,0,0,0,58110,176,200,200,0,0,0,0,0,0,0,06:10:32,59850,56370,0,0,0,18000000000,1,1,1,0,0,0,0,0,0,0
0,0,0,0,0,0,0,0,1,صندوق سرمایه‌گذاری قابل معامله,68,,32469128621155736,IRTKZARA0001,مثقال,صندوق س.کالای آگاه,547416000000000,182472,0,0,182555,182200,182100,182000,181565,,0,183509,0,0,0,0,184100,184250,184300,184400,184550,182472,230,549,660,86,6,20,20,6,20,20,06:10:40,200719,164225,0,0,0,3000000000,1,1,2,2,1,1,1,1,1,1
0,0,0,0,0,0,0,0,1,سیمان، آهک و گچ,53,989,32525655729432562,IRO1SBHN0001,سبهان,سیمان‌ بهبهان,47656000000000,6440,0,0,6440,6260,5800,5540,0,6.5,0,6440,0,0,0,0,0,0,0,0,0,6440,31097,800,200000,1000,0,0,0,0,0,0,06:10:32,6630,6250,0,0,0,7400000000,5,1,1,1,0,0,0,0,0,0
0,0,0,0,0,0,0,0,1,کاشی و سرامیک,49,934,32678431934327184,IRO1ALVN0001,کلوند,کاشی‌ الوند,38894500000000,7270,0,0,7270,7140,7100,6860,6850,7.8,0,7270,0,0,0,0,0,0,0,0,0,7270,1397,74850,20000,21785,1000,0,0,0,0,0,06:10:23,7480,7060,0,0,0,5350000000,2,2,1,1,1,0,0,0,0,0
0,0,0,0,0,0,0,0,1,لاستیک و پلاستیک,25,1599,32784604551756178,IRO3YZTZ0001,پیزد,مجتمع صنایع لاستیک یزد,95359250000000,10150,0,0,10150,9880,9860,9580,9310,6.3,0,10150,0,0,0,0,0,0,0,0,0,10150,297691,1000,31621,12040,1000,0,0,0,0,0,06:10:33,10450,9850,0,0,0,9395000000,15,1,3,3,1,0,0,0,0,0
0,0,0,0,0,0,0,0,1,انبوه‌سازی، املاک و مستغلات,70,62,32845891587040106,IRO1NSTH0001,ثنوسا,نوسازی‌وساختمان‌تهران,25537300000000,9710,0,0,9450,9070,7820,0,0,156.6,0,9710,0,0,0,0,9770,0,0,0,0,9710,572,10000,1000,0,0,1000,0,0,0,0,06:10:24,10000,9420,0,0,0,2630000000,1,1,1,0,0,1,0,0,0,0
0,0,0,0,0,0,0,0,1,صندوق سرمایه‌گذاری قابل معامله,68,,33015297618582406,IRT3KRMF0001,کارما,صندوق س.درآمد ثابت کیهان-د,20884000000000,20884,0,0,13533,0,0,0,0,,0,20884,0,0,0,0,0,0,0,0,0,20884,100000,0,0,0,0,0,0,0,0,0,06:10:39,21510,20258,0,0,0,1000000000,1,0,0,0,0,0,0,0,0,0
0,0,0,0,0,0,0,0,1,صندوق سرمایه‌گذاری قابل معامله,68,,33144542989832366,IRTKZFAM0001,زرفام,صندوق س.کالای آشنا,165165000000000,165165,0,0,165280,164820,164700,164200,164150,,0,165999,0,0,0,0,168900,168951,168999,169555,170100,165165,483,760,400,281,1000,6329,30,18006,29,30,06:10:40,181681,148649,0,0,0,1000000000,1,1,1,1,1,1,1,1,1,1
0,0,0,0,0,0,0,0,1,صندوق سرمایه‌گذاری قابل معامله,68,,33254899395816171,IRTKZARF0001,زر,صندوق س.کالای امید ثروت ایران,192357200000000,961786,0,0,965000,961003,960931,960002,955600,,0,965500,0,0,0,0,971500,977000,980000,985064,985507,961786,500,30,47,100,100,10,6,1209,24,30,06:10:40,1057964,865608,0,0,0,200000000,1,1,1,1,1,1,1,1,4,1
0,0,0,0,0,0,0,0,1,بانک‌ها و موسسات اعتباری,57,668,33293588228706998,IRO1BPAR0001,وپارس,بانک‌پارسیان,986500000000000,1973,0,0,1973,1948,1916,1911,1862,3,0,1973,0,0,0,0,0,0,0,0,0,1973,1096417,3000,60889,30000,1000000,0,0,0,0,0,06:10:23,2032,1914,0,0,0,500000000000,11,1,5,1,1,0,0,0,0,0
0,0,0,0,0,0,0,0,1,مواد و محصولات دارویی,43,3483,33406621820337161,IRO1DJBR0001,دجابر,داروسازی‌ جابرابن‌حیان,107163000000000,47250,0,0,47310,47300,46500,45370,45250,13.6,0,47310,0,0,0,0,48020,49510,49860,77770,0,47250,12202,2000,3000,200,111,2606,675,18374,90,0,06:10:23,48660,45840,0,0,0,2268000000,5,1,1,1,1,2,3,6,1,0
0,0,0,0,0,0,0,0,1,خرده‌فروشی، به‌استثنای وسایل نقلیه موتوری,47,1103,33410001534682920,IRO7REFP0001,رفاه,فروشگاه های زنجیره ای رفاه,22394440389200,49720,0,0,49720,0,0,0,0,45.1,0,49720,0,0,0,0,0,0,0,0,0,49720,20000,0,0,0,0,0,0,0,0,0,06:10:33,50210,49230,0,0,0,450411110,2,0,0,0,0,0,0,0,0,0
0,0,0,0,0,0,0,0,1,زراعت و خدمات وابسته,1,4640,33420285433308219,IRO1ZPRS0001,زپارس,ملی کشت و صنعت و دامپروری پارس,55325231000000,39650,0,0,37890,0,0,0,0,8.5,0,39650,0,0,0,0,40640,41560,42150,42500,42560,39650,200,0,0,0,0,7500,1388,5000,1200,20000,06:10:32,40830,38470,0,0,0,1395340000,1,0,0,0,0,3,2,1,1,1
0,0,0,0,0,0,0,0,1,فلزات اساسی,27,93,33441514568901717,IRO1MDKO0001,میدکو,توسعه معادن وص.معدنی خاورمیانه,1937200000000000,6680,0,0,6690,6450,0,0,0,71.8,0,6690,0,0,0,0,6750,6790,6810,6830,7000,6680,600000,20000,0,0,0,748,20000,10000,10000,143421,06:10:24,6880,6480,0,0,0,290000000000,2,2,0,0,0,1,1,1,1,1
0,0,0,0,0,0,0,0,1,صندوق سرمایه‌گذاری قابل معامله,68,,33527290777160784,IRT3OFRF0001,رابین,صندوق س. توسعه افق رابین-د,27714000000000,27714,0,0,20492,0,0,0,0,,0,27714,0,0,0,0,28269,0,0,0,0,27714,100,0,0,0,0,249,0,0,0,0,06:10:39,28545,26883,0,0,0,1000000000,1,0,0,0,0,2,0,0,0,0
0,0,0,0,0,0,0,0,1,مواد و محصولات دارویی,43,2096,33603212156438463,IRO1DDPK0001,دشیمی,شیمی‌ داروئی‌ داروپخش,45270000000000,50300,0,0,48130,47510,46160,0,0,24,0,50410,0,0,0,0,50730,0,0,0,0,50300,3000,1000,500,0,0,555,0,0,0,0,06:10:23,51800,48800,0,0,0,900000000,2,1,1,0,0,1,0,0,0,0
0,0,0,0,0,0,0,0,1,محصولات غذایی و آشامیدنی به جز قند و شکر,42,401,33611155027418901,IRO3SHHZ0001,غشهداب,کشت و صنعت شهداب ناب خراسان,25646920000000,2294,0,0,2275,2229,2163,2146,0,5.7,0,2295,0,0,0,0,2325,2345,2410,2415,0,2294,50000,2248,17317,182077,0,70199,5000,2137,72051,0,06:10:30,2362,2226,0,0,0,11180000000,1,1,3,1,0,7,1,1,5,0
0,0,0,0,0,0,0,0,1,عرضه برق، گاز، بخار و آب گرم,40,334,33629260529503413,IRO3JPPZ0001,بجهرم,توسعه مولد نیروگاهی جهرم,117310515983220,3210,0,0,3220,3190,3140,3040,0,9.6,0,3220,0,0,0,0,3260,3330,3340,3380,3390,3210,507596,28000,2000,2500,0,12986,130000,8000,100000,101387,06:10:30,3300,3120,0,0,0,36545332082,3,1,1,1,0,3,3,1,1,2
0,0,0,0,0,0,0,0,1,صندوق سرمایه‌گذاری قابل معامله,68,,33677077231841786,IRT3PC050001,اکسیر,ص.خ.اکسیر زیست پارسیان70%تادیه,3381000000000,966000,0,0,869400,0,0,0,0,,0,966000,0,0,0,0,0,0,0,0,0,966000,10000,0,0,0,0,0,0,0,0,0,06:10:39,1062600,869400,0,0,0,3500000,1,0,0,0,0,0,0,0,0,0
0,0,0,0,0,0,0,0,1,خودرو و ساخت قطعات,34,745,33716211077781594,IRO3NIPZ0001,خنور,نورایستا پلاستیک,63812500000000,10210,0,0,9600,0,0,0,0,13.7,0,10240,0,0,0,0,10440,0,0,0,0,10210,530,0,0,0,0,45557,0,0,0,0,06:10:30,10510,9910,0,0,0,6250000000,1,0,0,0,0,1,0,0,0,0
0,0,0,0,0,0,0,0,1,صندوق سرمایه‌گذاری قابل معامله,68,,33761569293467411,IRTKSIMI0001,سیمین,صندوق س.نقره سیمین هوبر,64610000000000,12922,0,0,12890,12870,12838,12829,12800,,0,12965,0,0,0,0,13030,13098,13099,13100,13119,12922,3500,880,809,40000,20000,1000,100000,100000,100765,100000,06:10:40,14214,11630,0,0,0,5000000000,1,1,1,1,1,1,1,1,2,1
0,0,0,0,0,0,0,0,1,خودرو و ساخت قطعات,34,2337,33783140337377394,IRO1CHAR0001,خچرخش,چرخشگر,20669977000790,21710,0,0,18850,0,0,0,0,9.3,0,21710,0,0,0,0,0,0,0,0,0,21710,1000,0,0,0,0,0,0,0,0,0,06:10:23,22360,21060,0,0,0,952094749,1,0,0,0,0,0,0,0,0,0
0,0,0,0,0,0,0,0,1,سیمان، آهک و گچ,53,11804,33808206014018431,IRO1SMAZ0001,سمازن,سیمان‌مازندران,214542000000000,87000,0,0,84390,81940,74440,54000,52800,7.4,0,87000,0,0,0,0,0,0,0,0,0,87000,100,500,5000,93,100,0,0,0,0,0,06:10:32,89610,84390,0,0,0,2466000000,1,1,1,1,1,0,0,0,0,0
0,0,0,0,0,0,0,0,1,خدمات فنی و مهندسی,74,1608,33854964748757477,IRO3GEMZ0001,رنیک,جنرال مکانیک,71529000000000,12660,0,0,12660,12300,12200,12010,12000,7.9,0,12660,0,0,0,0,12860,12880,12940,12980,13150,12660,4958,35200,100000,100000,40000,180,392,393,389,100000,06:10:29,13030,12290,0,0,0,5650000000,1,1,1,1,1,1,1,2,1,1
0,0,0,0,0,0,0,0,1,صندوق سرمایه‌گذاری قابل معامله,68,,33887145736684266,IRT3SAGF0001,آگاس,صندوق س.هستی بخش آگاه-س,387485600000000,484357,0,0,484646,480541,480540,470532,470531,,0,484646,0,0,0,0,487622,0,0,0,0,484357,36,3,3,3,3,1558,0,0,0,0,06:10:39,498887,469827,0,0,0,800000000,3,1,1,1,1,2,0,0,0,0
0,0,0,0,0,0,0,0,1,صندوق سرمایه‌گذاری قابل معامله,68,,33923981945674722,IRT1HAMT0001,همتا,صندوق س قلک همتا-سهام,8143200000000,20358,0,0,19400,19300,19200,19100,19000,,0,20375,0,0,0,0,0,0,0,0,0,20358,7000,21000,28000,7000,7000,0,0,0,0,0,06:10:39,20968,19748,0,0,0,400000000,1,3,4,1,1,0,0,0,0,0
0,0,0,0,0,0,0,0,1,فراورده‌های نفتی، کک و سوخت هسته‌ای,23,3216,33931218652865616,IRO1NAFT0001,ونفت,سرمایه‌گذاری‌ صنعت‌ نفت,56820000000000,9470,0,0,9490,9260,9220,9190,9150,2.9,0,9490,0,0,0,0,9700,9710,9790,9990,10000,9470,21205,2000,543,3023,15003,520,11000,14032,505,540,06:10:24,9750,9190,0,0,0,6000000000,3,1,1,1,3,1,3,4,1,1
0,0,0,0,0,0,0,0,1,سرمایه‌گذاری‌ها,56,583,33938004134399485,IRO1STIZ0001,صبا,گروه مالی صبا تامین,863650000000000,7510,0,0,7510,7300,7290,7210,7090,12.9,0,7510,0,0,0,0,0,0,0,0,0,7510,282420,18700,50000,795,6000,0,0,0,0,0,06:10:32,7730,7290,0,0,0,115000000000,5,4,1,1,2,0,0,0,0,0
0,0,0,0,0,0,0,0,1,محصولات غذایی و آشامیدنی به جز قند و شکر,42,130,34032872653290886,IRO1LPAK0001,غپاک,لبنیات‌ پاک,30087855946960,2260,0,0,2260,0,0,0,0,17.4,0,2260,0,0,0,0,0,0,0,0,0,2260,116715,0,0,0,0,0,0,0,0,0,06:10:24,2327,2193,0,0,0,13313210596,6,0,0,0,0,0,0,0,0,0
0,0,0,0,0,0,0,0,1,صندوق سرمایه‌گذاری قابل معامله,68,,34074071043606558,IRT1DARN0001,دارونو,صندوق س صنایع مفید5-بخشی,110961000000000,36987,0,0,36987,36210,35910,35850,35829,,0,36987,0,0,0,0,37000,37009,37035,37038,37061,36987,34842,28,289461,500,304,6044,436,500,1036,24850,06:10:39,38096,35878,0,0,0,3000000000,19,1,9,1,1,4,2,1,2,6
0,0,0,0,0,0,0,0,1,صندوق سرمایه‌گذاری قابل معامله,68,,34144395039913458,IRTKMOFD0001,عیار,صندوق طلای عیار مفید,3155978240000000,636928,0,0,640449,640000,639289,639122,639000,,0,640455,0,0,0,0,641000,641500,642000,642530,642870,636928,1600,2,3,2,5015,387,1000,227,80,10,06:10:40,700620,573236,0,0,0,4955000000,1,1,1,1,4,4,1,2,2,1
0,0,0,0,0,0,0,0,1,محصولات غذایی و آشامیدنی به جز قند و شکر,42,1000,34213522001938649,IRO3ALSZ0001,عالیس,بهار رز عالیس چناران,123000000000000,6150,0,0,6150,6000,5810,0,0,6.2,0,6150,0,0,0,0,0,0,0,0,0,6150,35000,12000,11000,0,0,0,0,0,0,0,06:10:29,6330,5970,0,0,0,20000000000,2,1,2,0,0,0,0,0,0,0
0,0,0,0,0,0,0,0,1,صندوق سرمایه‌گذاری قابل معامله,68,,34322849244939912,IRT3RT050001,کاشانه,ص.س املاک وم.کاشانه خلیج فارس,4748800000000,13568,0,0,13606,13551,13506,13451,13406,,0,13635,0,0,0,0,13709,13812,13940,14238,15160,13568,140,145,150,155,160,365,363,359,4,330,06:10:39,13975,13161,0,0,0,350000000,1,1,1,1,1,1,1,1,1,1
0,0,0,0,0,0,0,0,1,خرده‌فروشی، به‌استثنای وسایل نقلیه موتوری,47,345,34540569618314880,IRO3GASZ0001,قاسم,قاسم ایران,114041141118565,2395,0,0,2396,2380,2263,2259,2211,6.9,0,2396,0,0,0,0,2470,0,0,0,0,2395,4000,3000,3000,3000,40000,2043,0,0,0,0,06:10:29,2466,2324,0,0,0,47616342847,1,1,1,1,1,1,0,0,0,0
0,0,0,0,0,0,0,0,1,لاستیک و پلاستیک,25,93,34552750623263639,IRO3PLSP0001,پلاست,کارخانجات تولیدی پلاستیران,16058000000000,2294,0,0,2231,2204,2070,2062,2057,24.7,0,2277,0,0,0,0,2318,2330,2339,2340,2388,2294,400000,406666,2500,200000,200000,6782,4432,600000,130000,2128,06:10:30,2362,2226,0,0,0,7000000000,1,2,1,1,1,1,1,1,1,1
0,0,0,0,0,0,0,0,1,مواد و محصولات دارویی,43,47,34557241988629814,IRO1BRKT0001,برکت,گروه دارویی برکت,86873400000000,5010,0,0,5010,4880,4870,4800,4780,106.6,0,5010,0,0,0,0,5020,5170,5180,0,0,5010,295212,4216,10000,10000,10004,5035,2000,74071,0,0,06:10:23,5160,4860,0,0,0,17340000000,9,1,1,1,1,3,1,11,0,0
0,0,0,0,0,0,0,0,1,مواد و محصولات دارویی,43,5718,34641719089573667,IRO1TMVD0001,دتماد,تولیدمواداولیه‌داروپخش,166096000000000,59320,0,0,0,0,0,0,0,10.4,0,59310,0,0,0,0,60220,60230,61740,0,0,59320,0,0,0,0,0,1000,4507,464,0,0,06:10:32,61090,57550,0,0,0,2800000000,0,0,0,0,0,1,1,3,0,0
0,0,0,0,0,0,0,0,1,ساخت محصولات فلزی,28,922,34673681828119297,IRO1SAMA0001,فاما,صنعتی‌ آما,75250000000000,6020,0,0,6020,5680,5380,0,0,6.5,0,6020,0,0,0,0,0,0,0,0,0,6020,4500,3000,2500,0,0,0,0,0,0,0,06:10:32,6200,5840,0,0,0,12500000000,1,1,1,0,0,0,0,0,0,0
0,0,0,0,0,0,0,0,1,صندوق سرمایه‌گذاری قابل معامله,68,,34718633636164421,IRT1KMND0001,کمند,صندوق س. با درآمد ثابت کمند,100090000000000,10009,0,0,9965,9214,9167,9120,9036,,0,10009,0,0,0,0,10273,10300,10360,10400,10403,10009,10000,5000,550,550,1331,11700,2000,100,500,4038,06:10:39,10309,9709,0,0,0,10000000000,1,1,1,1,2,1,1,1,1,1
0,0,0,0,0,0,0,0,1,صندوق سرمایه‌گذاری قابل معامله,68,,34856765062083074,IRT3BAZF0001,بازده,صندوق س. بازده ثابت-د,7768200000000,25894,0,0,22207,0,0,0,0,,0,25894,0,0,0,0,25998,26390,0,0,0,25894,180,0,0,0,0,6560,6600,0,0,0,06:10:38,26670,25118,0,0,0,300000000,1,0,0,0,0,1,1,0,0,0
0,0,0,0,0,0,0,0,1,سیمان، آهک و گچ,53,11188,34890845654517313,IRO1SADB0001,ساربیل,سیمان آرتا اردبیل,138096000000000,95900,0,0,85310,0,0,0,0,8.6,0,95910,0,0,0,0,0,0,0,0,0,95900,1079,0,0,0,0,0,0,0,0,0,06:10:32,98770,93030,0,0,0,1440000000,2,0,0,0,0,0,0,0,0,0
0,0,0,0,0,0,0,0,1,فلزات اساسی,27,0,35142337153422264,IRR3IZSZ0101,فرویح,ح .ذوب روی اصفهان,5319000000000,1182,0,0,1122,1025,1021,0,0,0,0,1182,0,0,0,0,1189,1197,1199,1215,0,1182,89000,5000,5000,0,0,1000000,27888,1000000,20000,0,06:10:37,1217,1147,0,0,0,4500000000,1,1,1,0,0,1,1,1,1,0
0,0,0,0,0,0,0,0,1,استخراج کانه‌های فلزی,13,0,35150770536114195,IRR1SADR0101,تاصیکوح,ح . سرمایه گذاری صدرتامین,602160000000000,25090,0,0,25330,25000,24990,24800,24620,0,0,25000,0,0,0,0,0,0,0,0,0,25090,296172,125000,1361,386,388,0,0,0,0,0,06:10:38,25840,24340,0,0,0,24000000000,10,2,2,1,1,0,0,0,0,0
0,0,0,0,0,0,0,0,1,محصولات غذایی و آشامیدنی به جز قند و شکر,42,3154,35158826900216508,IRO1PIAZ0001,غاذر,کشت‌وصنعت‌پیاذر,27839465680000,32240,0,0,32180,31000,30550,0,0,10.2,0,32410,0,0,0,0,0,0,0,0,0,32240,318,21190,2282,0,0,0,0,0,0,0,06:10:32,33200,31280,0,0,0,863507000,2,2,1,0,0,0,0,0,0,0
0,0,0,0,0,0,0,0,1,فراورده‌های نفتی، کک و سوخت هسته‌ای,23,6293,35178706978554988,IRO3NPSZ0001,شپاس,نفت پاسارگاد,116400000000000,48500,0,0,48500,48000,47090,41290,37030,7.7,0,48500,0,0,0,0,0,0,0,0,0,48500,2431,110,2700,122,150,0,0,0,0,0,06:10:30,49950,47050,0,0,0,2400000000,3,1,2,1,1,0,0,0,0,0
0,0,0,0,0,0,0,0,1,سیمان، آهک و گچ,53,5074,35331248532537562,IRO1ARDS0001,اردستان,سیمان اردستان,67873000000000,29900,0,0,29900,29030,28190,27350,26600,5.9,0,29900,0,0,0,0,0,0,0,0,0,29900,26903,173,3678,6000,191,0,0,0,0,0,06:10:23,30790,29010,0,0,0,2270000000,5,1,2,1,1,0,0,0,0,0
0,0,0,0,0,0,0,0,1,فراورده‌های نفتی، کک و سوخت هسته‌ای,23,2555,35366681030756042,IRO1PNBA0001,شبندر,پالایش نفت بندرعباس,5592990067665000,13650,0,0,13660,13640,13620,13600,13550,5.3,0,13660,0,0,0,0,13740,13750,13760,13770,14990,13650,35663,26521,10000,1174,3120,100000,100000,118200,68677,2009,06:10:32,14050,13250,0,0,0,409742862100,19,1,1,1,1,1,1,4,14,1
0,0,0,0,0,0,0,0,1,سرمایه‌گذاری‌ها,56,143,35369183060321179,IRO7IFMP0001,ومشان,سرمایه گذاری مشانیر,26062400000000,25060,0,0,0,0,0,0,0,175.2,0,24960,0,0,0,0,27350,0,0,0,0,25060,0,0,0,0,0,60000,0,0,0,0,06:10:33,25810,24310,0,0,0,1040000000,0,0,0,0,0,1,0,0,0,0
0,0,0,0,0,0,0,0,1,صندوق سرمایه‌گذاری قابل معامله,68,,35389487611786089,IRTKJAMF0001,جام طلا,صندوق س.مبتنی بر کالای فارابی,81960000000000,20490,0,0,20565,20278,19101,19040,18793,,0,20592,0,0,0,0,21130,21220,21500,21550,21865,20490,3500,400,1517,525,300,300,404,1900,900,239,06:10:40,22539,18441,0,0,0,4000000000,1,1,1,1,1,1,1,1,1,1
0,0,0,0,0,0,0,0,1,حمل و نقل، انبارداری و ارتباطات,60,149,35424116338766901,IRO1HFRS0001,حفارس,حمل و نقل بین المللی خلیج فارس,152464897080000,7720,0,0,7280,0,0,0,0,51.8,0,7720,0,0,0,0,0,0,0,0,0,7720,1000,0,0,0,0,0,0,0,0,0,06:10:24,7950,7490,0,0,0,19749339000,1,0,0,0,0,0,0,0,0,0
0,0,0,0,0,0,0,0,1,فلزات اساسی,27,1411,35425587644337450,IRO1MSMI0001,فملی,ملی‌ صنایع‌ مس‌ ایران,34401600000000000,23890,0,0,23890,23880,23850,23800,23790,16.9,0,23890,0,0,0,0,29200,0,0,0,0,23890,1942084,2153,428,2300,3000,2400,0,0,0,0,06:10:24,24600,23180,0,0,0,1440000000000,187,3,1,2,1,1,0,0,0,0
0,0,0,0,0,0,0,0,1,ماشین‌آلات و تجهیزات,29,248,35543935713999309,IRO7ATMP0001,تاتمس,کارخانجات صنعتی وتولیدی اتمسفر,33384000000000,13910,0,0,0,0,0,0,0,56.1,0,13910,0,0,0,0,14370,14660,14670,14700,14830,13910,0,0,0,0,0,10000,1000,10456,10000,12000,06:10:33,14320,13500,0,0,0,2400000000,0,0,0,0,0,1,1,2,1,1
0,0,0,0,0,0,0,0,1,سیمان، آهک و گچ,53,2433,35669480110084448,IRO1SSEP0001,سپاها,سیمان‌سپاهان,143167500000000,21210,0,0,19410,0,0,0,0,8.7,0,21220,0,0,0,0,0,0,0,0,0,21210,9300,0,0,0,0,0,0,0,0,0,06:10:32,21840,20580,0,0,0,6750000000,2,0,0,0,0,0,0,0,0,0
0,0,0,0,0,0,0,0,1,استخراج کانه‌های فلزی,13,241,35700344742885862,IRO1GOLG0001,کگل,معدنی و صنعتی گل گهر,1987270000000000,3034,0,0,3034,3000,2946,2930,0,12.6,0,3034,0,0,0,0,0,0,0,0,0,3034,15400,5000,11701,20802,0,0,0,0,0,0,06:10:24,3125,2943,0,0,0,655000000000,4,1,2,1,0,0,0,0,0,0
0,0,0,0,0,0,0,0,1,محصولات شیمیایی,44,1359,35796086458096255,IRO1SSIN0001,شیران,س. صنایع‌شیمیایی‌ایران,626531311500000,11510,0,0,11100,10870,10840,10820,10780,8.5,0,11530,0,0,0,0,11790,12220,12290,12300,12450,11510,75000,464,20000,9999,500,500,999,12421,492,11189,06:10:32,11850,11170,0,0,0,54433650000,1,1,1,1,1,1,1,4,1,1
0,0,0,0,0,0,0,0,1,صندوق سرمایه‌گذاری قابل معامله,68,,35831329532779850,IRT3NRJF0001,نارنج اهرم,ص.س. اهرمی نارنج-س,143680000000000,57472,0,0,57637,57017,56490,55700,55150,,0,57637,0,0,0,0,57800,58300,58800,59300,59800,57472,659,200,375,1791,600,4000,4250,4000,4000,4184,06:10:39,59770,55174,0,0,0,2500000000,2,1,1,1,2,1,2,1,1,3
0,0,0,0,0,0,0,0,1,سرمایه‌گذاری‌ها,56,1231,35948133957468680,IRO3SARZ0001,سرچشمه,سرمایه گذاری مس سرچشمه,100350000000000,6690,0,0,6690,6650,6500,6320,6310,5.4,0,6690,0,0,0,0,0,0,0,0,0,6690,682569,966,421551,23000,1000,0,0,0,0,0,06:10:30,6890,6490,0,0,0,15000000000,17,1,6,3,1,0,0,0,0,0
0,0,0,0,0,0,0,0,1,قند و شکر,38,-473,35964395659427029,IRO1SHKR0001,قشکر,شکر,13530511500000,5500,0,0,5000,4690,4570,4560,0,-11.6,0,5510,0,0,0,0,0,0,0,0,0,5500,1500,110000,21800,5000,0,0,0,0,0,0,06:10:32,5660,5340,0,0,0,2460093000,1,1,1,1,0,0,0,0,0,0
0,0,0,0,0,0,0,0,1,صندوق سرمایه‌گذاری قابل معامله,68,,36002472163498476,IRT3HAMF0001,همسنگ,صندوق س. شاخصی هم وزن همسنگ-س,39480000000000,19740,0,0,19744,19400,19200,19170,19169,,0,19744,0,0,0,0,19800,19900,19951,0,0,19740,2066,52,10000,200000,741,12000,12000,1000,0,0,06:10:38,20332,19148,0,0,0,2000000000,3,1,2,1,2,3,3,1,0,0
0,0,0,0,0,0,0,0,1,بیمه و صندوق بازنشستگی به جز تامین اجتماعی,66,-10,36235343945196457,IRO7HFIZ0001,وفردا,بیمه هوشمند فردا,6629876236602,1759,0,0,1601,1333,0,0,0,-175.9,0,1766,0,0,0,0,1808,2289,2422,2423,2434,1759,100000,100000,0,0,0,6000,5344,2961,24666,541906,06:10:33,1811,1707,0,0,0,3769116678,1,1,0,0,0,1,3,1,2,1
0,0,0,0,0,0,0,0,1,کاشی و سرامیک,49,966,36236701370110884,IRO3PRPT0001,کپرسپولیس,مجتمع کاشی و سنگ پرسپولیس یزد,57218000000000,8540,0,0,8310,7830,7210,5910,0,8.8,0,8550,0,0,0,0,8660,8670,8690,0,0,8540,300000,10000,700,11000,0,343,342,4883,0,0,06:10:30,8790,8290,0,0,0,6700000000,1,1,1,1,0,1,1,14,0,0
0,0,0,0,0,0,0,0,1,صندوق سرمایه‌گذاری قابل معامله,68,,36255121262639515,IRT3MESF0001,مسگون,صندوق س.بخشی گستره فیروزه4-ب,13943000000000,13943,0,0,13943,13690,13541,13537,12776,,0,13943,0,0,0,0,28000,41500,0,0,0,13943,72292,74,200000,143478,10000,3300,1600,0,0,0,06:10:39,14361,13525,0,0,0,1000000000,6,1,1,6,1,1,1,0,0,0
0,0,0,0,0,0,0,0,1,سرمایه‌گذاری‌ها,56,462,36282416082320053,IRO3AHIZ0001,والماس,س. الماس حکمت ایرانیان,15404400000000,2334,0,0,2338,2202,1842,1801,1769,5.1,0,2338,0,0,0,0,2341,2363,2384,0,0,2334,2153,3000,2812,5000,2928,15241,1475,10673,0,0,06:10:29,2404,2264,0,0,0,6600000000,1,1,1,1,1,3,1,2,0,0
0,0,0,0,0,0,0,0,1,صندوق سرمایه‌گذاری قابل معامله,68,,36592972482259020,IRT3CASF0001,آسام,صندوق س.آرمان سپهر آتی-م,28222650000000,62717,0,0,32300,0,0,0,0,,0,62790,0,0,0,0,62897,0,0,0,0,62717,620,0,0,0,0,5922,0,0,0,0,06:10:38,64598,60836,0,0,0,450000000,1,0,0,0,0,1,0,0,0,0
0,0,0,0,0,0,0,0,1,قند و شکر,38,-45,36671655475498480,IRO7SSUP0001,قشرین,قند شیرین خراسان,32422691772800,3136,0,0,0,0,0,0,0,-69.7,0,3141,0,0,0,0,3200,3250,3330,3340,3560,3136,0,0,0,0,0,40000,30000,70276,16000,300700,06:10:33,3230,3042,0,0,0,10338868550,0,0,0,0,0,1,1,1,1,2
0,0,0,0,0,0,0,0,1,سرمایه‌گذاری‌ها,56,377,36773155987365094,IRO3ETLZ0001,اعتلا,شرکت سرمایه گذاری اعتلاء البرز,18019600000000,2371,0,0,2373,2235,1879,1630,0,6.3,0,2373,0,0,0,0,2383,2390,2440,2441,2495,2371,45900,5500,5000,5000,0,20000,3000,50000,27518,29803,06:10:29,2442,2300,0,0,0,7600000000,1,2,1,1,0,1,1,1,1,1
0,0,0,0,0,0,0,0,1,مواد و محصولات دارویی,43,2066,36899214178084525,IRO1SHFA0001,شفا,سرمایه گذاری شفادارو,175140960000000,64580,0,0,64580,62780,60880,0,0,31.3,0,64580,0,0,0,0,0,0,0,0,0,64580,2200,300,85,0,0,0,0,0,0,0,06:10:32,66510,62650,0,0,0,2712000000,2,1,1,0,0,0,0,0,0,0
0,0,0,0,0,0,0,0,1,سرمایه‌گذاری‌ها,56,612,36995197800118822,IRO7IENP0001,سنوین,سرمایه گذاری اقتصاد نوین,6820000000000,3410,0,0,3390,0,0,0,0,5.6,0,3410,0,0,0,0,0,0,0,0,0,3410,15000,0,0,0,0,0,0,0,0,0,06:10:33,3510,3310,0,0,0,2000000000,1,0,0,0,0,0,0,0,0,0
0,0,0,0,0,0,0,0,1,صندوق سرمایه‌گذاری قابل معامله,68,,37073830945037165,IRT1AFAG0001,آفاق,صندوق س نوع دوم افق آتی-ثابت,46924000000000,11731,0,0,10014,9084,0,0,0,,0,11731,0,0,0,0,0,0,0,0,0,11731,1000,10,0,0,0,0,0,0,0,0,06:10:39,12082,11380,0,0,0,4000000000,1,1,0,0,0,0,0,0,0,0
0,0,0,0,0,0,0,0,1,خودرو و ساخت قطعات,34,10,37089148943784077,IRO7BDZP0001,خبنیان,بنیان دیزل,18364122408000,1864,0,0,1866,1780,1544,0,0,186.4,0,1866,0,0,0,0,0,0,0,0,0,1864,192441,57000,70000,0,0,0,0,0,0,0,06:10:33,1919,1809,0,0,0,9851997000,2,1,2,0,0,0,0,0,0,0
0,0,0,0,0,0,0,0,1,صندوق سرمایه‌گذاری قابل معامله,68,,37118058361762279,IRT3RT040001,مالک آتیه,ص.س.املاک و مستغلات مالک آتیه,6281500000000,12563,0,0,12606,12551,12506,12451,12406,,0,12646,0,0,0,0,13451,0,0,0,0,12563,81,81,82,84,86,1820,0,0,0,0,06:10:39,12939,12187,0,0,0,500000000,1,1,1,1,1,1,0,0,0,0
0,0,0,0,0,0,0,0,1,صندوق سرمایه‌گذاری قابل معامله,68,,37120336886630649,IRT1AGHH0001,بانکا,صندوق س صنایع آگاه4-بخشی,21310000000000,21310,0,0,20890,20766,20403,20390,20144,,0,21388,0,0,0,0,21997,22301,0,0,0,21310,97,98,101,54,100,228,169,0,0,0,06:10:39,21949,20671,0,0,0,1000000000,2,2,2,1,2,1,2,0,0,0
0,0,0,0,0,0,0,0,1,شرکت‌های چند رشته‌ای صنعتی,39,3357,37204371816016200,IRO1SAND0001,وصندوق,سرمایه‌گذاری‌صندوق‌بازنشستگی,960541200000000,23560,0,0,23560,22800,22200,21120,20940,7,0,23560,0,0,0,0,0,0,0,0,0,23560,300,2000,500,120000,300,0,0,0,0,0,06:10:32,24260,22860,0,0,0,40770000000,1,1,1,2,1,0,0,0,0,0
0,0,0,0,0,0,0,0,1,صندوق سرمایه‌گذاری قابل معامله,68,,37222720235819361,IRT1BZRO0001,بذر,صندوق س بذر امید آفرین-سهام,249949700000000,357071,0,0,346811,0,0,0,0,,0,357191,0,0,0,0,357209,0,0,0,0,357071,200,0,0,0,0,97,0,0,0,0,06:10:39,367783,346359,0,0,0,700000000,1,0,0,0,0,1,0,0,0,0
0,0,0,0,0,0,0,0,1,فلزات اساسی,27,14489,37284308569715577,IRO1FSBZ0001,فسبزوار,پارس فولاد سبزوار,288080000000000,72020,0,0,72020,69930,67930,67850,67840,5,0,72020,0,0,0,0,72200,72220,72570,72590,74050,72020,1720,4422,742,5000,3150,5000,145,315,720,3265,06:10:23,74180,69860,0,0,0,4000000000,5,2,1,1,2,1,1,1,4,5
0,0,0,0,0,0,0,0,1,فلزات اساسی,27,596,37297472492769191,IRO3AYHZ0001,فهامون,آلیاژ گستر هامون,16214000000000,4840,0,0,4740,4730,4660,4640,4610,8.1,0,4850,0,0,0,0,4950,0,0,0,0,4840,1055,1058,9200,2400,3600,102030,0,0,0,0,06:10:29,4980,4700,0,0,0,3350000000,1,1,2,1,1,11,0,0,0,0
0,0,0,0,0,0,0,0,1,حمل و نقل، انبارداری و ارتباطات,60,616,37389789764168256,IRO3TORZ0001,توریل,توکاریل,47664000000000,3310,0,0,3230,3220,0,0,0,5.4,0,3330,0,0,0,0,3470,3570,0,0,0,3310,2000,200000,0,0,0,30000,45440,0,0,0,06:10:33,3400,3220,0,0,0,14400000000,1,2,0,0,0,1,2,0,0,0
0,0,0,0,0,0,0,0,1,سرمایه‌گذاری‌ها,56,2887,37614886280396031,IRO1SSAP0001,وساپا,سرمایه‌گذاری‌ سایپا,238940000000000,9190,0,0,9190,9080,8930,8670,8570,3.2,0,9190,0,0,0,0,0,0,0,0,0,9190,228164,1000,31200,600,1000,0,0,0,0,0,06:10:32,9460,8920,0,0,0,26000000000,7,1,2,1,1,0,0,0,0,0
0,0,0,0,0,0,0,0,1,قند و شکر,38,416,37631109616997982,IRO1GHND0001,قشهد,شهد,42881870480000,3260,0,0,3260,0,0,0,0,7.8,0,3260,0,0,0,0,0,0,0,0,0,3260,5000,0,0,0,0,0,0,0,0,0,06:10:23,3357,3163,0,0,0,13153948000,1,0,0,0,0,0,0,0,0,0
0,0,0,0,0,0,0,0,1,عرضه برق، گاز، بخار و آب گرم,40,272,37661500521100963,IRO1NBAB0001,آبادا,تولید نیروی برق آبادان,27600000000000,11040,0,0,10700,10660,10510,10350,0,40.6,0,11150,0,0,0,0,11240,11580,11810,12000,12050,11040,500,1000,1000,2000,0,4844,506,12085,1048,511,06:10:24,11370,10710,0,0,0,2500000000,1,1,1,1,0,4,1,6,2,3
0,0,0,0,0,0,0,0,1,صندوق سرمایه‌گذاری قابل معامله,68,,37828981835497620,IRT1AGAH0001,پتروآگاه,صندوق س صنایع آگاه1-بخشی,71168000000000,35584,0,0,35586,35101,34550,33732,26114,,0,35586,0,0,0,0,0,0,0,0,0,35584,29,58,29,60,500,0,0,0,0,0,06:10:39,36651,34517,0,0,0,2000000000,1,2,1,2,1,0,0,0,0,0
0,0,0,0,0,0,0,0,1,محصولات غذایی و آشامیدنی به جز قند و شکر,42,1338,37842793167868642,IRO3VITZ0001,غویتا,ویتانا,40530000000000,5790,0,0,5790,5630,5500,5290,4930,4.3,0,5790,0,0,0,0,0,0,0,0,0,5790,1529865,300890,91530,1000,30000,0,0,0,0,0,06:10:33,5960,5620,0,0,0,7000000000,10,2,2,1,1,0,0,0,0,0
0,0,0,0,0,0,0,0,1,خودرو و ساخت قطعات,34,348,38084304113529336,IRO3DZLZ0001,خدیزل,بهمن  دیزل,131328000000000,1824,0,0,1824,1718,1674,1634,1583,5.2,0,1824,0,0,0,0,0,0,0,0,0,1824,6000,12009,3571,3658,3789,0,0,0,0,0,06:10:29,1878,1770,0,0,0,72000000000,1,2,1,1,1,0,0,0,0,0
0,0,0,0,0,0,0,0,1,صندوق سرمایه‌گذاری قابل معامله,68,,38356837895042988,IRT3TAZF0001,ضمان,صندوق تضمین ا.سرمایه کاریزما-م,21563000000000,43126,0,0,0,0,0,0,0,,0,43089,0,0,0,0,43726,44071,0,0,0,43126,0,0,0,0,0,200,300,0,0,0,06:10:39,44419,41833,0,0,0,500000000,0,0,0,0,0,1,1,0,0,0
0,0,0,0,0,0,0,0,1,صندوق سرمایه‌گذاری قابل معامله,68,,38428194580055973,IRT1SHEL0001,شیلد,صندوق س مشترک پارس-مختلط,18862000000000,18862,0,0,0,0,0,0,0,,0,18869,0,0,0,0,19030,0,0,0,0,18862,0,0,0,0,0,943,0,0,0,0,06:10:39,19427,18297,0,0,0,1000000000,0,0,0,0,0,2,0,0,0,0
0,0,0,0,0,0,0,0,1,محصولات شیمیایی,44,3386,38437201078089290,IRO1PKER0001,کرماشا,صنایع پتروشیمی کرمانشاه,589803405240000,28230,0,0,28190,26590,25840,25120,22810,8.3,0,28230,0,0,0,0,0,0,0,0,0,28230,178,200,5000,1000,1000,0,0,0,0,0,06:10:32,29070,27390,0,0,0,20892788000,1,1,1,1,1,0,0,0,0,0
0,0,0,0,0,0,0,0,1,صندوق سرمایه‌گذاری قابل معامله,68,,38544104313215500,IRTKJAVA0001,جواهر,صندوق س.کالای دنای زاگرس,251163000000000,83721,0,0,83500,83100,82800,82600,82300,,0,84180,0,0,0,0,84530,85199,85280,86480,86666,83721,4000,4013,15,250,4000,10000,59,1601,60,2000,06:10:40,92093,75349,0,0,0,3000000000,1,2,1,1,1,1,1,1,1,1
0,0,0,0,0,0,0,0,1,ساخت محصولات فلزی,28,60,38547060135156069,IRO1AZAB0001,فاذر,صنایع‌ آذرآب,27189712500000,1500,0,0,1496,1464,1462,1440,1410,25,0,1501,0,0,0,0,1529,1541,1547,1557,1559,1500,19979,5000,10230,100000,205000,5579,3275,100000,3270,107250,06:10:23,1545,1455,0,0,0,18126475000,1,1,1,1,2,1,1,1,1,3
0,0,0,0,0,0,0,0,1,محصولات شیمیایی,44,1545,38555056423456635,IRO3TPSZ0001,شتوکا,توکا رنگ فولاد سپاهان,14847375000000,8670,0,0,8500,7810,7560,7150,0,5.6,0,8670,0,0,0,0,0,0,0,0,0,8670,800,650,1000,1000,0,0,0,0,0,0,06:10:33,8930,8410,0,0,0,1712500000,1,1,1,1,0,0,0,0,0,0
0,0,0,0,0,0,0,0,1,محصولات شیمیایی,44,9681,38568786927478796,IRO1PSHZ0001,شیراز,پتروشیمی‌شیراز,1089819000000000,71230,0,0,69650,69160,69000,67090,65530,7.4,0,71230,0,0,0,0,0,0,0,0,0,71230,2505,500,366,75,91,0,0,0,0,0,06:10:32,73360,69100,0,0,0,15300000000,1,1,1,1,1,0,0,0,0,0
0,0,0,0,0,0,0,0,1,خدمات فنی و مهندسی,74,166,38628771709301941,IRO3KSNP0001,کیسون,شرکت کیسون,51828000000000,1851,0,0,1717,1675,1328,0,0,11.2,0,1851,0,0,0,0,1873,1878,1934,0,0,1851,48180,5948,10000,0,0,512111,30000,10000,0,0,06:10:30,1906,1796,0,0,0,28000000000,3,1,1,0,0,1,1,1,0,0
0,0,0,0,0,0,0,0,1,صندوق سرمایه‌گذاری قابل معامله,68,,38713440086361985,IRT1SEHM0001,ثهام,صندوق س ثروت هامرز-سهام,37704000000000,94260,0,0,94666,0,0,0,0,,0,94666,0,0,0,0,0,0,0,0,0,94260,235,0,0,0,0,0,0,0,0,0,06:10:39,97087,91433,0,0,0,400000000,1,0,0,0,0,0,0,0,0,0
0,0,0,0,0,0,0,0,8736293,بیمه و صندوق بازنشستگی به جز تامین اجتماعی,66,15,38738476064699383,IRO7ARMP0001,آرمان,بیمه آرمان,24920000000000,1780,0,0,1803,1757,1408,0,0,118.7,0,1803,0,0,0,0,0,0,0,0,0,1780,57734,30000,36000,0,0,0,0,0,0,0,06:10:33,1833,1727,0,0,0,14000000000,2,1,1,0,0,0,0,0,0,0
0,0,0,0,0,0,0,0,1,صندوق سرمایه‌گذاری قابل معامله,68,,38845574746937458,IRT3STRF0001,ستاره,ص.س.ستاره پایدارسپهر-د,118558000000000,21556,0,0,13744,11548,0,0,0,,0,21556,0,0,0,0,22175,0,0,0,0,21556,76,412,0,0,0,2000,0,0,0,0,06:10:39,22202,20910,0,0,0,5500000000,1,1,0,0,0,1,0,0,0,0
0,0,0,0,0,0,0,0,1,محصولات شیمیایی,44,70,39116664428676213,IRO1LEAB0001,شلعاب,لعابیران,9994722192000,1272,0,0,1272,1167,1165,0,0,18.2,0,1272,0,0,0,0,1289,1332,1335,0,0,1272,5000,5000,5000,0,0,4900,10000,80000,0,0,06:10:24,1310,1234,0,0,0,7857486000,1,1,1,0,0,1,1,1,0,0
0,0,0,0,0,0,0,0,1,خودرو و ساخت قطعات,34,130,39436183727126211,IRO1NMOH0001,خمحرکه,نیرو محرکه,35551351800000,6200,0,0,4780,4000,0,0,0,47.7,0,6200,0,0,0,0,6410,0,0,0,0,6200,100000,5000,0,0,0,31781,0,0,0,0,06:10:24,6380,6020,0,0,0,5734089000,1,1,0,0,0,3,0,0,0,0
0,0,0,0,0,0,0,0,1,صندوق سرمایه‌گذاری قابل معامله,68,,39453972158399542,IRT1SSPF0001,تداوم,صندوق تداوم اطمینان تمدن-ثابت,391935000000000,26129,0,0,23796,0,0,0,0,,0,26129,0,0,0,0,26165,26207,0,0,0,26129,10,0,0,0,0,2416786,192,0,0,0,06:10:39,26912,25346,0,0,0,15000000000,1,0,0,0,0,6,1,0,0,0
0,0,0,0,0,0,0,0,1,ماشین‌آلات و دستگاه‌های برقی,31,531,39481233087768672,IRO7NIRP0001,نیرو,نیرو سرمایه,3837000000000,12790,0,0,0,0,0,0,0,24.1,0,12640,0,0,0,0,13590,0,0,0,0,12790,0,0,0,0,0,3122,0,0,0,0,06:10:33,13170,12410,0,0,0,300000000,0,0,0,0,0,1,0,0,0,0
0,0,0,0,0,0,0,0,1,محصولات شیمیایی,44,2371,39610074039667804,IRO1GARN0001,قرن,پدیده شیمی قرن,372300000000000,21900,0,0,21300,20640,16850,15970,0,9.2,0,21900,0,0,0,0,22010,22220,22660,23330,23360,21900,250,965,305,500,0,10000,15017,610,4765,5867,06:10:23,22550,21250,0,0,0,17000000000,1,1,1,1,0,1,2,2,1,4
0,0,0,0,0,0,0,0,1,سایر محصولات کانی غیرفلزی,54,0,39683880301779506,IRR3MRJZ0101,کمرجانح,ح.بازرگانی و تولیدی مرجان کار,1935200000000,2419,0,0,2341,2333,2302,2251,0,0,0,2431,0,0,0,0,2467,2488,2539,2610,0,2419,19873,46854,70000,55360,0,200000,10000,210000,10000,0,06:10:37,2491,2347,0,0,0,800000000,1,1,2,1,0,1,1,2,1,0
0,0,0,0,0,0,0,0,1,بیمه و صندوق بازنشستگی به جز تامین اجتماعی,66,612,39751275523025334,IRO3ETKZ0001,اتکای,بیمه اتکایی ایرانیان,75114000000000,2782,0,0,2713,2635,2629,0,0,4.5,0,2780,0,0,0,0,2858,2877,2961,0,0,2782,80000,2500,2890,0,0,5250,1000000,2346334,0,0,06:10:29,2865,2699,0,0,0,27000000000,1,1,1,0,0,1,1,7,0,0
0,0,0,0,0,0,0,0,1,عرضه برق، گاز، بخار و آب گرم,40,576,39807886630843041,IRO3BMAZ0001,بمپنا,تولید برق عسلویه  مپنا,129525000000000,8250,0,0,7580,5250,4430,0,0,14.3,0,8250,0,0,0,0,0,0,0,0,0,8250,666,3000,3000,0,0,0,0,0,0,0,06:10:29,8490,8010,0,0,0,15700000000,1,1,1,0,0,0,0,0,0,0
0,0,0,0,0,0,0,0,1,محصولات شیمیایی,44,1968,39884565732277052,IRO1KTEK0001,کیمیاتک,آریان کیمیا تک,271800000000000,18120,0,0,18000,17550,17410,17150,12820,9.2,0,18130,0,0,0,0,0,0,0,0,0,18120,600,2714,291,50000,2500,0,0,0,0,0,06:10:24,18660,17580,0,0,0,15000000000,1,1,1,1,1,0,0,0,0,0
0,0,0,0,0,0,0,0,1,انبوه‌سازی، املاک و مستغلات,70,-109,40043919653526083,IRO7CKHP0001,وثخوز,سرمایه گذاری و توسعه خوزستان,5625926100000,5090,0,0,5070,4960,0,0,0,-46.7,0,5140,0,0,0,0,5240,5380,5840,0,0,5090,9862,51000,0,0,0,600000,20000,20000,0,0,06:10:33,5240,4940,0,0,0,1105290000,1,2,0,0,0,2,1,1,0,0
0,0,0,0,0,0,0,0,1,صندوق سرمایه‌گذاری قابل معامله,68,,40126421241992147,IRT3SORF0001,سورنافود,صندوق س.بخشی صنایع سورنا2-ب,15937500000000,31875,0,0,13629,0,0,0,0,,0,31934,0,0,0,0,0,0,0,0,0,31875,5000,0,0,0,0,0,0,0,0,0,06:10:39,32831,30919,0,0,0,500000000,1,0,0,0,0,0,0,0,0,0
0,0,0,0,0,0,0,0,1,مواد و محصولات دارویی,43,164,40262275031537922,IRO1ROZD0001,دروز,داروسازی‌ روزدارو,32528563200000,23240,0,0,21270,0,0,0,0,141.7,0,23240,0,0,0,0,0,0,0,0,0,23240,2500,0,0,0,0,0,0,0,0,0,06:10:32,23930,22550,0,0,0,1399680000,1,0,0,0,0,0,0,0,0,0
0,0,0,0,0,0,0,0,1,صندوق سرمایه‌گذاری قابل معامله,68,,40374861063260484,IRT1OCTA0001,اکتان,صندوق س صنایع مفید4-بخشی,26975000000000,26975,0,0,26975,26786,26190,24683,24002,,0,26975,0,0,0,0,0,0,0,0,0,26975,637,750,300,441,6235,0,0,0,0,0,06:10:39,27784,26166,0,0,0,1000000000,4,1,1,2,1,0,0,0,0,0
0,0,0,0,0,0,0,0,1,قند و شکر,38,264,40411537531154482,IRO1GESF0001,قصفها,قنداصفهان,70103448025110,2322,0,0,2322,2260,2250,2112,2090,8.8,0,2322,0,0,0,0,0,0,0,0,0,2322,771260,159899,2228,2500,10000,0,0,0,0,0,06:10:23,2391,2253,0,0,0,30190976755,37,4,1,1,1,0,0,0,0,0
0,0,0,0,0,0,0,0,1,صندوق سرمایه‌گذاری قابل معامله,68,,40422084765096890,IRT3FMKF0001,فارما کیان,صندوق س. بخشی کیان1-ب,74554000000000,37277,0,0,37277,36192,32811,15950,15538,,0,37277,0,0,0,0,0,0,0,0,0,37277,8762,304701,150,9444,664,0,0,0,0,0,06:10:38,38395,36159,0,0,0,2000000000,8,4,1,1,1,0,0,0,0,0
0,0,0,0,0,0,0,0,1,صندوق سرمایه‌گذاری قابل معامله,68,,40473515538481093,IRT1SRVT0001,سمان,صندوق سرمایه گذاری قلک1-بخشی,43639000000000,43639,0,0,20893,0,0,0,0,,0,43639,0,0,0,0,0,0,0,0,0,43639,174,0,0,0,0,0,0,0,0,0,06:10:39,44948,42330,0,0,0,1000000000,1,0,0,0,0,0,0,0,0,0
0,0,0,0,0,0,0,0,1,رایانه و فعالیت‌های وابسته به آن,72,154,40505767672724777,IRO1INFO0001,رانفور,خدمات‌انفورماتیک,324000000000000,5400,0,0,5150,5140,4990,0,0,35.1,0,5420,0,0,0,0,5560,0,0,0,0,5400,10000,2000,31111,0,0,22254,0,0,0,0,06:10:24,5560,5240,0,0,0,60000000000,1,2,4,0,0,4,0,0,0,0
0,0,0,0,0,0,0,0,1,شرکت‌های چند رشته‌ای صنعتی,39,563,40553302624764543,IRO1TMGD0001,وکغدیر,بین المللی توسعه ص. معادن غدیر,568000000000000,5680,0,0,5680,5200,4910,4780,4420,10.1,0,5680,0,0,0,0,0,0,0,0,0,5680,42700,30000,100000,5000,1200,0,0,0,0,0,06:10:32,5850,5510,0,0,0,100000000000,4,1,1,1,1,0,0,0,0,0
0,0,0,0,0,0,0,0,1,صندوق سرمایه‌گذاری قابل معامله,68,,40582128123330360,IRT3ASLF0001,آسال,ص.س.درآمد ثابت آسال-د,21464000000000,10732,0,0,0,0,0,0,0,,0,10732,0,0,0,0,10979,0,0,0,0,10732,0,0,0,0,0,456,0,0,0,0,06:10:38,11053,10411,0,0,0,2000000000,0,0,0,0,0,1,0,0,0,0
0,0,0,0,0,0,0,0,1,محصولات شیمیایی,44,1044,40611478183231802,IRO1DODE0001,شدوص,دوده‌ صنعتی‌ پارس,42902145000000,7670,0,0,7460,7250,0,0,0,7.3,0,7680,0,0,0,0,0,0,0,0,0,7670,40000,5500,0,0,0,0,0,0,0,0,06:10:23,7900,7440,0,0,0,5593500000,1,1,0,0,0,0,0,0,0,0
0,0,0,0,0,0,0,0,1,فلزات اساسی,27,541,40808043719554948,IRO1FAIR0001,فولاژ,فولاد آلیاژی ایران,375260000000000,6470,0,0,6470,6130,5790,0,0,12,0,6470,0,0,0,0,0,0,0,0,0,6470,1138,300000,10339,0,0,0,0,0,0,0,06:10:23,6660,6280,0,0,0,58000000000,1,1,6,0,0,0,0,0,0,0
0,0,0,0,0,0,0,0,1,رایانه و فعالیت‌های وابسته به آن,72,806,41048299027409941,IRO1EPRS0001,رتاپ,تجارت الکترونیک  پارسیان,83100000000000,8310,0,0,8100,7830,0,0,0,10.3,0,8310,0,0,0,0,8370,8810,8990,9150,9220,8310,30750,1000,0,0,0,93626,6001,600,600,5967,06:10:23,8550,8070,0,0,0,10000000000,1,1,0,0,0,2,1,1,1,1
0,0,0,0,0,0,0,0,1,محصولات چوبی,20,20671,41122066907413786,IRO3CAWZ0001,چخزر,صنایع چوب خزر کاسپین,38180000000000,190900,0,0,183800,0,0,0,0,9.2,0,191800,0,0,0,0,193000,193200,201300,204000,209500,190900,143,0,0,0,0,10000,7,7,20,45,06:10:29,196600,185200,0,0,0,200000000,1,0,0,0,0,1,1,1,3,4
0,0,0,0,0,0,0,0,1,سیمان، آهک و گچ,53,19436,41227201752535311,IRO1SFRS0001,سفار,سیمان‌فارس,54358900000000,233300,0,0,220000,210300,204400,178700,165900,12,0,233300,0,0,0,0,0,0,0,0,0,233300,500,100,50,28,40,0,0,0,0,0,06:10:32,240200,226400,0,0,0,233000000,1,1,1,1,1,0,0,0,0,0
0,0,0,0,0,0,0,0,1,سیمان، آهک و گچ,53,27300,41284516796232939,IRO1SHGN0001,سهگمت,سیمان‌هگمتان,103852432500000,142500,0,0,138600,138400,134300,131800,118600,5.2,0,142500,0,0,0,0,142900,143800,146800,151300,151400,142500,250,1000,690,100,143,5000,1050,169,699,60,06:10:32,146700,138300,0,0,0,728789000,1,1,2,1,2,3,2,1,1,1
0,0,0,0,0,0,0,0,1,فلزات اساسی,27,1065,41302553376174581,IRO1FAJR0001,فجر,فولاد امیرکبیرکاشان,129800000000000,6490,0,0,6490,6310,6130,4560,3240,6.1,0,6490,0,0,0,0,0,0,0,0,0,6490,21772,40794,817,2000,3000,0,0,0,0,0,06:10:23,6680,6300,0,0,0,20000000000,3,3,1,1,1,0,0,0,0,0
0,0,0,0,0,0,0,0,1,بانک‌ها و موسسات اعتباری,57,533,41379697187196382,IRO7BSHP0001,وشهر,بانک شهر,1670018565538494,3033,0,0,3036,2970,0,0,0,5.7,0,3040,0,0,0,0,3080,3090,0,0,0,3033,44226,100000,0,0,0,40000,263153,0,0,0,06:10:33,3123,2943,0,0,0,550616078318,1,1,0,0,0,1,1,0,0,0
0,0,0,0,0,0,0,0,1,صندوق سرمایه‌گذاری قابل معامله,68,,41480981133648877,IRT1DEIE0001,عمارت دی,صندوق س دی-املاک,54932588795000,14147,0,0,14013,13666,9000,0,0,,0,14130,0,0,0,0,14433,0,0,0,0,14147,330,1500,20000,0,0,300,0,0,0,0,06:10:39,14571,13723,0,0,0,3882985000,3,1,1,0,0,1,0,0,0,0
0,0,0,0,0,0,0,0,1,صندوق سرمایه‌گذاری قابل معامله,68,,41483334879559487,IRTKNGHR0001,نقران,صندوق س.کالای کهربا1,74058000000000,12343,0,0,12246,12178,12140,12124,12119,,0,12392,0,0,0,0,12448,12450,12451,12452,12490,12343,10000,25092,83,10000,30000,10000,10000,382,1000,401,06:10:40,13577,11109,0,0,0,6000000000,1,1,1,1,1,1,1,1,1,1
0,0,0,0,0,0,0,0,1,ساخت محصولات فلزی,28,762,41529644566373651,IRO3HANI0001,هانیکو,هامون نایزه,52989500000000,8090,0,0,8020,7930,7870,7850,7820,10.6,0,8130,0,0,0,0,8150,8220,8240,8290,8300,8090,30000,631,700,3880,2000,850,15000,349,11048,10000,06:10:29,8330,7850,0,0,0,6550000000,1,1,1,1,1,1,1,1,4,1
0,0,0,0,0,0,0,0,1,بیمه و صندوق بازنشستگی به جز تامین اجتماعی,66,-290,41625340598198551,IRO3BSMZ0001,بساما,بیمه سامان,142680000000000,11890,0,0,0,0,0,0,0,-41,0,11880,0,0,0,0,12050,12900,0,0,0,11890,0,0,0,0,0,3000,200000,0,0,0,06:10:29,12240,11540,0,0,0,12000000000,0,0,0,0,0,1,2,0,0,0
0,0,0,0,0,0,0,0,1,صندوق سرمایه‌گذاری قابل معامله,68,,41746336706469006,IRT3NHYF0001,پیروز,صندوق س.سهامی امین نهایت نگر-س,26442000000000,26442,0,0,16200,0,0,0,0,,0,26463,0,0,0,0,0,0,0,0,0,26442,123,0,0,0,0,0,0,0,0,0,06:10:39,27235,25649,0,0,0,1000000000,1,0,0,0,0,0,0,0,0,0
0,0,0,0,0,0,0,0,1,زراعت و خدمات وابسته,1,1266,41781090739318251,IRO3TLIZ0001,تلیسه,دامداری تلیسه نمونه,48341339200000,9680,0,0,9750,9470,9380,9350,9210,7.6,0,9750,0,0,0,0,9760,9800,9870,9900,9950,9680,10515,5600,1600,1659,22947,5000,1000,5000,1000,25560,06:10:33,9970,9390,0,0,0,4993940000,2,2,2,2,1,1,1,1,1,2
0,0,0,0,0,0,0,0,1,دباغی، پرداخت چرم و ساخت انواع پاپوش,19,3197,41796741644273824,IRO1GMEL0001,وملی,گروه‌ صنعتی‌ ملی‌ (هلدینگ,63769444092000,257800,0,0,244200,237500,236900,232800,227800,80.6,0,259200,0,0,0,0,262400,267300,270100,0,0,257800,21,47,22,25,26,40,100,135,0,0,06:10:23,265500,250100,0,0,0,247360140,1,2,1,1,1,1,1,5,0,0
0,0,0,0,0,0,0,0,1,صندوق سرمایه‌گذاری قابل معامله,68,,41927452991671109,IRT3TVAF0001,توان,صندوق س. اهرمی توان مفید-س,148055000000000,59222,0,0,59296,59293,58900,58632,58529,,0,59296,0,0,0,0,59506,60067,60473,60532,60609,59222,189513,100,90,200,2000,10000,1000,14260,10000,5000,06:10:39,61590,56854,0,0,0,2500000000,8,1,1,1,1,1,1,7,1,1
0,0,0,0,0,0,0,0,1,لاستیک و پلاستیک,25,392,41935584690956944,IRO1TAIR0001,پتایر,ایران‌ تایر,52734000000000,2805,0,0,2805,2664,2645,2624,2601,7.2,0,2805,0,0,0,0,2809,2918,2944,3030,3032,2805,200000,10000,3000,50000,22500,15000,225031,6057,5000,2500,06:10:32,2889,2721,0,0,0,18800000000,1,4,1,1,1,4,1,1,1,1
0,0,0,0,0,0,0,0,1,سیمان، آهک و گچ,53,15662,41974758296041288,IRO1KHOC0001,سخوز,سیمان خوزستان,139832000000000,99880,0,0,69740,0,0,0,0,6.4,0,100270,0,0,0,0,0,0,0,0,0,99880,200,0,0,0,0,0,0,0,0,0,06:10:24,102870,96890,0,0,0,1400000000,1,0,0,0,0,0,0,0,0,0
0,0,0,0,0,0,0,0,1,خودرو و ساخت قطعات,34,-96,42075223783409640,IRO1AZIN0001,خاذین,سایپاآذین,13006167417474,2919,0,0,2798,0,0,0,0,-30.4,0,2933,0,0,0,0,2950,2968,2970,0,0,2919,2003,0,0,0,0,5000,205000,40000,0,0,06:10:23,3006,2832,0,0,0,4455692846,1,0,0,0,0,1,2,1,0,0
0,0,0,0,0,0,0,0,1,محصولات غذایی و آشامیدنی به جز قند و شکر,42,2019,42387718866026650,IRO1SBEH0001,غبشهر,صنعتی‌ بهشهر,608650000000000,17390,0,0,17390,17300,16890,16400,16220,8.6,0,17390,0,0,0,0,0,0,0,0,0,17390,55220,400,297,41526,810,0,0,0,0,0,06:10:32,17910,16870,0,0,0,35000000000,13,1,1,3,2,0,0,0,0,0
0,0,0,0,0,0,0,0,1,محصولات غذایی و آشامیدنی به جز قند و شکر,42,41,42470251469508137,IRO7RNAP0001,غناب,روغن‌ نباتی‌ ناب,21067457031534,1147,0,0,0,0,0,0,0,28,0,1148,0,0,0,0,1182,1201,1249,1285,0,1147,0,0,0,0,0,400000,60000,25000,60000,0,06:10:33,1181,1113,0,0,0,18367442922,0,0,0,0,0,1,1,1,1,0
0,0,0,0,0,0,0,0,1,زراعت و خدمات وابسته,1,6364,42599305106713939,IRO1KOSR0001,زکوثر,سرمایه گذاری کشاورزی کوثر,242220000000000,88080,0,0,81080,0,0,0,0,13.8,0,88150,0,0,0,0,0,0,0,0,0,88080,340,0,0,0,0,0,0,0,0,0,06:10:24,90720,85440,0,0,0,2750000000,1,0,0,0,0,0,0,0,0,0
0,0,0,0,0,0,0,0,1,صندوق سرمایه‌گذاری قابل معامله,68,,42670427020727409,IRT3KAJF0001,کاج,صندوق س. نوع دوم نو ویرا -د,116496000000000,29124,0,0,29123,28214,0,0,0,,0,29127,0,0,0,0,0,0,0,0,0,29124,200000,762,0,0,0,0,0,0,0,0,06:10:38,29997,28251,0,0,0,4000000000,1,2,0,0,0,0,0,0,0,0
0,0,0,0,0,0,0,0,1,استخراج زغال سنگ,10,-11822,42690477960659940,IRO3KSGZ0001,کشرق,صنعتی و معدنی شمال شرق شاهرود,11995200000000,142800,0,0,0,0,0,0,0,-12.1,0,143300,0,0,0,0,144900,152000,156500,166100,0,142800,0,0,0,0,0,721,83,132,20,0,06:10:30,147000,138600,0,0,0,84000000,0,0,0,0,0,2,2,2,1,0
0,0,0,0,0,0,0,0,1,کاشی و سرامیک,49,548,42696242981550091,IRO7KSDP0001,کصدف,کاشی صدف سرام استقلال آباده,17856000000000,7750,0,0,7500,0,0,0,0,14.1,0,7760,0,0,0,0,0,0,0,0,0,7750,6700,0,0,0,0,0,0,0,0,0,06:10:33,7980,7520,0,0,0,2304000000,1,0,0,0,0,0,0,0,0,0
0,0,0,0,0,0,0,0,1,محصولات چوبی,20,620,43023243844297350,IRO7NEOP0001,چنوپا,نیوپان‌ 22 بهمن,27348000000000,15900,0,0,15450,0,0,0,0,25.6,0,15980,0,0,0,0,16120,16710,0,0,0,15900,3300,0,0,0,0,2000,1000,0,0,0,06:10:33,16370,15430,0,0,0,1720000000,1,0,0,0,0,1,1,0,0,0
0,0,0,0,0,0,0,0,1,استخراج کانه‌های فلزی,13,1583,43256212620530446,IRO1BAFG0001,کبافق,معادن‌ بافق,48004650000000,39510,0,0,37380,37080,33740,33710,0,25,0,39630,0,0,0,0,40250,41050,41060,0,0,39510,134,2700,1000,1000,0,449,266,2188,0,0,06:10:23,40690,38330,0,0,0,1215000000,1,1,1,1,0,3,2,4,0,0
0,0,0,0,0,0,0,0,1,صندوق سرمایه‌گذاری قابل معامله,68,,43267179898797137,IRT3PADF0001,پاداش,صندوق س. ارزش پاداش-د,131078850000000,28189,0,0,0,0,0,0,0,,0,28190,0,0,0,0,28192,0,0,0,0,28189,0,0,0,0,0,1000,0,0,0,0,06:10:39,29034,27344,0,0,0,4650000000,0,0,0,0,0,1,0,0,0,0
0,0,0,0,0,0,0,0,1,سرمایه‌گذاری‌ها,56,955,43283802997035462,IRO3SOBZ0001,وسبحان,سرمایه گذاری سبحان,51360000000000,3210,0,0,3210,3060,3050,0,0,3.4,0,3220,0,0,0,0,3290,3300,3310,3320,3330,3210,300000,12196,10000,0,0,39557,25300,5000,38832,104600,06:10:33,3300,3120,0,0,0,16000000000,1,1,1,0,0,2,3,1,5,3
0,0,0,0,0,0,0,0,1,قند و شکر,38,1316,43342306308122676,IRO1GMRO0001,قمرو,قند مرودشت,51800000000000,10360,0,0,10360,10180,10120,10110,10000,7.9,0,10360,0,0,0,0,10790,10870,0,0,0,10360,241886,20000,3477,11235,4657,1940,12500,0,0,0,06:10:23,10670,10050,0,0,0,5000000000,28,1,1,2,1,2,4,0,0,0
0,0,0,0,0,0,0,0,1,استخراج کانه‌های فلزی,13,0,43356599956782034,IRR1CHML0101,کچادح,ح . معدنی‌وصنعتی‌چادرملو,99157500000000,1755,0,0,1755,0,0,0,0,0,0,1755,0,0,0,0,0,0,0,0,0,1755,178251,0,0,0,0,0,0,0,0,0,06:10:36,1807,1703,0,0,0,56500000000,1,0,0,0,0,0,0,0,0,0
0,0,0,0,0,0,0,0,1,صندوق سرمایه‌گذاری قابل معامله,68,,43358402418932595,IRT3KAMF0001,آذرین,صندوق س.بخشی فلزات کیمیا-ب,76294000000000,38147,0,0,38055,0,0,0,0,,0,38219,0,0,0,0,0,0,0,0,0,38147,300000,0,0,0,0,0,0,0,0,0,06:10:38,39291,37003,0,0,0,2000000000,1,0,0,0,0,0,0,0,0,0
0,0,0,0,0,0,0,0,1,اطلاعات و ارتباطات,73,-19,43362635835198978,IRO1HWEB0001,های وب,داده گسترعصرنوین-های وب,33486600000000,469,0,0,470,468,444,440,0,-24.7,0,470,0,0,0,0,574,856,0,0,0,469,115000,100000,512000,93776,0,100000,537725,0,0,0,06:10:24,483,455,0,0,0,71400000000,2,1,2,4,0,1,4,0,0,0
0,0,0,0,0,0,0,0,1463878,مواد و محصولات دارویی,43,849,43374709930371268,IRO7DHVP0001,دحاوی,الحاوی,27086400000000,4180,0,0,4270,3600,0,0,0,4.9,0,4270,0,0,0,0,0,0,0,0,0,4180,361131,300000,0,0,0,0,0,0,0,0,06:10:33,4300,4060,0,0,0,6480000000,4,1,0,0,0,0,0,0,0,0
0,0,0,0,0,0,0,0,1,صندوق سرمایه‌گذاری قابل معامله,68,,43443105991896600,IRT1ARZS0001,ارزش,صندوق س ارزش آفرین بیدار-سهام,107802000000000,53901,0,0,49902,0,0,0,0,,0,53909,0,0,0,0,54450,0,0,0,0,53901,5998,0,0,0,0,6000,0,0,0,0,06:10:39,55518,52284,0,0,0,2000000000,1,0,0,0,0,2,0,0,0,0
0,0,0,0,0,0,0,0,1,مواد و محصولات دارویی,43,3000,43450146028916610,IRO3ZGDZ0001,دزاگرس,دارویی و نهاده های زاگرس دارو,195272000000000,25360,0,0,25360,25350,24630,24090,24000,8.5,0,25360,0,0,0,0,26100,26110,0,0,0,25360,6124,235,204,1500,2550,200,1195,0,0,0,06:10:33,26120,24600,0,0,0,7700000000,3,1,1,1,1,1,3,0,0,0
0,0,0,0,0,0,0,0,1,فلزات اساسی,27,292,43545527030854340,IRO1KVIR0001,کویر,تولیدی فولاد سپید فراب کویر,145224000000000,2017,0,0,2017,1901,1845,0,0,6.9,0,2017,0,0,0,0,0,0,0,0,0,2017,2060000,2672,2716,0,0,0,0,0,0,0,06:10:24,2077,1957,0,0,0,72000000000,4,1,1,0,0,0,0,0,0,0
0,0,0,0,0,0,0,0,1,محصولات شیمیایی,44,7006,43552974795606067,IRO1KRSN0001,خراسان,پتروشیمی خراسان,699360000000000,58280,0,0,58280,55570,55540,54900,52910,8.3,0,58280,0,0,0,0,0,0,0,0,0,58280,6508,400,350,100,100,0,0,0,0,0,06:10:24,60020,56540,0,0,0,12000000000,3,1,1,1,1,0,0,0,0,0
0,0,0,0,0,0,0,0,1,مواد و محصولات دارویی,43,189,43622578471330344,IRO1DSOB0001,دسبحا,گروه دارویی سبحان,103244310000000,7110,0,0,7110,6730,6710,6600,6550,37.6,0,7110,0,0,0,0,0,0,0,0,0,7110,30000,1000,768,5000,836,0,0,0,0,0,06:10:23,7320,6900,0,0,0,14521000000,1,1,1,1,1,0,0,0,0,0
0,0,0,0,0,0,0,0,1,صندوق سرمایه‌گذاری قابل معامله,68,,43664630566988630,IRT3FMTF0001,فلزفارابی,صندوق س.بخشی فلز فارابی-ب,18776000000000,37552,0,0,36471,35838,34366,23767,0,,0,37564,0,0,0,0,0,0,0,0,0,37552,100000,200,200,99,0,0,0,0,0,0,06:10:38,38678,36426,0,0,0,500000000,1,1,1,1,0,0,0,0,0,0
0,0,0,0,0,0,0,0,1,فلزات اساسی,27,1184,43716452378323683,IRO3KZIZ0001,فزرین,زرین معدن آسیا,40033000000000,9310,0,0,9310,9040,8780,8770,8620,7.9,0,9310,0,0,0,0,0,0,0,0,0,9310,338184,11554,1600,1000,601,0,0,0,0,0,06:10:30,9580,9040,0,0,0,4300000000,8,3,2,1,1,0,0,0,0,0
0,0,0,0,0,0,0,0,1,محصولات شیمیایی,44,231,43781018754867729,IRO1SHFS0001,شفارس,صنایع‌ شیمیایی‌ فارس,25108671762000,2103,0,0,1986,1756,1688,1434,0,9.1,0,2103,0,0,0,0,2108,2197,2200,2214,0,2103,2520,10000,5000,8000,0,6000,50000,2085,83260,0,06:10:32,2166,2040,0,0,0,11939454000,1,1,1,1,0,1,1,1,3,0
0,0,0,0,0,0,0,0,1,سرمایه‌گذاری‌ها,56,-31,43951910415124966,IRO3IRNZ0001,وگستر,گسترش سرمایه گذاری ایرانیان,7000000000000,8750,0,0,8500,8320,8300,0,0,-282.3,0,8820,0,0,0,0,9030,9070,9160,9250,9280,8750,660,40000,1000,0,0,100700,25000,100546,1000,544,06:10:30,9010,8490,0,0,0,800000000,1,1,1,0,0,2,1,2,1,1
0,0,0,0,0,0,0,0,1,بیمه و صندوق بازنشستگی به جز تامین اجتماعی,66,1197,43966385447049549,IRO3BMDZ0001,ودی,بیمه  دی,119000000000000,5950,0,0,5850,5650,5630,4880,0,5,0,5970,0,0,0,0,6060,6200,6420,0,0,5950,7200,300000,600000,300000,0,31876,20000,1,0,0,06:10:29,6120,5780,0,0,0,20000000000,4,1,2,1,0,1,1,1,0,0
0,0,0,0,0,0,0,0,1,فراورده‌های نفتی، کک و سوخت هسته‌ای,23,13150,44013656953678055,IRO3NOLZ0001,شرانل,نفت ایرانول,616500000000000,102750,0,0,102750,102390,101000,100000,99760,7.8,0,102750,0,0,0,0,0,0,0,0,0,102750,1007,53,500,5000,3700,0,0,0,0,0,06:10:30,105830,99670,0,0,0,6000000000,3,1,1,1,1,0,0,0,0,0
0,0,0,0,0,0,0,0,16757,لاستیک و پلاستیک,25,7250,44052047028305231,IRO7SHIP0001,پشاهن,تولیدی پلاستیک‌ شاهین,5826711654400,96640,0,0,99240,0,0,0,0,13.3,0,99240,0,0,0,0,0,0,0,0,0,96640,1024,0,0,0,0,0,0,0,0,0,06:10:33,99530,93750,0,0,0,60292960,2,0,0,0,0,0,0,0,0,0
0,0,0,0,0,0,0,0,1,مواد و محصولات دارویی,43,2213,44092474955845186,IRO5KKRS0001,کیمازی,کیمیا کالای رازی,29612250000000,18450,0,0,16490,15460,14750,0,0,8.3,0,18450,0,0,0,0,18670,18690,18950,19000,19100,18450,495000,100000,500,0,0,111,342,540,114,114,06:10:33,19000,17900,0,0,0,1605000000,6,1,1,0,0,1,3,1,1,1
0,0,0,0,0,0,0,0,1,محصولات شیمیایی,44,339,44153164692325703,IRO1GTSH0001,شگل,گلتاش,50779000000000,2987,0,0,2987,2700,2675,1056,0,8.8,0,2987,0,0,0,0,0,0,0,0,0,2987,2000,3000,10000,10,0,0,0,0,0,0,06:10:24,3076,2898,0,0,0,17000000000,1,1,1,1,0,0,0,0,0,0
0,0,0,0,0,0,0,0,1,رایانه و فعالیت‌های وابسته به آن,72,0,44384450315448120,IRR3KPEZ0101,تاپکیشح,ح.تجارت الکترونیک پارسیان کیش,6893284000000,1426,0,0,0,0,0,0,0,0,0,1426,0,0,0,0,1426,1465,1498,1514,1555,1426,0,0,0,0,0,4788,5520,3440,100000,9,06:10:37,1468,1384,0,0,0,4834000000,0,0,0,0,0,3,2,1,1,1
0,0,0,0,0,0,0,0,1,فعالیت‌های کمکی به نهادهای مالی واسط,67,885,44549439964296944,IRO1KALA0001,کالا,بورس کالای ایران,592100000000000,9550,0,0,9550,9270,9100,8880,8830,10.8,0,9550,0,0,0,0,9630,9700,9850,9980,0,9550,122692,10000,5000,5000,6322,5000,22469,121000,11513,0,06:10:24,9830,9270,0,0,0,62000000000,6,1,1,1,1,1,1,5,4,0
0,0,0,0,0,0,0,0,1,صندوق سرمایه‌گذاری قابل معامله,68,,44604318643489231,IRT1BIDF0001,بیدار,صندوق س سهامی بیدار-اهرمی,152505000000000,50835,0,0,50882,48850,47650,47500,46336,,0,50882,0,0,0,0,51200,51526,52747,53549,53673,50835,5899,100,4282,100000,104,100,2800,101,27584,10000,06:10:39,52868,48802,0,0,0,3000000000,5,1,1,1,1,1,2,1,1,1
0,0,0,0,0,0,0,0,1,حمل و نقل، انبارداری و ارتباطات,60,152,44625249840480397,IRO3ASAZ0001,حآسا,آسیا سیر ارس,18544000000000,4880,0,0,4270,0,0,0,0,32.1,0,4880,0,0,0,0,0,0,0,0,0,4880,1200,0,0,0,0,0,0,0,0,0,06:10:29,5020,4740,0,0,0,3800000000,1,0,0,0,0,0,0,0,0,0
0,0,0,0,0,0,0,0,1,هتل و رستوران,55,60,44665761767777759,IRO7TRKP0001,گکیش,توریستی ورفاهی آبادگران کیش,3686400000000,9000,0,0,0,0,0,0,0,150,0,9020,0,0,0,0,9050,0,0,0,0,9000,0,0,0,0,0,29200,0,0,0,0,06:10:36,9270,8730,0,0,0,409600000,0,0,0,0,0,1,0,0,0,0
0,0,0,0,0,0,0,0,1,فلزات اساسی,27,1620,44846320603450383,IRO3FERZ0001,فروسیل,فروسیلیسیم خمین,23360000000000,14600,0,0,14600,13500,12620,0,0,9,0,14600,0,0,0,0,0,0,0,0,0,14600,7584,372,3947,0,0,0,0,0,0,0,06:10:29,15030,14170,0,0,0,1600000000,3,1,1,0,0,0,0,0,0,0
0,0,0,0,0,0,0,0,1,محصولات غذایی و آشامیدنی به جز قند و شکر,42,682,44850033148208596,IRO1CHCH0001,غچین,کشت‌ و صنعت‌ چین‌ چین,22905000000000,5090,0,0,5080,4960,0,0,0,7.5,0,5090,0,0,0,0,0,0,0,0,0,5090,9880,5000,0,0,0,0,0,0,0,0,06:10:23,5240,4940,0,0,0,4500000000,1,1,0,0,0,0,0,0,0,0
0,0,0,0,0,0,0,0,1,خودرو و ساخت قطعات,34,-154,44891482026867833,IRO1SIPA0001,خساپا,سایپا,1233691212586000,761,0,0,761,740,739,700,698,-4.9,0,761,0,0,0,0,0,0,0,0,0,761,1053767,185740,3000000,15163,214003,0,0,0,0,0,06:10:32,783,739,0,0,0,1621144826000,12,4,1,2,2,0,0,0,0,0
0,0,0,0,0,0,0,0,1,قند و شکر,38,150,44967158778304588,IRO1GSBE0001,قثابت,قند ثابت‌ خراسان,25011070830000,3870,0,0,3790,3710,3690,0,0,25.8,0,3870,0,0,0,0,3880,3910,3990,4040,4070,3870,1400,35000,6000,0,0,1301,101300,4860,10000,10000,06:10:24,3980,3760,0,0,0,6462809000,1,1,1,0,0,1,2,2,1,1
0,0,0,0,0,0,0,0,1,بانک‌ها و موسسات اعتباری,57,584,45050389997905274,IRO1VSIN0001,وسینا,بانک سینا,260968672220000,3340,0,0,3340,3160,3080,3070,0,5.7,0,3340,0,0,0,0,0,0,0,0,0,3340,10441,300000,4000,40000,0,0,0,0,0,0,06:10:32,3440,3240,0,0,0,78134333000,2,1,1,1,0,0,0,0,0,0
0,0,0,0,0,0,0,0,1,ماشین‌آلات و تجهیزات,29,6300,45062188442385800,IRO7FROP0001,تفیرو,مهندسی فیروزا,2622000000000,218500,0,0,218500,195400,0,0,0,34.7,0,218500,0,0,0,0,0,0,0,0,0,218500,233910,860000,0,0,0,0,0,0,0,0,06:10:33,222800,214200,0,0,0,12000000,26,86,0,0,0,0,0,0,0,0
0,0,0,0,0,0,0,0,1,انبوه‌سازی، املاک و مستغلات,70,-469,45066064863062755,IRO7NZMP0001,ثنظام,س. ساختمانی نظام مهندسی ایران,5990750336800,80380,0,0,78180,0,0,0,0,-171.4,0,79950,0,0,0,0,0,0,0,0,0,80380,900,0,0,0,0,0,0,0,0,0,06:10:33,82790,77970,0,0,0,74530360,1,0,0,0,0,0,0,0,0,0
0,0,0,0,0,0,0,0,1,سایر واسطه‌گری‌های مالی,58,335,45174198424472334,IRO1RSAP0001,ولساپا,لیزینگ رایان‌ سایپا,20708595000000,1055,0,0,975,0,0,0,0,3.1,0,1056,0,0,0,0,0,0,0,0,0,1055,9632,0,0,0,0,0,0,0,0,0,06:10:32,1086,1024,0,0,0,19629000000,1,0,0,0,0,0,0,0,0,0
0,0,0,0,0,0,0,0,1,صندوق سرمایه‌گذاری قابل معامله,68,,45292762906823004,IRT1KLID0001,کلید,صندوق س خانه آگاه-املاک,17931000000000,17931,0,0,18018,17951,17927,17851,17751,,0,18018,0,0,0,0,18080,0,0,0,0,17931,70,80,40000,85,90,1903,0,0,0,0,06:10:39,18468,17394,0,0,0,1000000000,1,1,1,1,1,6,0,0,0,0
0,0,0,0,0,0,0,0,1,سرمایه‌گذاری‌ها,56,804,45353845483523901,IRO1KYAN0001,کیانا,گروه مالی کیان,83200000000000,8320,0,0,0,0,0,0,0,10.3,0,8320,0,0,0,0,14620,0,0,0,0,8320,0,0,0,0,0,535,0,0,0,0,06:10:24,8560,8080,0,0,0,10000000000,0,0,0,0,0,2,0,0,0,0
0,0,0,0,0,0,0,0,1,فلزات اساسی,27,171,45507655586782998,IRO3SJSZ0001,فجهان,جهان فولاد سیرجان,467500000000000,2750,0,0,2750,2199,2137,2096,0,16.1,0,2750,0,0,0,0,0,0,0,0,0,2750,211235,40000,1000,10458,0,0,0,0,0,0,06:10:33,2832,2668,0,0,0,170000000000,1,1,1,1,0,0,0,0,0,0
0,0,0,0,0,0,0,0,1,محصولات غذایی و آشامیدنی به جز قند و شکر,42,3220,45518744711972166,IRO3GHPZ0001,غپآذر,شیر پگاه آذربایجان شرقی,25290000000000,25290,0,0,25290,22920,0,0,0,7.9,0,25290,0,0,0,0,0,0,0,0,0,25290,300,239,0,0,0,0,0,0,0,0,06:10:29,26040,24540,0,0,0,1000000000,1,1,0,0,0,0,0,0,0,0
0,0,0,0,0,0,0,0,1,زراعت و خدمات وابسته,1,9010,45519261544951819,IRO1SPID0001,سپید,سپید ماکیان,421470000000000,46830,0,0,46830,46650,45470,45430,45020,5.2,0,46830,0,0,0,0,47060,47230,0,0,0,46830,5888,2135,110,5000,150,7900,33336,0,0,0,06:10:32,48230,45430,0,0,0,9000000000,14,1,1,1,1,1,9,0,0,0
0,0,0,0,0,0,0,0,16002360,ساخت دستگاه‌ها و وسایل ارتباطی,32,-152,45641540066710190,IRO7KMOP0001,لکما,کارخانجات‌مخابراتی‌ایران,10778108250000,1185,0,0,1170,1160,1150,1144,0,-7.8,0,1185,0,0,0,0,0,0,0,0,0,1185,100000,46858,129962,171079,0,0,0,0,0,0,06:10:33,1208,1162,0,0,0,9095450000,1,1,1,1,0,0,0,0,0,0
0,0,0,0,0,0,0,0,1,صندوق سرمایه‌گذاری قابل معامله,68,,45728383369147894,IRT1FAYF0001,امین یکم,صندوق درآمد ثابت امین یکم فردا,101360000000000,10136,0,0,10000,0,0,0,0,,0,10137,0,0,0,0,10235,10363,11053,0,0,10136,1000,0,0,0,0,100,500,295,0,0,06:10:39,10440,9832,0,0,0,10000000000,1,0,0,0,0,1,1,1,0,0
0,0,0,0,0,0,0,0,1,خودرو و ساخت قطعات,34,1668,45895339414786358,IRO1RINM0001,خرینگ,رینگ‌سازی‌مشهد,14860000000000,14860,0,0,14870,0,0,0,0,8.9,0,14870,0,0,0,0,15050,15090,15250,15700,15710,14860,800,0,0,0,0,119900,9133,2126,3000,670,06:10:32,15300,14420,0,0,0,1000000000,1,0,0,0,0,2,1,1,1,1
0,0,0,0,0,0,0,0,1,محصولات غذایی و آشامیدنی به جز قند و شکر,42,0,45964563143974868,IRR1MNZN0101,غانیزانح,ح.فرآورده های دامی ولبنی دالاه,25709971482150,7950,0,0,7720,7000,0,0,0,0,0,7950,0,0,0,0,0,0,0,0,0,7950,1001000,5000,0,0,0,0,0,0,0,0,06:10:37,8180,7720,0,0,0,3233958677,5,1,0,0,0,0,0,0,0,0
0,0,0,0,0,0,0,0,1,فلزات اساسی,27,518,46348559193224090,IRO1FOLD0001,فولاد,فولاد مبارکه اصفهان,5267070000000000,2722,0,0,2722,2700,2698,2668,2650,5.3,0,2722,0,0,0,0,2738,2740,2748,2749,2750,2722,6340454,1852,1880,5000,2000,12000,10000,29476,220656,3000,06:10:23,2803,2641,0,0,0,1935000000000,30,1,1,1,1,1,1,2,4,1
0,0,0,0,0,0,0,0,1,عرضه برق، گاز، بخار و آب گرم,40,-272,46483466867025192,IRO7KAHZ0001,بکهنوج,تولید برق ماهتاب کهنوج,20656987750971,1287,0,0,1249,1241,1238,1170,1167,-4.7,0,1314,0,0,0,0,1315,1319,0,0,0,1287,40323,100000,141321,50000,50000,2000,10000,0,0,0,06:10:33,1325,1249,0,0,0,16050495533,1,1,2,1,1,1,1,0,0,0
0,0,0,0,0,0,0,0,1,صندوق سرمایه‌گذاری قابل معامله,68,,46700660505281786,IRTKLOTF0001,طلا,صندوق س. کالای پارسیان,1313607200000000,1601960,0,0,1610000,1605000,1601000,1600000,1599900,,0,1612500,0,0,0,0,1620000,1621300,1626099,1628723,1632889,1601960,200,46,2500,810,5,51944,7,5,4,4,06:10:40,1762156,1441764,0,0,0,820000000,1,2,1,6,1,1,1,1,1,1
0,0,0,0,0,0,0,0,1,هتل و رستوران,55,1002,46741025610365786,IRO3IMFZ0001,سمگا,گروه سرمایه گذاری میراث فرهنگی,93750000000000,3750,0,0,3660,3610,3600,3480,3340,3.7,0,3760,0,0,0,0,3850,3880,3890,3900,4000,3750,1369,300000,1392,20000,46000,17000,300000,53985,12000,15776,06:10:29,3860,3640,0,0,0,25000000000,1,1,1,1,1,2,1,2,2,4
0,0,0,0,0,0,0,0,1,ماشین‌آلات و دستگاه‌های برقی,31,747,46752599569017089,IRO1TRNS0001,بترانس,ایران‌ ترانسفو,292500000000000,3250,0,0,3250,3200,3180,3120,3070,4.4,0,3250,0,0,0,0,3270,3280,3330,3340,3350,3250,100000,6115,3500,1800,5000,10000,5630,21213,300000,300000,06:10:32,3340,3160,0,0,0,90000000000,1,2,1,1,2,1,3,6,1,1
0,0,0,0,0,0,0,0,1,مواد و محصولات دارویی,43,2413,46801030346547943,IRO3GPHP0001,دقاضی,داروسازی شهید قاضی,232839900000000,22410,0,0,21790,20800,20530,20520,19940,9.3,0,22410,0,0,0,0,22700,22740,22840,23120,23440,22410,10000,5000,500,9711,2500,2734,1156,2000,1274,3000,06:10:29,23080,21740,0,0,0,10390000000,1,1,1,1,1,2,1,1,2,1
0,0,0,0,0,0,0,0,1,منسوجات,17,2027,46878429508891351,IRO3NAKZ0001,نخریس,نخریسی و نساجی خسروی خراسان,26130000000000,20100,0,0,18030,13800,0,0,0,9.9,0,20120,0,0,0,0,0,0,0,0,0,20100,5000,700,0,0,0,0,0,0,0,0,06:10:30,20700,19500,0,0,0,1300000000,1,1,0,0,0,0,0,0,0,0
0,0,0,0,0,0,0,0,1,سرمایه‌گذاری‌ها,56,842,46982154647719707,IRO1GBEH0001,وصنا,گروه‌صنایع‌بهشهرایران,66754500000000,5730,0,0,5730,5130,0,0,0,6.8,0,5730,0,0,0,0,0,0,0,0,0,5730,11000,2400,0,0,0,0,0,0,0,0,06:10:23,5900,5560,0,0,0,11650000000,1,1,0,0,0,0,0,0,0,0
0,0,0,0,0,0,0,0,1,صندوق سرمایه‌گذاری قابل معامله,68,,47041908051542008,IRT3KNIF0001,هم وزن,صندوق س. شاخصی کیان-س,85372000000000,42686,0,0,42687,26312,0,0,0,,0,42687,0,0,0,0,0,0,0,0,0,42686,1472,500,0,0,0,0,0,0,0,0,06:10:39,43966,41406,0,0,0,2000000000,1,1,0,0,0,0,0,0,0,0
0,0,0,0,0,0,0,0,1,صندوق سرمایه‌گذاری قابل معامله,68,,47101579271117172,IRT3MEYF0001,گنجینه,صندوق س. گنجینه داریوش-د,21374000000000,21374,0,0,13398,0,0,0,0,,0,21373,0,0,0,0,0,0,0,0,0,21374,100,0,0,0,0,0,0,0,0,0,06:10:39,22015,20733,0,0,0,1000000000,1,0,0,0,0,0,0,0,0,0
0,0,0,0,0,0,0,0,1,صندوق سرمایه‌گذاری قابل معامله,68,,47125023640770480,IRT3FF010001,صنم,ص.س.صندوق در صندوق صنم,23703500000000,47407,0,0,46500,46300,46100,45900,45700,,0,47475,0,0,0,0,0,0,0,0,0,47407,5000,7500,7500,7500,7500,0,0,0,0,0,06:10:38,48829,45985,0,0,0,500000000,2,3,3,3,3,0,0,0,0,0
0,0,0,0,0,0,0,0,1,فلزات اساسی,27,724,47232550823972469,IRO1TOKA0001,وتوکا,سرمایه‌گذاری‌توکافولاد(هلدینگ,73547500000000,3650,0,0,3550,3280,0,0,0,5,0,3650,0,0,0,0,0,0,0,0,0,3650,20000,5000,0,0,0,0,0,0,0,0,06:10:32,3750,3550,0,0,0,20150000000,1,1,0,0,0,0,0,0,0,0
0,0,0,0,0,0,0,0,1,بانک‌ها و موسسات اعتباری,57,711,47302318535715632,IRO1NOVN0001,ونوین,بانک‌اقتصادنوین,1120534809520000,3760,0,0,3760,3590,3580,3560,3270,5.3,0,3760,0,0,0,0,3800,3890,5380,0,0,3760,49775,10000,24724,2000,7000,106155,20000,175000,0,0,06:10:24,3870,3650,0,0,0,298014577000,2,1,2,1,3,4,1,1,0,0
0,0,0,0,0,0,0,0,1,بانک‌ها و موسسات اعتباری,57,1045,47333458678352378,IRO1BKHZ0001,وخاور,بانک خاورمیانه,735600000000000,6130,0,0,5840,5810,5800,5450,5280,5.9,0,6140,0,0,0,0,6300,6330,6640,0,0,6130,10000,68592,3864,1000,1000,300000,300000,1765,0,0,06:10:23,6310,5950,0,0,0,120000000000,1,1,2,1,1,1,1,2,0,0
0,0,0,0,0,0,0,0,1,مواد و محصولات دارویی,43,100,47348197320716810,IRO3DSNZ0001,دسانکو,داروسازی سبحان انکولوژی,20640000000000,3440,0,0,3440,0,0,0,0,34.4,0,3440,0,0,0,0,0,0,0,0,0,3440,2897,0,0,0,0,0,0,0,0,0,06:10:29,3540,3340,0,0,0,6000000000,1,0,0,0,0,0,0,0,0,0
0,0,0,0,0,0,0,0,1,ماشین‌آلات و دستگاه‌های برقی,31,676,47377315952751604,IRO1SWIC0001,بسویچ,پارس‌سویچ,128880000000000,5370,0,0,4800,0,0,0,0,7.9,0,5370,0,0,0,0,0,0,0,0,0,5370,1111,0,0,0,0,0,0,0,0,0,06:10:32,5530,5210,0,0,0,24000000000,1,0,0,0,0,0,0,0,0,0
0,0,0,0,0,0,0,0,1,صندوق سرمایه‌گذاری قابل معامله,68,,47492157735162813,IRT1ATML0001,آتیه ملت,صندوق س آتیه ملت-ثابت,155704000000000,19463,0,0,19435,18455,17500,0,0,,0,19463,0,0,0,0,0,0,0,0,0,19463,5000,10,327,0,0,0,0,0,0,0,06:10:39,20046,18880,0,0,0,8000000000,1,1,1,0,0,0,0,0,0,0
0,0,0,0,0,0,0,0,1,انبوه‌سازی، املاک و مستغلات,70,-409,47702059190622416,IRO7CTSP0001,ثتوسا,س.توسعه و عمران استان اردبیل,4170000000000,16680,0,0,0,0,0,0,0,-40.8,0,16690,0,0,0,0,17050,17300,0,0,0,16680,0,0,0,0,0,16725,3117,0,0,0,06:10:33,17180,16180,0,0,0,250000000,0,0,0,0,0,1,1,0,0,0
0,0,0,0,0,0,0,0,1,صندوق سرمایه‌گذاری قابل معامله,68,,47717365931256099,IRTKNGRS0001,نقرسا,صندوق س.کالای پارسیان1,19742000000000,9871,0,0,9802,9800,9784,9751,9750,,0,9889,0,0,0,0,10016,10093,10111,10121,10129,9871,5196,20000,100000,100000,8583,1000,2000,5000,17970,2000,06:10:40,10858,8884,0,0,0,2000000000,1,1,1,1,2,1,1,1,1,1
0,0,0,0,0,0,0,0,1,رایانه و فعالیت‌های وابسته به آن,72,3654,47749661205825616,IRO1SYSM0001,سیستم,همکاران سیستم,573900000000000,57390,0,0,56000,55220,55000,52840,51800,15.7,0,57410,0,0,0,0,57810,0,0,0,0,57390,30000,100,25128,100,30000,500,0,0,0,0,06:10:32,59110,55670,0,0,0,10000000000,1,1,1,1,1,1,0,0,0,0
0,0,0,0,0,0,0,0,1,حمل و نقل، انبارداری و ارتباطات,60,397,47756003257788498,IRO3GTTZ0001,حگهر,حمل و نقل گهرترابر سیرجان,63640080000000,2898,0,0,2840,2820,2520,0,0,7.3,0,2900,0,0,0,0,2937,3120,0,0,0,2898,2000,10000,2000,0,0,50000,30000,0,0,0,06:10:29,2984,2812,0,0,0,21960000000,1,1,1,0,0,1,1,0,0,0
0,0,0,0,0,0,0,0,1,سرمایه‌گذاری‌ها,56,827,47841327496247362,IRO1IDOC0001,واعتبار,سرمایه گذاری اعتبار ایران,12180000000000,3480,0,0,3490,3230,3150,3070,2100,4.2,0,3490,0,0,0,0,0,0,0,0,0,3480,30000,1649,3009,3000,2463,0,0,0,0,0,06:10:24,3580,3380,0,0,0,3500000000,1,1,1,1,1,0,0,0,0,0
0,0,0,0,0,0,0,0,1,مواد و محصولات دارویی,43,1448,47973532381204870,IRO3IAMZ0001,بیوتیک,آنتی بیوتیک سازی ایران,64634064000000,35860,0,0,35860,33810,33780,31850,31620,24.8,0,35860,0,0,0,0,0,0,0,0,0,35860,40138,13500,3000,500,10000,0,0,0,0,0,06:10:29,36930,34790,0,0,0,1802400000,7,2,1,1,1,0,0,0,0,0
0,0,0,0,0,0,0,0,1,شرکت‌های چند رشته‌ای صنعتی,39,2109,48010225447410247,IRO1BANK0001,وبانک,سرمایه گذاری گروه توسعه ملی,575362500000000,11450,0,0,11450,11400,11140,10700,10200,5.4,0,11450,0,0,0,0,16200,0,0,0,0,11450,258146,500,1000,500,10000,300000,0,0,0,0,06:10:23,11790,11110,0,0,0,50250000000,5,1,1,1,2,1,0,0,0,0
0,0,0,0,0,0,0,0,1,سایر واسطه‌گری‌های مالی,58,311,48241092863917835,IRO1LPRS0001,ولپارس,لیزینگ پارسیان,15200000000000,3800,0,0,3490,0,0,0,0,12.2,0,3800,0,0,0,0,0,0,0,0,0,3800,1712,0,0,0,0,0,0,0,0,0,06:10:24,3910,3690,0,0,0,4000000000,1,0,0,0,0,0,0,0,0,0
0,0,0,0,0,0,0,0,1,سایر واسطه‌گری‌های مالی,58,776,48287670503317419,IRO3BHLZ0001,ولبهمن,شرکت بهمن لیزینگ,32311100000000,3137,0,0,2841,2746,0,0,0,4,0,3174,0,0,0,0,0,0,0,0,0,3137,3156,2287,0,0,0,0,0,0,0,0,06:10:29,3231,3043,0,0,0,10300000000,1,1,0,0,0,0,0,0,0,0
0,0,0,0,0,0,0,0,1,صندوق سرمایه‌گذاری قابل معامله,68,,48287767791629523,IRT3RSHF0001,رشد,صندوق س.رشد پایدار آبان-د,119938500000000,21807,0,0,0,0,0,0,0,,0,21808,0,0,0,0,21975,0,0,0,0,21807,0,0,0,0,0,5000,0,0,0,0,06:10:39,22461,21153,0,0,0,5500000000,0,0,0,0,0,1,0,0,0,0
0,0,0,0,0,0,0,0,1,سرمایه‌گذاری‌ها,56,100,48457557221009333,IRO7TDIP0001,وتوسکا,سرمایه گذاری توسعه توکا,32220000000000,1611,0,0,1571,1158,0,0,0,16.1,0,1618,0,0,0,0,1683,1733,0,0,0,1611,100000,5000,0,0,0,211000,150000,0,0,0,06:10:33,1659,1563,0,0,0,20000000000,1,1,0,0,0,2,1,0,0,0
0,0,0,0,0,0,0,0,1,بیمه و صندوق بازنشستگی به جز تامین اجتماعی,66,-1825,48511238766369097,IRO1BDAN0001,دانا,بیمه دانا,47942102208000,2464,0,0,2341,2316,0,0,0,-1.4,0,2465,0,0,0,0,2532,2551,0,0,0,2464,7000,2170,0,0,0,10000,125555,0,0,0,06:10:23,2537,2391,0,0,0,19457022000,2,1,0,0,0,1,2,0,0,0
0,0,0,0,0,0,0,0,1,ماشین‌آلات و دستگاه‌های برقی,31,752,48517714910707769,IRO1POYA0001,بپویا,دانش محور پویا نیرو,59354617590000,5970,0,0,5970,5810,5630,5520,5510,7.9,0,5970,0,0,0,0,5990,6000,0,0,0,5970,8344,68591,3000,10000,10000,15779,7562,0,0,0,06:10:32,6140,5800,0,0,0,9942147000,1,1,1,1,1,2,4,0,0,0
0,0,0,0,0,0,0,0,1,محصولات غذایی و آشامیدنی به جز قند و شکر,42,487,48619517949257749,IRO1NOSH0001,غنوش,نوش‌ مازندران,17260000000000,17260,0,0,17050,17000,16760,15560,0,35.4,0,17260,0,0,0,0,17440,17930,17940,0,0,17260,296,1730,299,500,0,20000,500,15782,0,0,06:10:24,17770,16750,0,0,0,1000000000,1,1,1,1,0,1,1,3,0,0
0,0,0,0,0,0,0,0,1,فلزات اساسی,27,226,48623320733330408,IRO1LMIR0001,فلوله,لوله‌وماشین‌سازی‌ایران,31696500000000,2805,0,0,2805,2643,2497,1905,0,12.4,0,2805,0,0,0,0,2975,3047,3050,3052,0,2805,95000,7500,10000,7500,0,2500,100000,2400,6660,0,06:10:24,2889,2721,0,0,0,11300000000,1,1,1,3,0,1,1,1,3,0
0,0,0,0,0,0,0,0,1,زراعت و خدمات وابسته,1,6307,48636523343139021,IRO3HELZ0001,زهلال,کشت و صنعت هلال,26740000000000,53480,0,0,51940,50390,49040,47610,46980,8.5,0,53490,0,0,0,0,0,0,0,0,0,53480,30000,400,121,2206,500,0,0,0,0,0,06:10:29,55080,51880,0,0,0,500000000,1,1,1,2,1,0,0,0,0,0
0,0,0,0,0,0,0,0,1,فراورده‌های نفتی، کک و سوخت هسته‌ای,23,9661,48753732042176709,IRO1PNTB0001,شبریز,پالایش نفت تبریز,1669800000000000,55660,0,0,55660,55630,55490,55000,54120,5.8,0,55660,0,0,0,0,0,0,0,0,0,55660,89499,1000,7702,1000,100000,0,0,0,0,0,06:10:32,57320,54000,0,0,0,30000000000,3,1,1,1,4,0,0,0,0,0
0,0,0,0,0,0,0,0,1,صندوق سرمایه‌گذاری قابل معامله,68,,48932793456289874,IRT1HBRD0001,هیبرید,صندوق س آسمان خاورمیانه-مختلط,9049200000000,22623,0,0,0,0,0,0,0,,0,22622,0,0,0,0,23216,0,0,0,0,22623,0,0,0,0,0,250,0,0,0,0,06:10:39,23301,21945,0,0,0,400000000,0,0,0,0,0,1,0,0,0,0
0,0,0,0,0,0,0,0,1,صندوق سرمایه‌گذاری قابل معامله,68,,48961821709187018,IRTKMHGL0001,مهرگلد,صندوق س. کالای نفیس مهرگان,12596000000000,12596,0,0,12500,12400,12366,12009,9033,,0,12677,0,0,0,0,12750,12800,12997,13000,13201,12596,398,170,6000,84,22114,20900,100000,100,386,27970,06:10:40,13855,11337,0,0,0,1000000000,1,2,3,1,1,1,1,1,1,2
0,0,0,0,0,0,0,0,1,صندوق سرمایه‌گذاری قابل معامله,68,,48968268685622891,IRTKGOLD0001,گلدا,صندوق س.کالای پاداش,80764000000000,20191,0,0,20150,20006,19606,19500,19006,,0,20300,0,0,0,0,20499,20700,20748,20750,20800,20191,50,250,500,1000,1000,250,645,1000,1448,1445,06:10:40,22210,18172,0,0,0,4000000000,1,1,1,1,1,1,1,1,1,1
0,0,0,0,0,0,0,0,1,صندوق سرمایه‌گذاری قابل معامله,68,,48970598895465763,IRT3VC100001,پویا,ص.ج.پویا الگوریتم70%تادیه,326560500000,653121,0,0,0,0,0,0,0,,0,653121,0,0,0,0,794640,0,0,0,0,653121,0,0,0,0,0,1000,0,0,0,0,06:10:39,718433,587809,0,0,0,500000,0,0,0,0,0,1,0,0,0,0
0,0,0,0,0,0,0,0,1,خودرو و ساخت قطعات,34,88,48990026850202503,IRO1GOST0001,خگستر,گسترش‌سرمایه‌گذاری‌ایران‌خودرو,248760999810000,4230,0,0,4230,4130,4120,4110,4000,48.1,0,4230,0,0,0,0,4240,4250,0,0,0,4230,22000,89224,300000,10000,300000,300000,67200,0,0,0,06:10:24,4350,4110,0,0,0,58808747000,2,3,1,1,1,1,4,0,0,0
0,0,0,0,0,0,0,0,1,مواد و محصولات دارویی,43,1503,49054891736433700,IRO1ABDI0001,دعبید,لابراتوارداروسازی‌  دکترعبیدی,1260000000000000,22500,0,0,22500,21860,21850,21200,0,15,0,22500,0,0,0,0,0,0,0,0,0,22500,16642,235,229,10,0,0,0,0,0,0,06:10:23,23170,21830,0,0,0,56000000000,4,1,1,1,0,0,0,0,0,0
0,0,0,0,0,0,0,0,1,منسوجات,17,1655,49129081625829210,IRO7KPAP0001,نشار,کارخانجات پشمبافی افشار یزد,4000000,1,0,0,1,0,0,0,0,0,0,1,0,0,0,0,0,0,0,0,0,1,194000,0,0,0,0,0,0,0,0,0,06:10:33,1,1,0,0,0,4000000,3,0,0,0,0,0,0,0,0,0
0,0,0,0,0,0,0,0,1,فراورده‌های نفتی، کک و سوخت هسته‌ای,23,3704,49188729526980541,IRO1SEPP0001,شسپا,نفت سپاهان,1105440000000000,19740,0,0,19740,19500,19370,19170,18880,5.3,0,19740,0,0,0,0,19880,0,0,0,0,19740,95929,555,3556,11058,2010,2000,0,0,0,0,06:10:32,20330,19150,0,0,0,56000000000,13,1,1,2,1,1,0,0,0,0
0,0,0,0,0,0,0,0,1,خودرو و ساخت قطعات,34,91,49270349234092953,IRO3IKDP0001,خاور,ایران خودرو دیزل,185925600000000,1666,0,0,1620,1609,1600,1590,1585,18.3,0,1671,0,0,0,0,1684,1685,1729,1734,1736,1666,3087,40000,10000,60000,50000,14000,47000,2890,13500,2500,06:10:29,1715,1617,0,0,0,111600000000,1,1,1,1,1,1,4,1,2,3
0,0,0,0,0,0,0,0,1,ساخت محصولات فلزی,28,155,49399017998386087,IRO7BIRP0001,فبیرا,بسته‌ بندی‌ ایران,11375000000000,2275,0,0,2312,0,0,0,0,14.7,0,2312,0,0,0,0,2607,2637,2689,2711,0,2275,97873,0,0,0,0,100000,100000,3104,150000,0,06:10:33,2343,2207,0,0,0,5000000000,1,0,0,0,0,1,1,1,1,0
0,0,0,0,0,0,0,0,1,فعالیت‌های کمکی به نهادهای مالی واسط,67,522,49641108336531623,IRO1BENC0001,انرژی,بورس انرژی ایران,101655000000000,25100,0,0,25200,24360,24350,23740,23120,48.1,0,25200,0,0,0,0,0,0,0,0,0,25100,1000,209,1000,211,1220,0,0,0,0,0,06:10:23,25850,24350,0,0,0,4050000000,1,1,1,1,2,0,0,0,0,0
0,0,0,0,0,0,0,0,1,خدمات فنی و مهندسی,74,641,49854144784855542,IRO7TKIN0001,رتکو,کنترل ‌خوردگی ‌تکین ‌کوی,3770000000000,18850,0,0,0,0,0,0,0,29.4,0,18900,0,0,0,0,19000,0,0,0,0,18850,0,0,0,0,0,1290,0,0,0,0,06:10:36,19410,18290,0,0,0,200000000,0,0,0,0,0,1,0,0,0,0
0,0,0,0,0,0,0,0,1,رایانه و فعالیت‌های وابسته به آن,72,96,50002340308486819,IRO3KPEZ0001,تاپکیش,تجارت الکترونیک پارسیان کیش,26470000000000,2647,0,0,2580,2520,2495,2441,2438,27.6,0,2649,0,0,0,0,2660,2703,2804,2867,2891,2647,40040,2000,2196,50000,2243,2000,8500,11896,100000,2000,06:10:30,2726,2568,0,0,0,10000000000,1,1,1,1,1,1,1,2,1,1
0,0,0,0,0,0,0,0,1,سایر واسطه‌گری‌های مالی,58,278,50011948410571353,IRO3GSIP0001,ولتجار,واسپاری تجارایرانیان,17408024970000,3290,0,0,3150,0,0,0,0,11.8,0,3280,0,0,0,0,3310,3320,3330,3450,3480,3290,20000,0,0,0,0,11387,300000,10582,1777,97797,06:10:29,3380,3200,0,0,0,5291193000,1,0,0,0,0,1,1,1,1,1
0,0,0,0,0,0,0,0,1,صندوق سرمایه‌گذاری قابل معامله,68,,50072269736641214,IRTKHAMY0001,همیان,صندوق س.پشتوانه طلا همیان سپهر,19902000000000,19902,0,0,19450,13801,0,0,0,,0,19935,0,0,0,0,20089,20600,21000,21701,22200,19902,55,14424,0,0,0,4000,3000,900,1000,800,06:10:40,21892,17912,0,0,0,1000000000,1,1,0,0,0,1,1,1,1,1
0,0,0,0,0,0,0,0,1,مواد و محصولات دارویی,43,378,50100062518826135,IRO1AMIN0001,دامین,داروسازی‌ امین,142701900000000,15630,0,0,15420,0,0,0,0,41.3,0,15670,0,0,0,0,0,0,0,0,0,15630,30000,0,0,0,0,0,0,0,0,0,06:10:23,16090,15170,0,0,0,9130000000,1,0,0,0,0,0,0,0,0,0
0,0,0,0,0,0,0,0,1,خودرو و ساخت قطعات,34,-111,50117925085549635,IRO7LIBP0001,خلیبل,مالیبل سایپا,37529726914449,1881,0,0,1834,0,0,0,0,-16.9,0,1892,0,0,0,0,0,0,0,0,0,1881,70000,0,0,0,0,0,0,0,0,0,06:10:33,1937,1825,0,0,0,19952007929,1,0,0,0,0,0,0,0,0,0
0,0,0,0,0,0,0,0,1,صندوق سرمایه‌گذاری قابل معامله,68,,50139638026536387,IRT3ZAKF0001,زرین,صندوق س. سهام زرین کوروش-س,13016600000000,65083,0,0,0,0,0,0,0,,0,65436,0,0,0,0,66076,0,0,0,0,65083,0,0,0,0,0,1,0,0,0,0,06:10:39,67035,63131,0,0,0,200000000,0,0,0,0,0,1,0,0,0,0
0,0,0,0,0,0,0,0,1,خودرو و ساخت قطعات,34,715,50185721305191887,IRO1RADI0001,ختور,رادیاتور ایران,23586150000000,3209,0,0,3209,3116,3026,2900,2824,4.5,0,3209,0,0,0,0,0,0,0,0,0,3209,1561,1608,5000,10000,5000,0,0,0,0,0,06:10:32,3305,3113,0,0,0,7350000000,1,1,1,1,1,0,0,0,0,0
0,0,0,0,0,0,0,0,1,محصولات شیمیایی,44,8261,50247622569476338,IRO1BONA0001,بوعلی,پتروشیمی بوعلی سینا,987222600000000,49140,0,0,49140,47710,46330,45790,44950,5.9,0,49140,0,0,0,0,51760,0,0,0,0,49140,43966,5050,400,1028,112,4074,0,0,0,0,06:10:23,50610,47670,0,0,0,20090000000,14,2,1,1,1,2,0,0,0,0
0,0,0,0,0,0,0,0,1,صندوق سرمایه‌گذاری قابل معامله,68,,50264175787486822,IRT3TRNF0001,ترنج ثابت,ص.س.درآمد ثابت ترنج سودمند-د,5076500000000,10153,0,0,9190,9159,0,0,0,,0,10160,0,0,0,0,10400,10442,10583,0,0,10153,325,200,0,0,0,55000,47920,499,0,0,06:10:39,10457,9849,0,0,0,500000000,1,1,0,0,0,2,1,1,0,0
0,0,0,0,0,0,0,0,1,استخراج کانه‌های فلزی,13,1317,50341528161302545,IRO1MNGZ0001,کمنگنز,معادن‌منگنزایران,41760000000000,9280,0,0,9120,9110,9060,8980,8950,7,0,9330,0,0,0,0,9370,0,0,0,0,9280,30000,50000,10000,10000,559,5000,0,0,0,0,06:10:24,9550,9010,0,0,0,4500000000,3,1,1,1,1,1,0,0,0,0
0,0,0,0,0,0,0,0,162200,ماشین‌آلات و تجهیزات,29,4652,50368344235826302,IRO7AZMP0001,لازما,کارخانه های صنعتی آزمایش,35256750000000,162100,0,0,164800,155200,150800,0,0,34.8,0,164800,0,0,0,0,0,0,0,0,0,162100,320,3000,2000,0,0,0,0,0,0,0,06:10:33,166900,157300,0,0,0,217500000,1,1,1,0,0,0,0,0,0,0
0,0,0,0,0,0,0,0,1,صندوق سرمایه‌گذاری قابل معامله,68,,50503654866742146,IRT1ETHM0001,هامرز,صندوق س اعتماد هامرز-ثابت,25027500000000,10011,0,0,0,0,0,0,0,,0,10012,0,0,0,0,10533,10578,0,0,0,10011,0,0,0,0,0,150,473,0,0,0,06:10:39,10311,9711,0,0,0,2500000000,0,0,0,0,0,1,1,0,0,0
0,0,0,0,0,0,0,0,1,حمل و نقل، انبارداری و ارتباطات,60,28,50587892784913370,IRO7DLIP0001,حشکوه,دلیجان طلایی شکوه پارس,15865410000000,1441,0,0,1445,1327,0,0,0,51.5,0,1445,0,0,0,0,0,0,0,0,0,1441,43440,50000,0,0,0,0,0,0,0,0,06:10:33,1484,1398,0,0,0,11010000000,1,1,0,0,0,0,0,0,0,0
0,0,0,0,0,0,0,0,1,سایر محصولات کانی غیرفلزی,54,299,50633804639547462,IRO3MRJZ0001,کمرجان,بازرگانی و تولیدی مرجان کار,8227000000000,4330,0,0,4330,3970,0,0,0,14.5,0,4330,0,0,0,0,0,0,0,0,0,4330,100000,5000,0,0,0,0,0,0,0,0,06:10:30,4450,4210,0,0,0,1900000000,1,1,0,0,0,0,0,0,0,0
0,0,0,0,0,0,0,0,1,انبوه‌سازی، املاک و مستغلات,70,0,50792786683910016,IRO3KRMZ0001,کرمان,س. توسعه و عمران استان کرمان,62140219524000,1458,0,0,1458,1377,1374,1336,0,0,0,1458,0,0,0,0,0,0,0,0,0,1458,43053,3639,10000,19000,0,0,0,0,0,0,06:10:30,1501,1415,0,0,0,42620178000,1,1,1,3,0,0,0,0,0,0
0,0,0,0,0,0,0,0,1,فلزات اساسی,27,910,51017863148152520,IRO3SSTZ0001,فرود,فولاد شاهرود,46548000000000,8620,0,0,8370,7160,7050,5510,4920,9.5,0,8620,0,0,0,0,0,0,0,0,0,8620,600,1832,2500,915,1500,0,0,0,0,0,06:10:33,8870,8370,0,0,0,5400000000,1,2,1,1,1,0,0,0,0,0
0,0,0,0,0,0,0,0,1,بیمه و صندوق بازنشستگی به جز تامین اجتماعی,66,1869,51106317433079213,IRO1ASIA0001,آسیا,بیمه آسیا,162400000000000,4060,0,0,3710,3350,3260,3210,0,2.2,0,4060,0,0,0,0,0,0,0,0,0,4060,1396,2000,5000,8000,0,0,0,0,0,0,06:10:23,4180,3940,0,0,0,40000000000,1,1,1,2,0,0,0,0,0,0
0,0,0,0,0,0,0,0,1,صندوق سرمایه‌گذاری قابل معامله,68,,51200575796028449,IRTKSAHR0001,سافرون,صندوق س.کالای گنجینه زمین,22719900000000,75733,0,0,75000,74400,74251,74250,74000,,0,76527,0,0,0,0,77499,77770,77980,77989,77990,75733,160,7153,15,403,1000,10000,295,65,2000,16500,06:10:40,83306,68160,0,0,0,300000000,1,2,1,1,1,1,1,1,1,1
0,0,0,0,0,0,0,0,1,صندوق سرمایه‌گذاری قابل معامله,68,,51285326016186930,IRT1SDAF0001,صدف,صندوق س صدف سهام-سهام,4360100000000,43601,0,0,43602,0,0,0,0,,0,43602,0,0,0,0,0,0,0,0,0,43601,404,0,0,0,0,0,0,0,0,0,06:10:39,44909,42293,0,0,0,100000000,1,0,0,0,0,0,0,0,0,0
0,0,0,0,0,0,0,0,1,محصولات غذایی و آشامیدنی به جز قند و شکر,42,1478,51294484197536070,IRO7SPRP0001,غشوکو,شوکو پارس,11950000000000,11950,0,0,11600,11550,11430,11250,10700,8.1,0,11970,0,0,0,0,12260,12590,13100,13420,0,11950,4363,4500,10000,2500,10000,4213,500,2000,1000,0,06:10:33,12300,11600,0,0,0,1000000000,1,1,1,1,1,1,1,1,1,0
0,0,0,0,0,0,0,0,1,سرمایه‌گذاری‌ها,56,146,51390991364277477,IRO3SLIM0001,سلیم,سرمایه گذاری سلیم,25868661000000,1379,0,0,1302,1053,0,0,0,9.4,0,1381,0,0,0,0,1402,1440,0,0,0,1379,3907,5000,0,0,0,306069,316520,0,0,0,06:10:33,1420,1338,0,0,0,18759000000,1,1,0,0,0,2,2,0,0,0
0,0,0,0,0,0,0,0,1,صندوق سرمایه‌گذاری قابل معامله,68,,51539000543410496,IRT3NAVF0001,ناوگان,صندوق س.بخشی زمرد نو ویرا1-ب,6054400000000,15136,0,0,15126,12538,0,0,0,,0,15126,0,0,0,0,0,0,0,0,0,15136,333,1000,0,0,0,0,0,0,0,0,06:10:39,15590,14682,0,0,0,400000000,1,1,0,0,0,0,0,0,0,0
0,0,0,0,0,0,0,0,1,فراورده‌های نفتی، کک و سوخت هسته‌ای,23,1249,51617145873056483,IRO1PTEH0001,شتران,پالایش نفت تهران,3875850000000000,5940,0,0,5940,5930,5810,5770,5760,4.8,0,5940,0,0,0,0,0,0,0,0,0,5940,73299,13281,2032,600000,300000,0,0,0,0,0,06:10:32,6110,5770,0,0,0,652500000000,9,2,2,2,1,0,0,0,0,0
0,0,0,0,0,0,0,0,1,صندوق سرمایه‌گذاری قابل معامله,68,,51920757918600374,IRT1TRZZ0001,هم تراز,صندوق س شاخصی هم وزن تراز-سهام,26391000000000,26391,0,0,25400,25300,25200,25100,25000,,0,26435,0,0,0,0,0,0,0,0,0,26391,5000,5000,5000,5000,5000,0,0,0,0,0,06:10:39,27182,25600,0,0,0,1000000000,1,1,1,1,1,0,0,0,0,0
0,0,0,0,0,0,0,0,1,بیمه و صندوق بازنشستگی به جز تامین اجتماعی,66,484,51971068201094874,IRO3BIPZ0001,بپاس,بیمه پاسارگاد,1273050000000000,12300,0,0,0,0,0,0,0,25.4,0,12310,0,0,0,0,12500,12550,12560,12610,12620,12300,0,0,0,0,0,195614,100000,200000,119350,100000,06:10:29,12660,11940,0,0,0,103500000000,0,0,0,0,0,2,1,2,5,1
0,0,0,0,0,0,0,0,1,سیمان، آهک و گچ,53,1220,52220424531578944,IRO1SGRB0001,سغرب,سیمان‌غرب,48929000000000,8660,0,0,8660,8160,0,0,0,7.1,0,8660,0,0,0,0,8740,0,0,0,0,8660,3067,1000,0,0,0,10000,0,0,0,0,06:10:32,8910,8410,0,0,0,5650000000,2,1,0,0,0,1,0,0,0,0
0,0,0,0,0,0,0,0,1,شرکت‌های چند رشته‌ای صنعتی,39,638,52232388263291380,IRO1OIMC0001,وامید,گروه مدیریت سرمایه گذاری امید,2122500000000000,5660,0,0,5340,0,0,0,0,8.9,0,5660,0,0,0,0,0,0,0,0,0,5660,6000,0,0,0,0,0,0,0,0,0,06:10:24,5820,5500,0,0,0,375000000000,2,0,0,0,0,0,0,0,0,0
0,0,0,0,0,0,0,0,1,مواد و محصولات دارویی,43,20406,52382684379473036,IRO3IGCZ0001,دکپسول,تولید ژلاتین کپسول ایران,53100000000000,177000,0,0,173000,172000,171600,167000,166900,8.7,0,177100,0,0,0,0,180200,185900,188300,0,0,177000,30,100,500,10000,630,2000,1,64,0,0,06:10:29,182300,171700,0,0,0,300000000,1,1,1,1,2,1,1,1,0,0
0,0,0,0,0,0,0,0,1,استخراج کانه‌های فلزی,13,-2961,52455922800537930,IRO7NARP0001,تکنار,مجتمع معادن مس تکنار,6399000000000,106650,0,0,106650,0,0,0,0,-36,0,106650,0,0,0,0,0,0,0,0,0,106650,11515,0,0,0,0,0,0,0,0,0,06:10:33,109840,103460,0,0,0,60000000,2,0,0,0,0,0,0,0,0,0
0,0,0,0,0,0,0,0,1,صندوق سرمایه‌گذاری قابل معامله,68,,52497713622747990,IRT1AGGH0001,آلیاژ,صندوق س صنایع آگاه3-بخشی,31614000000000,31614,0,0,31615,0,0,0,0,,0,31615,0,0,0,0,0,0,0,0,0,31614,315,0,0,0,0,0,0,0,0,0,06:10:39,32562,30666,0,0,0,1000000000,1,0,0,0,0,0,0,0,0,0
0,0,0,0,0,0,0,0,1,قند و شکر,38,6371,52587750999094180,IRO3SUGZ0001,نیشکر,توسعه نیشکر و  صنایع جانبی,760514076850000,66530,0,0,66530,64600,63100,62720,62670,10.4,0,66530,0,0,0,0,0,0,0,0,0,66530,20421,38200,200,30000,83,0,0,0,0,0,06:10:33,68520,64540,0,0,0,11431145000,4,3,1,1,1,0,0,0,0,0
0,0,0,0,0,0,0,0,1,رایانه و فعالیت‌های وابسته به آن,72,605,52792903131341205,IRO3AFRZ0001,افرا,افرانت,21440400000000,10510,0,0,10510,10500,10280,10210,10100,17.4,0,10510,0,0,0,0,10620,11260,11940,11960,12180,10510,49151,25643,1500,10000,30000,476,422,20000,422,450,06:10:29,10820,10200,0,0,0,2040000000,3,1,1,1,1,1,1,1,1,1
0,0,0,0,0,0,0,0,1,صندوق سرمایه‌گذاری قابل معامله,68,,52846735736632974,IRT1NHAL0001,صنهال,صندوق س. نهال ایرانیان-ثابت,32784700000000,25219,0,0,11894,0,0,0,0,,0,25220,0,0,0,0,25250,25900,0,0,0,25219,90,0,0,0,0,39636,2000,0,0,0,06:10:39,25975,24463,0,0,0,1300000000,1,0,0,0,0,1,1,0,0,0
0,0,0,0,0,0,0,0,1,فعالیت‌های کمکی به نهادهای مالی واسط,67,632,52932092555708556,IRO1KRDN0001,تکاردان,تامین سرمایه کاردان,135700000000000,2714,0,0,2569,2557,2535,2453,0,4.3,0,2727,0,0,0,0,2730,2731,0,0,0,2714,2003,2210,2633,2093,0,286,75354,0,0,0,06:10:24,2795,2633,0,0,0,50000000000,1,1,1,1,0,1,9,0,0,0
0,0,0,0,0,0,0,0,1,محصولات کاغذی,21,476,53113471126689455,IRO1KRTI0001,چکارن,کارتن‌ ایران,13958432400000,4720,0,0,4650,4600,4360,3360,0,9.9,0,4710,0,0,0,0,4740,4760,4800,4900,4990,4720,1077,1089,300000,10,0,2000,50000,7000,7000,5000,06:10:24,4860,4580,0,0,0,2957295000,1,1,1,1,0,1,1,1,1,2
0,0,0,0,0,0,0,0,1,صندوق سرمایه‌گذاری قابل معامله,68,,53145304508578701,IRT1TMSK0001,تمشک,صندوق س تمشک نماد رشد-در صندوق,50952000000000,50952,0,0,50753,50750,50700,50600,50570,,0,50899,0,0,0,0,51198,51410,51498,51677,51745,50952,650000,1000000,5150,8685,1200,10000,784947,50000,426,2000,06:10:39,52480,49424,0,0,0,1000000000,1,1,1,1,1,1,1,1,1,1
0,0,0,0,0,0,0,0,1,محصولات غذایی و آشامیدنی به جز قند و شکر,42,3437,53204330224889981,IRO3TIGZ0001,تبرک,گروه کارخانجات صنعتی تبرک,49204667676150,22050,0,0,22050,20790,0,0,0,6.4,0,22050,0,0,0,0,0,0,0,0,0,22050,300,731,0,0,0,0,0,0,0,0,06:10:33,22710,21390,0,0,0,2231504203,1,1,0,0,0,0,0,0,0,0
0,0,0,0,0,0,0,0,1,صندوق سرمایه‌گذاری قابل معامله,68,,53251602435454519,IRT1FKNF0001,کیان,صندوق س. با درآمد ثابت کیان,496773000000000,110394,0,0,110250,110120,102980,80536,75700,,0,110394,0,0,0,0,111292,113561,0,0,0,110394,14,4538,10,100,813,45,250,0,0,0,06:10:39,113705,107083,0,0,0,4500000000,1,1,1,1,1,1,1,0,0,0
0,0,0,0,0,0,0,0,1,حمل و نقل، انبارداری و ارتباطات,60,68,53334304751609770,IRO7RGIP0001,حگردش,ریل گردش ایرانیان,3949820000000,2219,0,0,0,0,0,0,0,32.6,0,2232,0,0,0,0,2238,2307,2330,2331,2338,2219,0,0,0,0,0,10000,12000,50000,50000,50000,06:10:33,2285,2153,0,0,0,1780000000,0,0,0,0,0,1,1,1,1,1
0,0,0,0,0,0,0,0,1,محصولات غذایی و آشامیدنی به جز قند و شکر,42,797,53350307353645375,IRO1MNZN0001,غانیزان,فرآورده های دامی ولبنی دالاهو,43723240212200,8950,0,0,8440,8430,8190,8100,0,11.2,0,8950,0,0,0,0,0,0,0,0,0,8950,5001,594,729,1300,0,0,0,0,0,0,06:10:24,9210,8690,0,0,0,4885278236,1,1,1,1,0,0,0,0,0,0
0,0,0,0,0,0,0,0,1,صندوق سرمایه‌گذاری قابل معامله,68,,53514992320442853,IRTKNGIN0001,نگین فارس,صندوق س.طلا زردیس خلیج فارس,52029000000000,17343,0,0,17291,16900,16850,16840,16800,,0,17408,0,0,0,0,17537,17566,17599,17722,18042,17343,4210,60,60,10000,60,20000,20000,25000,1800,100,06:10:40,19077,15609,0,0,0,3000000000,1,1,1,1,1,1,1,1,3,1
0,0,0,0,0,0,0,0,1,صندوق سرمایه‌گذاری قابل معامله,68,,53633583359422860,IRTKMIRA0001,میراث,صندوق س.کالای کوروش,27054000000000,13527,0,0,13450,13215,13080,13000,12799,,0,13656,0,0,0,0,13684,13800,13811,13830,13881,13527,80,3070,1500,7685,3000,2000,50000,1000,3846,1000,06:10:40,14879,12175,0,0,0,2000000000,1,1,1,1,1,1,1,1,1,1
0,0,0,0,0,0,0,0,1,سرمایه‌گذاری‌ها,56,126,53647874954005806,IRO7VHSP0001,واحصا,احیاء صنایع خراسان,31507660800000,26640,0,0,26010,26000,0,0,0,211.4,0,26650,0,0,0,0,0,0,0,0,0,26640,98156,100000,0,0,0,0,0,0,0,0,06:10:36,27430,25850,0,0,0,1182720000,1,1,0,0,0,0,0,0,0,0
0,0,0,0,0,0,0,0,3529011,سرمایه‌گذاری‌ها,56,3770,53686258677793038,IRO7ARSP0001,وارس,سرمایه گذاری ارس صبا,46110000000000,15370,0,0,15020,14700,14120,0,0,4.1,0,15380,0,0,0,0,17060,18600,0,0,0,15370,4000,6000,38000,0,0,350,21329,0,0,0,06:10:33,15830,14910,0,0,0,3000000000,1,1,1,0,0,1,1,0,0,0
0,0,0,0,0,0,0,0,1,انبوه‌سازی، املاک و مستغلات,70,117,53999651992586159,IRO3MPRZ0001,ثپردیس,سرمایه گذاری مسکن پردیس,18765000000000,4170,0,0,4170,3600,3520,3390,3320,35.6,0,4170,0,0,0,0,4240,4250,4330,0,0,4170,20000,3000,6000,10000,3000,10000,2000,40977,0,0,06:10:30,4290,4050,0,0,0,4500000000,1,1,1,1,1,1,1,4,0,0
0,0,0,0,0,0,0,0,1,فلزات اساسی,27,-55,54277068923045214,IRO1SORB0001,فسرب,ملی‌ سرب‌وروی‌ ایران,28780265640000,2597,0,0,2597,2522,2447,0,0,-47.2,0,2597,0,0,0,0,0,0,0,0,0,2597,144502,55000,8200,0,0,0,0,0,0,0,06:10:32,2674,2520,0,0,0,11082120000,4,1,1,0,0,0,0,0,0,0
0,0,0,0,0,0,0,0,1,فلزات اساسی,27,440,54419429862704331,IRO1FRIS0001,فروس,فروسیلیس‌ ایران,34402830000000,3850,0,0,3850,3460,3340,0,0,8.8,0,3850,0,0,0,0,0,0,0,0,0,3850,118934,1454,24914,0,0,0,0,0,0,0,06:10:23,3960,3740,0,0,0,8935800000,3,1,2,0,0,0,0,0,0,0
0,0,0,0,0,0,0,0,1,زراعت و خدمات وابسته,1,1911,54482686501491508,IRO3BAHZ0001,زبینا,کشاورزی و دامپروری بینالود,51797641115770,14230,0,0,12550,0,0,0,0,7.4,0,14230,0,0,0,0,14240,14340,14530,0,0,14230,5000,0,0,0,0,10000,352,1000,0,0,06:10:29,14650,13810,0,0,0,3640030999,1,0,0,0,0,1,1,1,0,0
0,0,0,0,0,0,0,0,1,بیمه و صندوق بازنشستگی به جز تامین اجتماعی,66,239,54493234408301135,IRO3TNIZ0001,بنو,بیمه تجارت نو,51048000000000,2127,0,0,2157,0,0,0,0,8.9,0,2157,0,0,0,0,0,0,0,0,0,2127,2323,0,0,0,0,0,0,0,0,0,06:10:33,2190,2064,0,0,0,24000000000,1,0,0,0,0,0,0,0,0,0
0,0,0,0,0,0,0,0,1,ماشین‌آلات و تجهیزات,29,-24,54509759694064219,IRO7HPKP0001,تپکو,تولیدتجهیزات‌سنگین‌هپکو,45318804802000,542,0,0,542,527,497,476,390,-22.6,0,542,0,0,0,0,0,0,0,0,0,542,2510000,196699,101000,110000,140000,0,0,0,0,0,06:10:33,558,526,0,0,0,83614031000,6,2,1,1,1,0,0,0,0,0
0,0,0,0,0,0,0,0,1,ماشین‌آلات و تجهیزات,29,2049,54676885047867737,IRO1TSHE0001,وتوشه,سرمایه‌ گذاری‌ پارس‌ توشه,83300000000000,8330,0,0,0,0,0,0,0,4.1,0,8330,0,0,0,0,8550,8790,8850,0,0,8330,0,0,0,0,0,600,2000,1,0,0,06:10:32,8570,8090,0,0,0,10000000000,0,0,0,0,0,1,1,1,0,0
0,0,0,0,0,0,0,0,1,محصولات شیمیایی,44,4878,55127657985997520,IRO3APOZ0001,آریا,پلیمر آریا ساسول,1178161476000000,34270,0,0,34300,33620,31820,29090,27980,7,0,34300,0,0,0,0,34310,34660,35730,36460,37300,34270,3400,12722,500,300,2000,898,277,1000,420,156,06:10:29,35290,33250,0,0,0,34378800000,2,2,1,1,1,4,1,1,1,1
0,0,0,0,0,0,0,0,1,رایانه و فعالیت‌های وابسته به آن,72,1675,55201604487356053,IRO7FANP0001,فن آوا,گروه فن آوا,28116000000000,3195,0,0,3195,3111,3102,0,0,1.9,0,3195,0,0,0,0,0,0,0,0,0,3195,20000,17095,273595,0,0,0,0,0,0,0,06:10:33,3290,3100,0,0,0,8800000000,1,1,1,0,0,0,0,0,0,0
0,0,0,0,0,0,0,0,1,رایانه و فعالیت‌های وابسته به آن,72,86,55254206302462116,IRO1APPE0001,آپ,آسان پرداخت پرشین,115100000000000,11510,0,0,11510,0,0,0,0,133.8,0,11510,0,0,0,0,11750,12350,12890,0,0,11510,22924,0,0,0,0,2500,3500,100000,0,0,06:10:23,11850,11170,0,0,0,10000000000,2,0,0,0,0,1,1,1,0,0
0,0,0,0,0,0,0,0,1,فعالیت‌های فرهنگی و ورزشی,93,-936,55289848471625247,IRO7PSPP0001,پرسپولیس,پرسپولیس,16172093070000,1538,0,0,1501,1496,1488,0,0,-1.6,0,1555,0,0,0,0,1580,1586,0,0,0,1538,100000,150000,337656,0,0,26356,38498,0,0,0,06:10:33,1584,1492,0,0,0,10515015000,1,1,5,0,0,2,1,0,0,0
0,0,0,0,0,0,0,0,1,فلزات اساسی,27,1389,55373808401388162,IRO3ILZZ0001,فتوسا,تولید و توسعه سرب روی ایرانیان,15984000000000,5920,0,0,5920,5590,0,0,0,4.3,0,5920,0,0,0,0,0,0,0,0,0,5920,6000,1000,0,0,0,0,0,0,0,0,06:10:29,6090,5750,0,0,0,2700000000,2,1,0,0,0,0,0,0,0,0
0,0,0,0,0,0,0,0,1,صندوق سرمایه‌گذاری قابل معامله,68,,55376739611383226,IRT3FF020001,خوشه,ص.س.صندوق در صندوق خوشه گندم,23446500000000,31262,0,0,31386,31333,31200,31050,31000,,0,31493,0,0,0,0,31500,31600,31700,31800,31900,31262,79559,239084,5000,200,15000,200,200,200,200,200,06:10:38,32199,30325,0,0,0,750000000,1,1,1,1,3,1,1,1,1,1
0,0,0,0,0,0,0,0,1,محصولات شیمیایی,44,1215,55862580907068610,IRO3MECZ0001,شملی,ملی شیمی کشاورز,24896788400000,9160,0,0,9160,9000,8650,8280,8150,7.5,0,9160,0,0,0,0,0,0,0,0,0,9160,1409,5500,1000,3000,3000,0,0,0,0,0,06:10:30,9430,8890,0,0,0,2717990000,1,1,1,1,1,0,0,0,0,0
0,0,0,0,0,0,0,0,1,ماشین‌آلات و تجهیزات,29,411,55897939403232751,IRO1SRMA0001,لسرما,سرما آفرین,9621430000000,6790,0,0,6790,6650,6220,5960,1200,16.5,0,6790,0,0,0,0,0,0,0,0,0,6790,9244,1000,1000,10000,10,0,0,0,0,0,06:10:32,6990,6590,0,0,0,1417000000,1,1,1,1,1,0,0,0,0,0
0,0,0,0,0,0,0,0,1,سیمان، آهک و گچ,53,-54,55959112038778737,IRO7SEKP0001,سخواف,سیمان مجد خواف,18621205889000,6500,0,0,6500,0,0,0,0,-120.4,0,6500,0,0,0,0,6740,0,0,0,0,6500,8000,0,0,0,0,3000,0,0,0,0,06:10:33,6690,6310,0,0,0,2864800906,1,0,0,0,0,1,0,0,0,0
0,0,0,0,0,0,0,0,1,سایر محصولات کانی غیرفلزی,54,3616,55979741213594029,IRO7KBDP0001,کباده,تولید خاک نسوزاستقلال آباده,23777584110000,21270,0,0,21270,0,0,0,0,5.9,0,21270,0,0,0,0,0,0,0,0,0,21270,7080,0,0,0,0,0,0,0,0,0,06:10:33,21900,20640,0,0,0,1117893000,2,0,0,0,0,0,0,0,0,0
0,0,0,0,0,0,0,0,1,ماشین‌آلات و تجهیزات,29,-579,56006915451245411,IRO7LKPP0001,لخانه,لوازم‌ خانگی‌ پارس,16002000000000,17780,0,0,17780,15160,0,0,0,-30.7,0,17780,0,0,0,0,0,0,0,0,0,17780,100000,3417,0,0,0,0,0,0,0,0,06:10:33,18310,17250,0,0,0,900000000,1,1,0,0,0,0,0,0,0,0
0,0,0,0,0,0,0,0,1,سرمایه‌گذاری‌ها,56,0,56130915871324783,IRR7ATSP0101,وآتوسح,ح .گروه سرمایه گذاری توسکا,502200000000,279,0,0,250,0,0,0,0,0,0,279,0,0,0,0,0,0,0,0,0,279,5000000,0,0,0,0,0,0,0,0,0,06:10:37,295,263,0,0,0,1800000000,5,0,0,0,0,0,0,0,0,0
0,0,0,0,0,0,0,0,1,صندوق سرمایه‌گذاری قابل معامله,68,,56189844193337321,IRT3JSSF0001,جام سهند,صندوق س. جام سبز سهند-س,3072000000000,15360,0,0,15250,0,0,0,0,,0,15354,0,0,0,0,0,0,0,0,0,15360,2200,0,0,0,0,0,0,0,0,0,06:10:38,15820,14900,0,0,0,200000000,2,0,0,0,0,0,0,0,0,0
0,0,0,0,0,0,0,0,1,فلزات اساسی,27,1550,56324206651661881,IRO1NGFO0001,فنورد,نوردوقطعات‌ فولادی,73244160000000,11560,0,0,11560,11100,10900,0,0,7.5,0,11560,0,0,0,0,0,0,0,0,0,11560,700,451,1077,0,0,0,0,0,0,0,06:10:24,11900,11220,0,0,0,6336000000,1,1,1,0,0,0,0,0,0,0
0,0,0,0,0,0,0,0,1,فلزات اساسی,27,2590,56375665074210467,IRO3SOJZ0001,فسوژ,سوژمیران,52128000000000,21720,0,0,21720,21090,20480,19970,19300,8.4,0,21720,0,0,0,0,0,0,0,0,0,21720,41732,2221,5000,100000,464,0,0,0,0,0,06:10:33,22370,21070,0,0,0,2400000000,13,3,1,1,1,0,0,0,0,0
0,0,0,0,0,0,0,0,1,محصولات شیمیایی,44,-168,56429431740318486,IRO7SHLP0001,شلرد,کود شیمیایی اوره لردگان,109946286365000,2659,0,0,2659,2600,2507,2474,2085,-15.8,0,2659,0,0,0,0,2727,0,0,0,0,2659,439000,20000,19990,21000,25000,2000,0,0,0,0,06:10:33,2738,2580,0,0,0,41348735000,1,1,1,1,1,1,0,0,0,0
0,0,0,0,0,0,0,0,1,مواد و محصولات دارویی,43,1956,56550776668133562,IRO1DFRB0001,دفارا,داروسازی‌ فارابی,169574520000000,18420,0,0,18420,18250,18200,17900,17890,9.4,0,18420,0,0,0,0,0,0,0,0,0,18420,2727,300,500,5000,100000,0,0,0,0,0,06:10:23,18970,17870,0,0,0,9206000000,1,1,1,1,1,0,0,0,0,0
0,0,0,0,0,0,0,0,1,محصولات شیمیایی,44,27918,56574323121551263,IRO7PKBP0001,شکبیر,پتروشیمی امیرکبیر,497520000000000,138200,0,0,121500,0,0,0,0,5,0,138200,0,0,0,0,0,0,0,0,0,138200,41910,0,0,0,0,0,0,0,0,0,06:10:33,142300,134100,0,0,0,3600000000,5,0,0,0,0,0,0,0,0,0
0,0,0,0,0,0,0,0,1,صندوق سرمایه‌گذاری قابل معامله,68,,56650067865905863,IRT3PYDF0001,پایدار,ص.س.درآمد ثابت رایا پایدار-د,3241200000000,10804,0,0,0,0,0,0,0,,0,10805,0,0,0,0,11001,0,0,0,0,10804,0,0,0,0,0,1000,0,0,0,0,06:10:39,11128,10480,0,0,0,300000000,0,0,0,0,0,1,0,0,0,0
0,0,0,0,0,0,0,0,1,قند و شکر,38,3057,56820995669577571,IRO1GLOR0001,قلرست,قند لرستان,54936000000000,30520,0,0,30520,27920,26820,0,0,10,0,30520,0,0,0,0,0,0,0,0,0,30520,640,17824,10000,0,0,0,0,0,0,0,06:10:23,31430,29610,0,0,0,1800000000,1,1,1,0,0,0,0,0,0,0
0,0,0,0,0,0,0,0,1,صندوق سرمایه‌گذاری قابل معامله,68,,56871139881800017,IRT1TSCA0001,توسکا,صندوق س توسعه فولاد- ثابت,158644200000000,24037,0,0,23491,0,0,0,0,,0,24037,0,0,0,0,24601,24728,0,0,0,24037,425,0,0,0,0,10000,9750,0,0,0,06:10:39,24758,23316,0,0,0,6600000000,1,0,0,0,0,1,1,0,0,0
0,0,0,0,0,0,0,0,1,صندوق سرمایه‌گذاری قابل معامله,68,,56987424987755487,IRTKATSH0001,آتش,صندوق س.کالای کهکشان فیروزه,161188000000000,40297,0,0,40181,39820,39800,39663,39601,,0,40481,0,0,0,0,40829,41289,41290,41389,41395,40297,2800,26,30,125,2000,200,122,200,121,2625,06:10:40,44326,36268,0,0,0,4000000000,1,1,1,1,1,1,1,1,1,1
0,0,0,0,0,0,0,0,1,سایر محصولات کانی غیرفلزی,54,221,57086055330734195,IRO1TSRZ0001,کرازی,کارخانجات‌تولیدی‌شیشه‌رازی,90147600000000,1836,0,0,1834,1781,1657,1556,1449,8.3,0,1836,0,0,0,0,1838,1850,0,0,0,1836,2732,50000,100000,3500,5000,2743,15461,0,0,0,06:10:32,1891,1781,0,0,0,49100000000,1,1,1,1,1,1,3,0,0,0
0,0,0,0,0,0,0,0,1,محصولات شیمیایی,44,317,57157873359416943,IRO3SHEP0001,شرنگی,شیمیایی رنگین,19370000000000,19370,0,0,0,0,0,0,0,61.1,0,19440,0,0,0,0,20010,20620,0,0,0,19370,0,0,0,0,0,2969,46000,0,0,0,06:10:30,19950,18790,0,0,0,1000000000,0,0,0,0,0,1,2,0,0,0
0,0,0,0,0,0,0,0,1,خودرو و ساخت قطعات,34,385,57273529732791251,IRO1MSTI0001,خموتور,موتورسازان‌تراکتورسازی‌ایران,33053595000000,2293,0,0,2228,2076,1941,1840,0,6,0,2294,0,0,0,0,2387,2422,2431,2474,2475,2293,2249,5000,10000,3000,0,200000,90564,50000,124000,76094,06:10:24,2361,2225,0,0,0,14415000000,1,1,1,1,0,1,1,1,1,3
0,0,0,0,0,0,0,0,1,محصولات غذایی و آشامیدنی به جز قند و شکر,42,1291,57300230097485720,IRO3PEGZ0001,غگیلا,شیرپاستوریزه پگاه گیلان,27130000000000,27130,0,0,25980,25880,25850,25810,24920,21,0,27180,0,0,0,0,0,0,0,0,0,27130,250,250,250,250,250,0,0,0,0,0,06:10:30,27940,26320,0,0,0,1000000000,1,1,1,1,1,0,0,0,0,0
0,0,0,0,0,0,0,0,1,سرمایه‌گذاری‌ها,56,884,57309221039930244,IRO1SNMA0001,وصنعت,سرمایه گذاری توسعه صنعت وتجارت,91358000000000,2687,0,0,2680,2672,2662,2632,2612,3,0,2694,0,0,0,0,2710,2719,2720,2730,2732,2687,2062,2098,2099,2012,2042,5000,1860,60000,5000,59874,06:10:32,2767,2607,0,0,0,34000000000,1,1,1,1,1,1,1,2,1,4
0,0,0,0,0,0,0,0,1,صندوق سرمایه‌گذاری قابل معامله,68,,57468269415483633,IRT1SOLA0001,سولار,صندوق راهبرد انرژی فردا-پروژه,13260000000000,13260,0,0,13093,13020,12173,11819,11000,,0,13287,0,0,0,0,0,0,0,0,0,13260,1000,653,420,40000,489,0,0,0,0,0,06:10:39,13657,12863,0,0,0,1000000000,1,1,1,1,1,0,0,0,0,0
0,0,0,0,0,0,0,0,1,محصولات غذایی و آشامیدنی به جز قند و شکر,42,81,57551382352708199,IRO5GSKS0001,غگز,صنایع غذایی سکه,9469407620000,3590,0,0,3560,3510,3470,3450,3370,44.3,0,3590,0,0,0,0,3650,4190,0,0,0,3590,47715,100000,50000,8450,59132,87970,1800000,0,0,0,06:10:33,3690,3490,0,0,0,2637718000,1,1,1,3,1,2,6,0,0,0
0,0,0,0,0,0,0,0,1,صندوق سرمایه‌گذاری قابل معامله,68,,57585821705408565,IRT3VC080001,ونچر,ص.ج.فیروزه,775000000000,1550000,0,0,1518825,1487667,1456508,1425878,1395000,,0,1550000,0,0,0,0,1581142,1612300,1643459,1674089,1705000,1550000,1000,1000,1000,1000,1000,1000,1000,1000,1000,1000,06:10:39,1705000,1395000,0,0,0,500000,1,1,1,1,1,1,1,1,1,1
0,0,0,0,0,0,0,0,1,سرمایه‌گذاری‌ها,56,751,57600064931636077,IRO7JMIP0001,وجامی,سرمایه گذاری جامی,16150000000000,3230,0,0,2960,0,0,0,0,4.3,0,3220,0,0,0,0,0,0,0,0,0,3230,2500,0,0,0,0,0,0,0,0,0,06:10:33,3320,3140,0,0,0,5000000000,1,0,0,0,0,0,0,0,0,0
0,0,0,0,0,0,0,0,1,سایر محصولات کانی غیرفلزی,54,1532,57639364758870873,IRO1PSIR0001,کپشیر,پشم‌شیشه‌ایران,149100000000000,24850,0,0,24850,22080,21870,19530,0,16.2,0,24850,0,0,0,0,0,0,0,0,0,24850,300,2000,500,2550,0,0,0,0,0,0,06:10:32,25590,24110,0,0,0,6000000000,1,1,1,1,0,0,0,0,0,0
0,0,0,0,0,0,0,0,1,صندوق سرمایه‌گذاری قابل معامله,68,,57728534324022361,IRT3GJAF0001,گنجین,صندوق س. گنجینه یکم آوید-د,84512000000000,42256,0,0,0,0,0,0,0,,0,42257,0,0,0,0,43475,0,0,0,0,42256,0,0,0,0,0,8973,0,0,0,0,06:10:38,43523,40989,0,0,0,2000000000,0,0,0,0,0,1,0,0,0,0
0,0,0,0,0,0,0,0,1,فلزات اساسی,27,1597,57875847776839336,IRO1NALM0001,فنوال,نورد آلومینیوم,153276762730000,13390,0,0,13390,13000,12610,12600,11940,8.4,0,13390,0,0,0,0,13430,13610,0,0,0,13390,1965,14000,1000,811,1000,749,10199,0,0,0,06:10:24,13790,12990,0,0,0,11447107000,1,3,1,1,1,1,2,0,0,0
0,0,0,0,0,0,0,0,1,مواد و محصولات دارویی,43,201,57944184894703821,IRO1ALBZ0001,والبر,سرمایه‌ گذاری‌ البرز(هلدینگ,123380000000000,3980,0,0,3980,3870,3760,3740,3660,19.8,0,3980,0,0,0,0,3990,4200,4220,4230,4240,3980,300000,50000,2009,100000,3000,13216,1192,50000,4000,2700,06:10:23,4090,3870,0,0,0,31000000000,1,1,1,1,1,1,1,1,1,2
0,0,0,0,0,0,0,0,1,حمل و نقل، انبارداری و ارتباطات,60,0,58000772709340489,IRR7BNDP0101,حبندرح,ح.دریایی وکشتیرانی خط دریابندر,14512500000000,6450,0,0,6000,0,0,0,0,0,0,6450,0,0,0,0,0,0,0,0,0,6450,10000,0,0,0,0,0,0,0,0,0,06:10:37,6830,6070,0,0,0,2250000000,1,0,0,0,0,0,0,0,0,0
0,0,0,0,0,0,0,0,1,صندوق سرمایه‌گذاری قابل معامله,68,,58108537439201620,IRT3DOXF0001,دوایکس,ص.س.اهرمی شاخصی کیان-س,62364000000000,31182,0,0,31182,30016,30015,30000,29006,,0,31182,0,0,0,0,0,0,0,0,0,31182,150119,102034,5500,8570,83,0,0,0,0,0,06:10:38,32429,29935,0,0,0,2000000000,29,3,1,6,2,0,0,0,0,0
0,0,0,0,0,0,0,0,1,خودرو و ساخت قطعات,34,344,58180284328186631,IRO7RFNZ0001,خفناور,مهندسی صنعتی روان فن آور,2338000000000,23380,0,0,23380,0,0,0,0,68,0,23380,0,0,0,0,0,0,0,0,0,23380,54684,0,0,0,0,0,0,0,0,0,06:10:33,24080,22680,0,0,0,100000000,2,0,0,0,0,0,0,0,0,0
0,0,0,0,0,0,0,0,1,محصولات شیمیایی,44,3275,58356374066358100,IRO1RVND0001,اروند,پتروشیمی اروند,647280000000000,53940,0,0,53990,52750,52420,52300,52050,16.5,0,53990,0,0,0,0,0,0,0,0,0,53940,27774,1000,1000,2000,2000,0,0,0,0,0,06:10:32,55550,52330,0,0,0,12000000000,2,1,1,1,1,0,0,0,0,0
0,0,0,0,0,0,0,0,1,فلزات اساسی,27,529,58462435595049907,IRO3PEIZ0001,فنفت,صنایع تجهیزات نفت,17034000000000,5010,0,0,4870,0,0,0,0,9.5,0,5050,0,0,0,0,5180,5210,5360,5460,5600,5010,1110,0,0,0,0,7959,2140,1883,39243,22125,06:10:30,5160,4860,0,0,0,3400000000,1,0,0,0,0,1,2,1,3,3
0,0,0,0,0,0,0,0,1,خودرو و ساخت قطعات,34,4303,58482817740704549,IRO3KKHP0001,خکرمان,سرمایه گذاری آرمان گستر پاریز,48000000000000,9600,0,0,9060,0,0,0,0,2.2,0,9600,0,0,0,0,9860,9970,10160,10220,10270,9600,500,0,0,0,0,3050,1100,6501,530,2987,06:10:30,9880,9320,0,0,0,5000000000,1,0,0,0,0,2,1,2,1,2
0,0,0,0,0,0,0,0,1,صندوق سرمایه‌گذاری قابل معامله,68,,58514988269776425,IRTKGANJ0001,گنج,صندوق س. سیمای کاردان,563368500000000,194265,0,0,195280,194886,194400,193000,192850,,0,195649,0,0,0,0,196666,197777,198677,198999,199000,194265,613,10,250,100,50000,200,200,75,1000,7595,06:10:40,213691,174839,0,0,0,2900000000,1,1,1,1,1,1,1,1,1,1
0,0,0,0,0,0,0,0,1,فعالیت‌های کمکی به نهادهای مالی واسط,67,441,58741071099161284,IRO3FRBZ0001,فرابورس,فرابورس ایران,112022000000000,7090,0,0,6720,6690,6000,0,0,16.1,0,7090,0,0,0,0,7120,7300,7320,7340,7500,7090,57000,1000,1000,0,0,2000,5000,4774,2501,1445,06:10:29,7300,6880,0,0,0,15800000000,1,1,1,0,0,1,1,3,3,1
0,0,0,0,0,0,0,0,1,صندوق سرمایه‌گذاری قابل معامله,68,,58789178087946067,IRT3SVDF0001,داریوش,صندوق س. ثروت داریوش -س,48466000000000,48466,0,0,43574,29000,0,0,0,,0,48469,0,0,0,0,0,0,0,0,0,48466,2500,1000,0,0,0,0,0,0,0,0,06:10:39,49919,47013,0,0,0,1000000000,1,1,0,0,0,0,0,0,0,0
0,0,0,0,0,0,0,0,1,صندوق سرمایه‌گذاری قابل معامله,68,,58965710006903807,IRT3PC030001,کمان,س.خ.کمان کاریزما 35% تادیه,5735000000000,573500,0,0,516150,0,0,0,0,,0,573500,0,0,0,0,570000,573500,0,0,0,573500,1000,0,0,0,0,1000,148020,0,0,0,06:10:39,630850,516150,0,0,0,10000000,1,0,0,0,0,1,2,0,0,0
0,0,0,0,0,0,0,0,1,فعالیت‌های کمکی به نهادهای مالی واسط,67,586,59142194115401696,IRO1LTOS0001,لوتوس,تامین سرمایه لوتوس پارسیان,250665000000000,2949,0,0,2890,2870,2829,2801,2795,5,0,2967,0,0,0,0,2990,3003,0,0,0,2949,100000,2000,1768,4000,3000,10000,1700,0,0,0,06:10:24,3037,2861,0,0,0,85000000000,1,1,1,1,1,1,1,0,0,0
0,0,0,0,0,0,0,0,1,خودرو و ساخت قطعات,34,504,59217041815333317,IRO1KRIR0001,خکار,ایرکا پارت صنعت,20641600000000,1843,0,0,1810,1800,1776,1765,1760,3.7,0,1843,0,0,0,0,1934,1944,1951,1953,0,1843,4000,9000,800000,3000,10000,2609,10000,19000,35564,0,06:10:24,1898,1788,0,0,0,11200000000,1,2,1,1,1,1,1,3,4,0
0,0,0,0,0,0,0,0,1,فلزات اساسی,27,1926,59266699437480384,IRO3ARFZ0001,ارفع,شرکت آهن و فولاد ارفع,454440000000000,10820,0,0,10820,10710,10510,10200,0,5.6,0,10820,0,0,0,0,0,0,0,0,0,10820,110723,10000,20476,991,0,0,0,0,0,0,06:10:29,11140,10500,0,0,0,42000000000,5,1,3,2,0,0,0,0,0,0
0,0,0,0,0,0,0,0,1,صندوق سرمایه‌گذاری قابل معامله,68,,59345957997866018,IRT3NMKF0001,نمک,صندوق س.بخشی گستره فیروزه3	-ب,35138000000000,35138,0,0,35152,35000,34130,34100,32148,,0,35152,0,0,0,0,35529,0,0,0,0,35138,21384,2502,100000,300,100,6897,0,0,0,0,06:10:39,36192,34084,0,0,0,1000000000,5,1,1,1,1,1,0,0,0,0
0,0,0,0,0,0,0,0,1,محصولات غذایی و آشامیدنی به جز قند و شکر,42,2821,59461185672081215,IRO3RAVZ0001,غمایه,شرکت خمیرمایه رضوی,59562360000000,23140,0,0,21840,21520,21120,0,0,8.2,0,23150,0,0,0,0,0,0,0,0,0,23140,50000,48002,239,0,0,0,0,0,0,0,06:10:30,23830,22450,0,0,0,2574000000,1,1,1,0,0,0,0,0,0,0
0,0,0,0,0,0,0,0,1,محصولات شیمیایی,44,8331,59486059679335017,IRO1PETR0001,وپترو,سرمایه‌گذاری صنایع پتروشیمی,143798200000000,79010,0,0,79010,78000,76710,73200,70410,9.5,0,79010,0,0,0,0,105800,0,0,0,0,79010,18000,100,738,5000,127,109500,0,0,0,0,06:10:32,81380,76640,0,0,0,1820000000,2,1,3,1,1,5,0,0,0,0
0,0,0,0,0,0,0,0,1,عرضه برق، گاز، بخار و آب گرم,40,887,59522975635235187,IRO3SMSZ0001,شمس,تولید انرژی برق شمس پاسارگاد,45000000000000,11250,0,0,11100,10940,0,0,0,12.7,0,11250,0,0,0,0,11380,11440,11490,11500,11800,11250,500,510,0,0,0,2933,235,11006,468,155,06:10:33,11580,10920,0,0,0,4000000000,1,1,0,0,0,5,1,3,2,1
0,0,0,0,0,0,0,0,1,صندوق سرمایه‌گذاری قابل معامله,68,,59598536122397373,IRT3SSNF0001,سخند,صندوق س.سپهرخبرگان نفت-د,5961500000000,11923,0,0,0,0,0,0,0,,0,11924,0,0,0,0,12270,0,0,0,0,11923,0,0,0,0,0,735,0,0,0,0,06:10:39,12280,11566,0,0,0,500000000,0,0,0,0,0,6,0,0,0,0
0,0,0,0,0,0,0,0,1,صندوق سرمایه‌گذاری قابل معامله,68,,59641261891847088,IRT1MAED0001,معدن,صندوق س صنایع مفید6- بخشی,19573000000000,19573,0,0,19573,19400,19200,19045,19041,,0,19573,0,0,0,0,0,0,0,0,0,19573,17402,5010,6300,1453,55,0,0,0,0,0,06:10:39,20160,18986,0,0,0,1000000000,6,1,1,2,1,0,0,0,0,0
0,0,0,0,0,0,0,0,1,سرمایه‌گذاری‌ها,56,-558,59839275647597021,IRO7VOSP0001,وثوق,سرمایه گذاری وثوق امین,13161600000000,41130,0,0,0,0,0,0,0,-73.7,0,41310,0,0,0,0,42140,42150,44110,0,0,41130,0,0,0,0,0,1000,999,4772,0,0,06:10:36,42360,39900,0,0,0,320000000,0,0,0,0,0,1,1,1,0,0
0,0,0,0,0,0,0,0,1,بیمه و صندوق بازنشستگی به جز تامین اجتماعی,66,358,59866041653103343,IRO3BNOP0001,نوین,بیمه نوین,43400000000000,8680,0,0,8430,7440,0,0,0,24.2,0,8690,0,0,0,0,8810,0,0,0,0,8680,594,700,0,0,0,2000,0,0,0,0,06:10:29,8940,8420,0,0,0,5000000000,1,1,0,0,0,1,0,0,0,0
0,0,0,0,0,0,0,0,1,محصولات غذایی و آشامیدنی به جز قند و شکر,42,2810,59921975187856916,IRO1SHPZ0001,غشاذر,پگاه‌آذربایجان‌غربی,33305694500640,19430,0,0,19430,18350,18080,18000,15430,6.9,0,19430,0,0,0,0,0,0,0,0,0,19430,300,273,277,5000,2500,0,0,0,0,0,06:10:32,20010,18850,0,0,0,1714137648,1,1,1,1,1,0,0,0,0,0
0,0,0,0,0,0,0,0,1,فعالیت‌های کمکی به نهادهای مالی واسط,67,337,60162288821230099,IRO3DIBZ0001,تماوند,تامین سرمایه دماوند,48258000000000,2298,0,0,2188,1898,0,0,0,6.8,0,2316,0,0,0,0,2344,2396,2409,2413,2637,2298,30000,7000,0,0,0,5000,138000,4000,2220,50660,06:10:29,2366,2230,0,0,0,21000000000,1,1,0,0,0,1,3,1,1,1
0,0,0,0,0,0,0,0,1,تولید محصولات کامپیوتری الکترونیکی و نوری,26,4427,60235881999727383,IRO1ACCO0001,آکو,آکو باتری ایرانیان,442683600000000,44180,0,0,44250,44190,44180,44010,44000,10,0,44610,0,0,0,0,44750,44760,44800,44850,44910,44180,500,4000,33486,9695,1114,305,305,810,305,305,06:10:23,45500,42860,0,0,0,10020000000,1,2,2,1,2,1,1,3,1,1
0,0,0,0,0,0,0,0,1,فراورده‌های نفتی، کک و سوخت هسته‌ای,23,6145,60247433951600827,IRO3PNLZ0001,شاوان,پالایش نفت لاوان,327280000000000,40910,0,0,40910,39720,38570,38530,37420,6.7,0,40910,0,0,0,0,0,0,0,0,0,40910,8276,264,130,130,159,0,0,0,0,0,06:10:30,42130,39690,0,0,0,8000000000,2,2,1,1,1,0,0,0,0,0
0,0,0,0,0,0,0,0,1,سرمایه‌گذاری‌ها,56,223,60289595205403229,IRO7HIRP0001,بهیر,س. توسعه تجارت هیرمند,2412000000000,4020,0,0,3950,3910,0,0,0,18,0,4050,0,0,0,0,0,0,0,0,0,4020,63000,40000,0,0,0,0,0,0,0,0,06:10:33,4100,3940,0,0,0,600000000,2,1,0,0,0,0,0,0,0,0
0,0,0,0,0,0,0,0,1,,84,403,60369091709615715,IRO5MOMS0001,مهرمام,مهرمام میهن,27370064400000,3450,0,0,3330,3290,3050,0,0,8.6,0,3480,0,0,0,0,3530,3550,0,0,0,3450,30000,100000,10000,0,0,103736,103065,0,0,0,06:10:33,3550,3350,0,0,0,7933352000,1,1,1,0,0,4,9,0,0,0
0,0,0,0,0,0,0,0,1,صندوق سرمایه‌گذاری قابل معامله,68,,60410592153141114,IRT1DELT0001,دلتا,صندوق س صنایع تمدن1-بخشی,15356000000000,15356,0,0,0,0,0,0,0,,0,15340,0,0,0,0,15493,15536,16151,16197,0,15356,0,0,0,0,0,48,237,24,24,0,06:10:39,15816,14896,0,0,0,1000000000,0,0,0,0,0,2,2,1,1,0
0,0,0,0,0,0,0,0,1,مواد و محصولات دارویی,43,1779,60451823714332895,IRO1DALZ0001,دالبر,البرزدارو,215600000000000,15400,0,0,15400,14990,14960,14130,13730,8.7,0,15400,0,0,0,0,15730,15970,16000,16230,0,15400,35000,2800,335,1000,500,1500,323,2500,3500,0,06:10:23,15860,14940,0,0,0,14000000000,4,1,1,1,1,1,1,1,2,0
0,0,0,0,0,0,0,0,1,فعالیت‌های کمکی به نهادهای مالی واسط,67,280,60523145697836739,IRO1BORS0001,بورس,بورس اوراق بهادار تهران,166400000000000,5200,0,0,5200,5120,5100,5050,4900,18.6,0,5200,0,0,0,0,5210,7240,7630,8140,0,5200,52928,2057,159273,102092,2000,5000,5351,8662,100000,0,06:10:23,5350,5050,0,0,0,32000000000,3,1,3,3,1,2,1,1,1,0
0,0,0,0,0,0,0,0,1,حمل و نقل، انبارداری و ارتباطات,60,1478,60610861509165508,IRO1KSHJ0001,حکشتی,کشتیرانی جمهوری اسلامی ایران,1110120000000000,9570,0,0,9300,9030,8830,8720,8690,6.5,0,9550,0,0,0,0,10000,0,0,0,0,9570,538,2726,1400,1000,3000,507,0,0,0,0,06:10:24,9850,9290,0,0,0,116000000000,1,3,2,1,1,1,0,0,0,0
0,0,0,0,0,0,0,0,1,سرمایه‌گذاری‌ها,56,-145,60633055620418060,IRO7FLTP0001,فلات,گروه صنایع معادن فلات ایرانیان,7555621000000,19400,0,0,19400,13460,0,0,0,-133.8,0,19400,0,0,0,0,19570,0,0,0,0,19400,3235,20000,0,0,0,1000,0,0,0,0,06:10:33,19980,18820,0,0,0,389465000,1,1,0,0,0,1,0,0,0,0
0,0,0,0,0,0,0,0,1,سیمان، آهک و گچ,53,3814,60654872678917533,IRO1SGEN0001,سقاین,سیمان‌ قائن,120400000000000,30100,0,0,30100,29230,28800,28500,28380,7.9,0,30100,0,0,0,0,0,0,0,0,0,30100,118167,2672,2000,5000,177,0,0,0,0,0,06:10:32,31000,29200,0,0,0,4000000000,7,3,1,1,1,0,0,0,0,0
0,0,0,0,0,0,0,0,1,انبوه‌سازی، املاک و مستغلات,70,6363,60887982279284651,IRO3MSJZ0001,ثجنوب,سرمایه گذاری مسکن جنوب,24458000000000,17470,0,0,16480,16470,16050,16000,15980,2.7,0,17470,0,0,0,0,18200,18640,19320,0,0,17470,9810,1000,5000,1000,10000,555,14200,193,0,0,06:10:30,17990,16950,0,0,0,1400000000,2,1,1,1,1,1,3,1,0,0
0,0,0,0,0,0,0,0,1,محصولات شیمیایی,44,370,61102694810476197,IRO1BMPS0001,شپارس,بین‌ المللی‌ محصولات‌  پارس,28659600000000,2514,0,0,2514,0,0,0,0,6.8,0,2514,0,0,0,0,0,0,0,0,0,2514,24500,0,0,0,0,0,0,0,0,0,06:10:23,2589,2439,0,0,0,11400000000,2,0,0,0,0,0,0,0,0,0
0,0,0,0,0,0,0,0,1,صندوق سرمایه‌گذاری قابل معامله,68,,61265100181977543,IRT1MANI0001,مانی,صندوق س. با درآمد ثابت مانی,47084800000000,33632,0,0,17000,0,0,0,0,,0,33632,0,0,0,0,0,0,0,0,0,33632,61,0,0,0,0,0,0,0,0,0,06:10:39,34640,32624,0,0,0,1400000000,1,0,0,0,0,0,0,0,0,0
0,0,0,0,0,0,0,0,1,سرمایه‌گذاری‌ها,56,4946,61298636307861167,IRO7SEIP0001,وبرق,س.کارکنان صنعت برق زنجان وقزوی,21157762500000,60150,0,0,56850,44530,31800,28330,26710,12.2,0,60350,0,0,0,0,61600,61940,0,0,0,60150,5500,1200,1600,1800,1900,5000,500,0,0,0,06:10:33,61950,58350,0,0,0,351750000,1,1,1,1,1,1,1,0,0,0
0,0,0,0,0,0,0,0,1,سیمان، آهک و گچ,53,44486,61310599391543522,IRO3CBBP0001,سباقر,سیمان باقران,209340000000000,348900,0,0,348900,338800,338700,338500,319100,7.8,0,348900,0,0,0,0,0,0,0,0,0,348900,2214,294,100,1000,90,0,0,0,0,0,06:10:29,359300,338500,0,0,0,600000000,5,1,1,1,2,0,0,0,0,0
0,0,0,0,0,0,0,0,1,مواد و محصولات دارویی,43,6272,61332057061846617,IRO1DABO0001,دابور,داروسازی‌ ابوریحان,112122000000000,62290,0,0,60500,60490,59850,58110,58100,9.9,0,62300,0,0,0,0,0,0,0,0,0,62290,2000,83,351,484,87,0,0,0,0,0,06:10:23,64150,60430,0,0,0,1800000000,2,1,1,1,1,0,0,0,0,0
0,0,0,0,0,0,0,0,1,سایر واسطه‌گری‌های مالی,58,641,61469668095573716,IRO1LKAR0001,ولکار,لیزینگ کارآفرین,14877000000000,5130,0,0,4980,4970,4930,0,0,8,0,5100,0,0,0,0,5230,5340,5350,5440,5510,5130,1009,60138,200000,0,0,30000,1250,130,1398,8325,06:10:24,5280,4980,0,0,0,2900000000,1,1,1,0,0,1,1,2,2,3
0,0,0,0,0,0,0,0,1,محصولات غذایی و آشامیدنی به جز قند و شکر,42,3764,61506294208022391,IRO1SPPE0001,غشصفا,شیرپاستوریزه‌پگاه‌اصفهان,48103455200000,22420,0,0,22420,20640,18110,14350,13700,6,0,22420,0,0,0,0,22960,0,0,0,0,22420,20075,20000,300,500,500,200,0,0,0,0,06:10:32,23090,21750,0,0,0,2145560000,2,1,1,1,1,1,0,0,0,0
0,0,0,0,0,0,0,0,4212378,سیمان، آهک و گچ,53,114,61664227282090067,IRO7LARP0001,سلار,شرکت سیمان لارستان,11763998283840,3460,0,0,3250,3020,0,0,0,30.4,0,3470,0,0,0,0,3480,0,0,0,0,3460,20000,20000,0,0,0,20000,0,0,0,0,06:10:33,3560,3360,0,0,0,3399999504,1,1,0,0,0,1,0,0,0,0
0,0,0,0,0,0,0,0,1,صندوق سرمایه‌گذاری قابل معامله,68,,61805666737517582,IRTKDRKS0001,درخشان,صندوق س.کالای آبان,215124000000000,40976,0,0,40400,40300,40267,40200,39974,,0,41070,0,0,0,0,41730,41999,42078,42100,42222,40976,30,25,2000,150,3000,2120,650,119,120,4000,06:10:40,45073,36879,0,0,0,5250000000,1,1,1,1,1,2,2,1,1,2
0,0,0,0,0,0,0,0,1,صندوق سرمایه‌گذاری قابل معامله,68,,61920683599787147,IRT3PSGF0001,پاسارگاد,صندوق س.درآمد ثابت پاسارگاد-د,539091000000000,17114,0,0,17074,16430,16196,15572,15115,,0,17115,0,0,0,0,17377,17423,17535,17580,17604,17114,3000,30000,200,10,67,500,10,1110,47,699177,06:10:39,17627,16601,0,0,0,31500000000,1,1,1,1,1,1,1,2,1,1
0,0,0,0,0,0,0,0,1,محصولات غذایی و آشامیدنی به جز قند و شکر,42,1310,61978776664766359,IRO3NPMP0001,غپونه,نوش پونه مشهد,27886350000000,8850,0,0,8830,8640,8630,8400,8360,6.8,0,8860,0,0,0,0,9060,9510,0,0,0,8850,6649,60000,43000,596,4213,323600,40,0,0,0,06:10:30,9110,8590,0,0,0,3151000000,1,1,1,1,3,2,1,0,0,0
0,0,0,0,0,0,0,0,1,صندوق سرمایه‌گذاری قابل معامله,68,,62069100905581368,IRT1SIMF0001,سیمانو,صندوق س صنایع مفید3- بخشی,83942000000000,41971,0,0,41983,41000,40761,40000,39881,,0,41983,0,0,0,0,0,0,0,0,0,41971,37229,600,100025,1000,26,0,0,0,0,0,06:10:39,43230,40712,0,0,0,2000000000,3,2,2,1,1,0,0,0,0,0
0,0,0,0,0,0,0,0,1,ماشین‌آلات و دستگاه‌های برقی,31,1041,62107151670661969,IRO3ABCZ0001,بکابل,سیم و کابل ابهر,35012250000000,5700,0,0,5560,5550,5530,0,0,5.5,0,5740,0,0,0,0,5800,5950,6070,6320,0,5700,2000,910,10000,0,0,2294,127673,981,463,0,06:10:29,5870,5530,0,0,0,6142500000,1,1,1,0,0,1,1,1,1,0
0,0,0,0,0,0,0,0,1,محصولات شیمیایی,44,3012,62177651435283872,IRO1NKOL0001,شکلر,نیروکلر,110800000000000,27700,0,0,27700,27500,13130,11940,0,9.2,0,27700,0,0,0,0,28950,0,0,0,0,27700,73670,1479,1000,419,0,50050,0,0,0,0,06:10:24,28530,26870,0,0,0,4000000000,2,1,1,1,0,1,0,0,0,0
0,0,0,0,0,0,0,0,1,صندوق سرمایه‌گذاری قابل معامله,68,,62235397452612911,IRT1DARA0001,دارا یکم,صندوق واسطه گری مالی یکم-سهام,334967210324636,569398,0,0,569510,553600,550436,547500,545000,,0,569510,0,0,0,0,569999,570000,571111,571372,572222,569398,180,200,50,100,5,100,500,100,50,100,06:10:39,586479,552317,0,0,0,588283082,7,1,1,1,1,1,1,1,1,1
0,0,0,0,0,0,0,0,1,ماشین‌آلات و تجهیزات,29,308,62258804563636993,IRO1GSKE0001,تکشا,گسترش‌صنایع‌وخدمات‌کشاورزی,8392000000000,10490,0,0,10490,9450,9350,8960,8690,34.1,0,10490,0,0,0,0,0,0,0,0,0,10490,5983,10000,600,559,600,0,0,0,0,0,06:10:24,10800,10180,0,0,0,800000000,1,1,1,1,1,0,0,0,0,0
0,0,0,0,0,0,0,0,1,سایر محصولات کانی غیرفلزی,54,5055,62346804681275278,IRO1SGAZ0001,کگاز,شیشه‌ و گاز,39108500000000,46010,0,0,46010,45150,45000,44680,44670,9.1,0,46010,0,0,0,0,0,0,0,0,0,46010,59991,3410,1300,51958,5580,0,0,0,0,0,06:10:32,47390,44630,0,0,0,850000000,7,2,2,11,2,0,0,0,0,0
0,0,0,0,0,0,0,0,1,محصولات غذایی و آشامیدنی به جز قند و شکر,42,2993,62404730109947970,IRO1KRSH0001,غکورش,صنعت غذایی کورش,1068760000000000,24290,0,0,24290,24000,23590,22890,21700,8.1,0,24290,0,0,0,0,0,0,0,0,0,24290,212166,1000,46110,100000,9270,0,0,0,0,0,06:10:24,25010,23570,0,0,0,44000000000,12,1,5,1,1,0,0,0,0,0
0,0,0,0,0,0,0,0,1,صندوق سرمایه‌گذاری قابل معامله,68,,62478276461613732,IRT1BNKI0001,بانکیا,صندوق س صنایع آروین1-بخشی,11989000000000,11989,0,0,0,0,0,0,0,,0,12074,0,0,0,0,12075,12331,0,0,0,11989,0,0,0,0,0,415,408,0,0,0,06:10:39,12348,11630,0,0,0,1000000000,0,0,0,0,0,1,1,0,0,0
0,0,0,0,0,0,0,0,1,صندوق سرمایه‌گذاری قابل معامله,68,,62575434414985179,IRT3OJDF0001,اوج,صندوق س.اوج دماوند-س,9311800000000,46559,0,0,46401,0,0,0,0,,0,46574,0,0,0,0,0,0,0,0,0,46559,100,0,0,0,0,0,0,0,0,0,06:10:39,47955,45163,0,0,0,200000000,1,0,0,0,0,0,0,0,0,0
0,0,0,0,0,0,0,0,1,عرضه برق، گاز، بخار و آب گرم,40,599,62603302940123327,IRO1SNRO0001,ونیرو,سرمایه‌گذاری‌نیرو,54495000000000,3460,0,0,3460,3360,3270,3250,2700,5.8,0,3460,0,0,0,0,0,0,0,0,0,3460,29500,9812,15000,15327,36900,0,0,0,0,0,06:10:32,3560,3360,0,0,0,15750000000,5,3,1,1,1,0,0,0,0,0
0,0,0,0,0,0,0,0,1,محصولات شیمیایی,44,1090,62786156501584862,IRO1PASH0001,پاکشو,گروه صنعتی پاکشو,877600000000000,10970,0,0,10460,0,0,0,0,10.1,0,10970,0,0,0,0,11080,11100,11260,11410,11760,10970,479,0,0,0,0,456,500,3000,8173,638,06:10:32,11290,10650,0,0,0,80000000000,1,0,0,0,0,1,1,1,3,2
0,0,0,0,0,0,0,0,1,صندوق سرمایه‌گذاری قابل معامله,68,,62945240926992257,IRT3OMGF0001,امگا,صندوق س.بخشی صنایع سورنا3-ب,8319000000000,16638,0,0,0,0,0,0,0,,0,16643,0,0,0,0,16934,0,0,0,0,16638,0,0,0,0,0,296,0,0,0,0,06:10:39,17137,16139,0,0,0,500000000,0,0,0,0,0,1,0,0,0,0
0,0,0,0,0,0,0,0,1,ماشین‌آلات و دستگاه‌های برقی,31,309,62952165421099192,IRO1KALZ0001,بالبر,کابل‌ البرز,17811200000000,27830,0,0,27830,0,0,0,0,90.1,0,27830,0,0,0,0,0,0,0,0,0,27830,357,0,0,0,0,0,0,0,0,0,06:10:24,28660,27000,0,0,0,640000000,1,0,0,0,0,0,0,0,0,0
0,0,0,0,0,0,0,0,1,مواد و محصولات دارویی,43,1043,62977319271289925,IRO3KBCZ0001,کی بی سی,شرکت کی بی سی,18948600000000,10890,0,0,10890,10580,9540,9480,8790,10.4,0,10890,0,0,0,0,0,0,0,0,0,10890,40199,1480,10000,33150,14602,0,0,0,0,0,06:10:30,11210,10570,0,0,0,1740000000,6,3,1,1,3,0,0,0,0,0
0,0,0,0,0,0,0,0,1,مواد و محصولات دارویی,43,57790,63084741752814852,IRO7DSHP0001,دشیری,شیرین دارو,18380000000000,367600,0,0,349100,0,0,0,0,6.4,0,367700,0,0,0,0,386400,0,0,0,0,367600,1000,0,0,0,0,10,0,0,0,0,06:10:33,378600,356600,0,0,0,50000000,1,0,0,0,0,1,0,0,0,0
0,0,0,0,0,0,0,0,1,انبوه‌سازی، املاک و مستغلات,70,26,63315013743060811,IRO7NORP0001,ثنور,سرمایه گذاری کوه نور,8055261060000,6710,0,0,6170,0,0,0,0,258.1,0,6740,0,0,0,0,0,0,0,0,0,6710,40000,0,0,0,0,0,0,0,0,0,06:10:33,6910,6510,0,0,0,1200486000,1,0,0,0,0,0,0,0,0,0
0,0,0,0,0,0,0,0,1,ماشین‌آلات و تجهیزات,29,484,63363116407864462,IRO1ASAL0001,لابسا,آبسال,25806600000000,5310,0,0,3310,0,0,0,0,11,0,5310,0,0,0,0,5510,5630,0,0,0,5310,5000,0,0,0,0,922,39,0,0,0,06:10:23,5460,5160,0,0,0,4860000000,1,0,0,0,0,1,1,0,0,0
0,0,0,0,0,0,0,0,1,قند و شکر,38,119,63380098535169030,IRO1GNBO0001,قنیشا,قند  نیشابور,12876000000000,3219,0,0,2999,2900,2204,0,0,27.1,0,3220,0,0,0,0,0,0,0,0,0,3219,6500,10000,10000,0,0,0,0,0,0,0,06:10:23,3315,3123,0,0,0,4000000000,1,1,1,0,0,0,0,0,0,0
0,0,0,0,0,0,0,0,1,انبوه‌سازی، املاک و مستغلات,70,477,63481599728522324,IRO1SAHD0001,ثشاهد,سرمایه‌ گذاری‌ شاهد,72151025640000,11470,0,0,11470,11200,11130,10910,9770,24,0,11470,0,0,0,0,11790,11800,12090,0,0,11470,100869,100000,5000,10000,1000,4053,1,2000,0,0,06:10:32,11810,11130,0,0,0,6290412000,2,1,1,1,1,2,1,1,0,0
0,0,0,0,0,0,0,0,1,سایر محصولات کانی غیرفلزی,54,-4,63499217872110599,IRO7SHQP0001,کقزوی,شیشه‌ قزوین,21130644288000,832,0,0,833,763,0,0,0,-208,0,833,0,0,0,0,834,852,0,0,0,832,93000,80000,0,0,0,10000,150000,0,0,0,06:10:33,856,808,0,0,0,25397409000,1,1,0,0,0,1,1,0,0,0
0,0,0,0,0,0,0,0,1,لاستیک و پلاستیک,25,2053,63580313877463104,IRO1YASA0001,پاسا,ایران‌یاساتایرورابر,44548000000000,10360,0,0,10300,10200,10150,10100,9860,5,0,10460,0,0,0,0,0,0,0,0,0,10360,1500,658,10000,10000,1669,0,0,0,0,0,06:10:32,10670,10050,0,0,0,4300000000,2,1,1,1,2,0,0,0,0,0
0,0,0,0,0,0,0,0,1,اطلاعات و ارتباطات,73,332,63830424809501048,IRO3APDZ0001,اپرداز,آتیه داده پرداز,11947500000000,5310,0,0,5160,5010,4870,0,0,16,0,5310,0,0,0,0,0,0,0,0,0,5310,971,1000,2740,0,0,0,0,0,0,0,06:10:29,5460,5160,0,0,0,2250000000,1,1,1,0,0,0,0,0,0,0
0,0,0,0,0,0,0,0,1,خودرو و ساخت قطعات,34,137,63915926161403347,IRO1KHSH0001,خشرق,الکتریک‌ خودرو شرق,15422469240000,2868,0,0,2868,2785,2578,2501,0,20.9,0,2868,0,0,0,0,5030,0,0,0,0,2868,20000,1900,3865,4000,0,302000,0,0,0,0,06:10:24,2954,2782,0,0,0,5377430000,2,1,1,1,0,2,0,0,0,0
0,0,0,0,0,0,0,0,1,بانک‌ها و موسسات اعتباری,57,105,63917421733088077,IRO1BTEJ0001,وتجارت,بانک تجارت,1568334686190846,986,0,0,986,958,953,947,932,9.4,0,986,0,0,0,0,988,997,998,1000,1001,986,2672902,50000,10000,862293,1070141,450000,200000,800000,213141,24268,06:10:23,1015,957,0,0,0,1590603130011,12,1,1,1,1,1,1,2,1,1
0,0,0,0,0,0,0,0,1,سایر محصولات کانی غیرفلزی,54,-1371,64155926828410021,IRO7AZRP0001,ساذری,آذریت,6616560000000,29020,0,0,0,0,0,0,0,-21.2,0,29000,0,0,0,0,29720,29780,36110,0,0,29020,0,0,0,0,0,9245,9500,4365,0,0,06:10:33,29890,28150,0,0,0,228000000,0,0,0,0,0,1,1,1,0,0
0,0,0,0,0,0,0,0,1,صندوق سرمایه‌گذاری قابل معامله,68,,64216772923447100,IRT1SHTF0001,شتاب,صندوق س سهامی شتاب آگاه-اهرمی,115445000000000,46178,0,0,46261,44890,44750,44482,44400,,0,46261,0,0,0,0,46775,46963,46973,47150,0,46178,7329,500,10000,23,1200,300,100,853,23,0,06:10:39,48025,44331,0,0,0,2500000000,6,1,1,1,2,1,1,1,1,0
0,0,0,0,0,0,0,0,1,محصولات شیمیایی,44,1820,64298008532791199,IRO3SYNZ0001,ساینا,صنایع بهداشتی ساینا,22596000000000,10760,0,0,10760,10550,10450,10250,5940,5.9,0,10760,0,0,0,0,10830,11060,11160,11230,11280,10760,5000,18884,479,488,2500,1500,2000,994,1000,448,06:10:33,11080,10440,0,0,0,2100000000,1,1,1,1,1,2,1,2,1,1
0,0,0,0,0,0,0,0,1,سرمایه‌گذاری‌ها,56,7407,64341992373049080,IRO3DBRZ0001,سدبیر,س. تدبیرگران فارس وخوزستان,9827500000000,39310,0,0,38660,37360,26440,0,0,5.3,0,39310,0,0,0,0,39410,39700,40400,40740,40770,39310,500,150,1000,0,0,128,300,500,1601,124,06:10:29,40480,38140,0,0,0,250000000,1,1,1,0,0,1,1,1,3,1
0,0,0,0,0,0,0,0,1,محصولات کاغذی,21,3233,64380036977879368,IRO3KOLZ0001,کولان,کولان سل,29070000000000,28500,0,0,28060,28030,27680,27460,27360,8.8,0,28790,0,0,0,0,28880,28900,28980,29000,29030,28500,100179,629,740,183,200,403,102251,665,219,1648,06:10:30,29350,27650,0,0,0,1020000000,2,1,1,1,1,6,11,9,3,5
0,0,0,0,0,0,0,0,1,عرضه برق، گاز، بخار و آب گرم,40,1762,64619251116188373,IRO3PGRZ0001,بپیوند,برق و انرژی پیوندگستر پارس,54450000000000,18150,0,0,17600,16970,14340,13540,12330,10.3,0,18150,0,0,0,0,18360,18900,19200,19410,19470,18150,300,3335,500,500,1000,275,8877,77,1000,489,06:10:30,18690,17610,0,0,0,3000000000,1,2,1,1,1,1,2,1,1,4
0,0,0,0,0,0,0,0,1,صندوق سرمایه‌گذاری قابل معامله,68,,64659064562132185,IRT3SHMF0001,شمیم,صندوق س.درآمدثابت شمیم تابان-د,112974000000000,18829,0,0,0,0,0,0,0,,0,18830,0,0,0,0,19366,0,0,0,0,18829,0,0,0,0,0,2159,0,0,0,0,06:10:39,19393,18265,0,0,0,6000000000,0,0,0,0,0,1,0,0,0,0
0,0,0,0,0,0,0,0,1,صندوق سرمایه‌گذاری قابل معامله,68,,64795751499397128,IRTKZOMR0001,زمرد,صندوق س.کالای زمرد بیدار,125616000000000,31404,0,0,31001,30706,30606,30566,30500,,0,31380,0,0,0,0,31650,31796,31996,32003,32222,31404,300,1000,33,3000,7300,300,700,1000,5000,4000,06:10:40,34544,28264,0,0,0,4000000000,1,1,1,1,2,1,1,1,1,1
0,0,0,0,0,0,0,0,1,خودرو و ساخت قطعات,34,53,64842837716888827,IRO7SDLP0001,خکاوه,سایپا دیزل,51548373963100,925,0,0,880,0,0,0,0,17.5,0,920,0,0,0,0,933,934,956,967,970,925,156454,0,0,0,0,5400,593800,35350,193695,71446,06:10:33,952,898,0,0,0,55727971852,1,0,0,0,0,1,2,2,3,1
0,0,0,0,0,0,0,0,1,محصولات غذایی و آشامیدنی به جز قند و شکر,42,1656,64843936383937546,IRO3PGLZ0001,غگلستا,شیر پاستوریزه پگاه گلستان,18274850000000,16390,0,0,15460,12870,10940,0,0,9.9,0,16390,0,0,0,0,0,0,0,0,0,16390,6000,1000,1000,0,0,0,0,0,0,0,06:10:30,16880,15900,0,0,0,1115000000,1,1,1,0,0,0,0,0,0,0
0,0,0,0,0,0,0,0,1,ماشین‌آلات و دستگاه‌های برقی,31,1652,64899658576570461,IRO3NIAN0001,بانیان,نیان باتری خاوران,17852310504000,17360,0,0,16860,16730,16360,0,0,10.5,0,17360,0,0,0,0,17490,17500,17750,18040,18140,17360,1840,300,612,0,0,75,200,5825,153,2300,06:10:30,17880,16840,0,0,0,1028358900,1,1,2,0,0,1,1,12,3,6
0,0,0,0,0,0,0,0,1,صندوق سرمایه‌گذاری قابل معامله,68,,64942549055019553,IRT1SARV0001,سرو,صندوق س سروسودمند مدبران-سهام,105897500000000,42359,0,0,40349,39910,39500,39400,39300,,0,42378,0,0,0,0,42620,0,0,0,0,42359,26,5000,10000,10000,10000,100000,0,0,0,0,06:10:39,43629,41089,0,0,0,2500000000,1,1,1,1,1,1,0,0,0,0
0,0,0,0,0,0,0,0,1,سرمایه‌گذاری‌ها,56,671,64973252728260903,IRO3KBIZ0001,وکبهمن,مدیریت سرمایه گذاری کوثربهمن,69400000000000,3470,0,0,3290,3270,3200,3180,3090,5.2,0,3470,0,0,0,0,3480,3490,3530,3540,0,3470,5000,2000,2000,2000,5000,2500,2896,2984,202063,0,06:10:30,3570,3370,0,0,0,20000000000,1,1,1,1,1,1,3,4,8,0
0,0,0,0,0,0,0,0,1,فلزات اساسی,27,2419,65004959184388996,IRO1ALIR0001,فایرا,آلومینیوم‌ایران,904580000000000,14590,0,0,14590,14170,14000,13900,13760,6,0,14590,0,0,0,0,14880,15110,0,0,0,14590,27961,11433,7500,17988,736,10500,106000,0,0,0,06:10:23,15020,14160,0,0,0,62000000000,5,3,1,3,1,2,3,0,0,0
0,0,0,0,0,0,0,0,1,سرمایه‌گذاری‌ها,56,725,65018804181564924,IRO3GOMZ0001,گوهران,سرمایه گذاری توسعه گوهران امید,123200000000000,6160,0,0,5210,4900,4700,4670,4660,8.5,0,6250,0,0,0,0,6450,6470,6640,6770,0,6160,1009,1060,1432,1765,2009,1566,789,15756,5966,0,06:10:29,6340,5980,0,0,0,20000000000,1,1,1,1,1,2,1,5,4,0
0,0,0,0,0,0,0,0,1,محصولات شیمیایی,44,284,65122215875355555,IRO1PFAN0001,شفن,پتروشیمی فناوران,188176000000000,6080,0,0,5740,5670,5060,0,0,21.4,0,6080,0,0,0,0,6500,7210,11120,0,0,6080,1010,2003,2003,0,0,40000,3093,454,0,0,06:10:32,6260,5900,0,0,0,30950000000,1,1,1,0,0,1,1,1,0,0
0,0,0,0,0,0,0,0,1,سرمایه‌گذاری‌ها,56,995,65197850030400728,IRO1NMAD0001,نماد,گروه مالی نماد غدیر,360900000000000,4010,0,0,4010,3900,3860,3820,3720,4,0,4010,0,0,0,0,0,0,0,0,0,4010,49948,300000,10000,15000,15000,0,0,0,0,0,06:10:24,4130,3890,0,0,0,90000000000,2,1,1,1,1,0,0,0,0,0
0,0,0,0,0,0,0,0,1,صندوق سرمایه‌گذاری قابل معامله,68,,65249046611427924,IRT1FRDA0001,فردا,صندوق س آوای فردای زاگرس-ثابت,235239200000000,42007,0,0,0,0,0,0,0,,0,42045,0,0,0,0,43100,0,0,0,0,42007,0,0,0,0,0,2526,0,0,0,0,06:10:39,43267,40747,0,0,0,5600000000,0,0,0,0,0,1,0,0,0,0
0,0,0,0,0,0,0,0,1,سیمان، آهک و گچ,53,2014,65321970913593427,IRO1SKOR0001,سکرد,سیمان کردستان,41354000000000,14260,0,0,13850,13440,13100,12520,0,7.1,0,14260,0,0,0,0,14630,14660,0,0,0,14260,362,1000,15000,402,0,362,9,0,0,0,06:10:32,14680,13840,0,0,0,2900000000,1,1,1,1,0,1,1,0,0,0
0,0,0,0,0,0,0,0,1,صندوق سرمایه‌گذاری قابل معامله,68,,65365726391403130,IRTKNOGR0001,نقراط,صندوق س.کالای آگاه1,12843000000000,12843,0,0,12780,12750,12748,12720,12710,,0,12836,0,0,0,0,12950,12990,12998,13000,13090,12843,100000,2000,80,5000,22800,1000,2500,1000,10000,2010,06:10:40,14127,11559,0,0,0,1000000000,1,1,1,1,4,1,1,1,1,3
0,0,0,0,0,0,0,0,1,منسوجات,17,351,65378630011538741,IRO5BAKS0001,نبابک,نساجی بابکان,12840000000000,8560,0,0,5630,0,0,0,0,24.4,0,8560,0,0,0,0,8700,8740,8990,0,0,8560,2000,0,0,0,0,133,1267,10885,0,0,06:10:33,8810,8310,0,0,0,1500000000,2,0,0,0,0,1,3,4,0,0
0,0,0,0,0,0,0,0,1,ماشین‌آلات و تجهیزات,29,1120,65414507129586385,IRO1KHAZ0001,لخزر,پارس‌ خزر,46400000000000,4640,0,0,4040,0,0,0,0,4.1,0,4570,0,0,0,0,4680,4710,0,0,0,4640,5000,0,0,0,0,179479,310000,0,0,0,06:10:24,4770,4510,0,0,0,10000000000,1,0,0,0,0,2,2,0,0,0
0,0,0,0,0,0,0,0,1,صندوق سرمایه‌گذاری قابل معامله,68,,65473703162196532,IRT3ABTF0001,ابتکار,صندوق س.پرتوابتکارهدف-س,5114600000000,25573,0,0,24900,0,0,0,0,,0,25654,0,0,0,0,0,0,0,0,0,25573,42,0,0,0,0,0,0,0,0,0,06:10:38,26340,24806,0,0,0,200000000,1,0,0,0,0,0,0,0,0,0
0,0,0,0,0,0,0,0,1,صندوق سرمایه‌گذاری قابل معامله,68,,65576885779918210,IRT3RETF0001,مدیر,ص.س.مدیریت ثروت ص.بازنشستگی-س,49913000000000,49913,0,0,46133,28410,0,0,0,,0,49918,0,0,0,0,49934,0,0,0,0,49913,825,7957,0,0,0,111,0,0,0,0,06:10:39,51410,48416,0,0,0,1000000000,1,2,0,0,0,2,0,0,0,0
0,0,0,0,0,0,0,0,1,صندوق سرمایه‌گذاری قابل معامله,68,,65640021232361587,IRT3ASNF0001,آسان,صندوق س.درآمدثابت گنجینه مهر-د,102210000000000,13628,0,0,0,0,0,0,0,,0,13628,0,0,0,0,14018,14199,0,0,0,13628,0,0,0,0,0,1300,8,0,0,0,06:10:38,14036,13220,0,0,0,7500000000,0,0,0,0,0,1,1,0,0,0
0,0,0,0,0,0,0,0,1,اطلاعات و ارتباطات,73,328,65663173216130783,IRO5AVKS0001,آواک,صنایع ارتباطی آوا,8166400000000,2816,0,0,2190,0,0,0,0,8.6,0,2816,0,0,0,0,2817,2867,2874,2903,0,2816,10000,0,0,0,0,284,10000,852,7500,0,06:10:33,2900,2732,0,0,0,2900000000,1,0,0,0,0,1,1,3,1,0
0,0,0,0,0,0,0,0,1,خودرو و ساخت قطعات,34,-49,65883838195688438,IRO1IKCO0001,خودرو,ایران‌ خودرو,1904863328524000,743,0,0,743,733,727,725,722,-15.2,0,743,0,0,0,0,745,748,750,751,0,743,976059,27184,20000,13742,100000,100000,29257,3034750,598660,0,06:10:24,765,721,0,0,0,2563746068000,9,1,1,1,1,1,1,4,4,0
0,0,0,0,0,0,0,0,1,صندوق سرمایه‌گذاری قابل معامله,68,,66036975502302203,IRT1CFIF0001,فیروزه,صندوق شاخص30 شرکت فیروزه- سهام,28478400000000,35598,0,0,35598,34807,34562,33830,27573,,0,35598,0,0,0,0,0,0,0,0,0,35598,2802,30,100000,1000,200,0,0,0,0,0,06:10:39,36665,34531,0,0,0,800000000,1,1,1,1,1,0,0,0,0,0
0,0,0,0,0,0,0,0,1,صندوق سرمایه‌گذاری قابل معامله,68,,66219723709595228,IRT3DRYF0001,سیمانیا,صندوق س.بخشی صنایع داریا-ب,7787400000000,38937,0,0,36000,0,0,0,0,,0,38937,0,0,0,0,0,0,0,0,0,38937,146,0,0,0,0,0,0,0,0,0,06:10:38,40105,37769,0,0,0,200000000,1,0,0,0,0,0,0,0,0,0
0,0,0,0,0,0,0,0,1,سیمان، آهک و گچ,53,8801,66295665969375744,IRO1SBOJ0001,سبجنو,سیمان‌ بجنورد,107060000000000,53530,0,0,50970,46610,0,0,0,6.1,0,53530,0,0,0,0,0,0,0,0,0,53530,29060,490,0,0,0,0,0,0,0,0,06:10:32,55130,51930,0,0,0,2000000000,1,1,0,0,0,0,0,0,0,0
0,0,0,0,0,0,0,0,1,رایانه و فعالیت‌های وابسته به آن,72,2242,66315581735594751,IRO3TOSZ0001,توسن,توسعه سامانه ی نرم افزاری نگین,91800000000000,12240,0,0,12240,11550,11360,11200,10890,5.5,0,12240,0,0,0,0,0,0,0,0,0,12240,28280,500,500,1000,460,0,0,0,0,0,06:10:33,12600,11880,0,0,0,7500000000,3,1,1,1,1,0,0,0,0,0
0,0,0,0,0,0,0,0,1,سرمایه‌گذاری‌ها,56,487,66424163876658304,IRO7DANP0001,ودانا,سرمایه گذاری دانایان,6804000000000,5040,0,0,4620,0,0,0,0,10.3,0,5040,0,0,0,0,0,0,0,0,0,5040,30000,0,0,0,0,0,0,0,0,0,06:10:33,5190,4890,0,0,0,1350000000,1,0,0,0,0,0,0,0,0,0
0,0,0,0,0,0,0,0,1,مواد و محصولات دارویی,43,887,66450490505950110,IRO1DAML0001,ددام,داروسازی زاگرس فارمد پارس,36526640500000,12950,0,0,12950,12580,12220,0,0,14.6,0,12950,0,0,0,0,20000,0,0,0,0,12950,10000,1000,500,0,0,6426,0,0,0,0,06:10:23,13330,12570,0,0,0,2820590000,1,1,1,0,0,1,0,0,0,0
0,0,0,0,0,0,0,0,1,انبوه‌سازی، املاک و مستغلات,70,1764,66456062140680461,IRO1SGOS0001,ثامان,سامان‌ گستراصفهان,28455000000000,40650,0,0,39510,39220,32360,0,0,23,0,40400,0,0,0,0,41640,42400,0,0,0,40650,1780,260,155,0,0,22100,3784,0,0,0,06:10:32,41860,39440,0,0,0,700000000,1,2,1,0,0,4,1,0,0,0
0,0,0,0,0,0,0,0,1,هتل و رستوران,55,257,66599109405217136,IRO3PKHZ0001,گکوثر,هتل پارسیان کوثر اصفهان,16849036930000,4400,0,0,4310,0,0,0,0,17.1,0,4400,0,0,0,0,0,0,0,0,0,4400,5000,0,0,0,0,0,0,0,0,0,06:10:30,4530,4270,0,0,0,3829326575,1,0,0,0,0,0,0,0,0,0
0,0,0,0,0,0,0,0,1,صندوق سرمایه‌گذاری قابل معامله,68,,66682662312253625,IRT3SSAF0001,آساس,صندوق س.آسمان آرمانی سهام-س,114684000000000,114684,0,0,110000,99890,99000,87147,68834,,0,114702,0,0,0,0,114965,0,0,0,0,114684,45,59,60,100,100,1,0,0,0,0,06:10:39,118124,111244,0,0,0,1000000000,1,1,1,1,1,1,0,0,0,0
0,0,0,0,0,0,0,0,1,صندوق سرمایه‌گذاری قابل معامله,68,,66721204145017523,IRT3SAEF0001,ثمین,صندوق س. ثروت افزون ثمین-س,39053500000000,78107,0,0,58850,0,0,0,0,,0,78205,0,0,0,0,0,0,0,0,0,78107,2000,0,0,0,0,0,0,0,0,0,06:10:39,80450,75764,0,0,0,500000000,1,0,0,0,0,0,0,0,0,0
0,0,0,0,0,0,0,0,1,مواد و محصولات دارویی,43,739,66726992874614788,IRO3DPDZ0001,دتوزیع,توزیع دارو پخش,193200000000000,6440,0,0,6290,6120,6110,5910,0,8.7,0,6470,0,0,0,0,6560,0,0,0,0,6440,796,818,10000,1000,0,31074,0,0,0,0,06:10:29,6630,6250,0,0,0,30000000000,1,1,1,1,0,2,0,0,0,0
0,0,0,0,0,0,0,0,1,فلزات اساسی,27,1069,66772024744156373,IRO1BAHN0001,فباهنر,مس‌ شهیدباهنر,309749979596400,12600,0,0,12600,12240,12200,11930,11920,11.8,0,12600,0,0,0,0,0,0,0,0,0,12600,45413,1409,410,12600,27433,0,0,0,0,0,06:10:23,12970,12230,0,0,0,24583331714,9,2,1,1,3,0,0,0,0,0
0,0,0,0,0,0,0,0,1,بانک‌ها و موسسات اعتباری,57,1032,66790687790437196,IRO3GRDZ0001,وگردش,بانک گردشگری,269470500000000,1690,0,0,1690,1682,1670,1650,1610,1.6,0,1690,0,0,0,0,1701,1734,1739,1793,1817,1690,6337977,20000,1193270,415634,618871,15000,20000,1100000,15000,18000,06:10:29,1740,1640,0,0,0,159450000000,61,1,2,7,1,2,1,2,2,3
0,0,0,0,0,0,0,0,1,صندوق سرمایه‌گذاری قابل معامله,68,,66818022341772870,IRT3FATF0001,اعتماد,صندوق س.اعتماد آفرین پارسیان-د,553300000000000,138325,0,0,134007,127705,83747,77553,75377,,0,138324,0,0,0,0,142295,0,0,0,0,138325,1000,310,12,100,14,436,0,0,0,0,06:10:38,142474,134176,0,0,0,4000000000,1,1,1,1,1,1,0,0,0,0
0,0,0,0,0,0,0,0,1,سایر واسطه‌گری‌های مالی,58,-5,66830065858417081,IRO7VLNP0001,ولانا,شرکت لیزینگ آریا دانا,4540000000000,4540,0,0,4300,0,0,0,0,-908,0,4550,0,0,0,0,0,0,0,0,0,4540,15000,0,0,0,0,0,0,0,0,0,06:10:36,4670,4410,0,0,0,1000000000,1,0,0,0,0,0,0,0,0,0
0,0,0,0,0,0,0,0,1,قند و شکر,38,1836,67030488744129337,IRO1GPSH0001,قپیرا,فرآورده‌های‌غدایی‌وقندپیرانشهر,47269421010000,18690,0,0,17370,15530,15520,0,0,10.2,0,18700,0,0,0,0,0,0,0,0,0,18690,969,1945,5000,0,0,0,0,0,0,0,06:10:24,19250,18130,0,0,0,2529129000,1,1,1,0,0,0,0,0,0,0
0,0,0,0,0,0,0,0,1,خدمات فنی و مهندسی,74,7327,67126881188552864,IRO1MAPN0001,رمپنا,گروه مپنا (سهامی عام),1839600000000000,30660,0,0,29780,29750,29550,29510,29090,4.2,0,30670,0,0,0,0,31130,31560,31720,32380,33370,30660,1547,1000,4000,500,354,1000,15000,3000,6000,500,06:10:24,31570,29750,0,0,0,60000000000,4,1,1,1,2,1,1,1,2,1
0,0,0,0,0,0,0,0,1,صندوق سرمایه‌گذاری قابل معامله,68,,67141987086032267,IRT3MOJF0001,موج,ص.س.اهرمی موج فیروزه-س,188315000000000,75326,0,0,75341,74341,73800,73395,73060,,0,75341,0,0,0,0,76596,76630,76631,0,0,75326,32615,2160,1000,100,1050,100000,9800,3001,0,0,06:10:39,78339,72313,0,0,0,2500000000,8,1,1,1,1,1,1,3,0,0
0,0,0,0,0,0,0,0,1,فلزات اساسی,27,403,67170215467608124,IRO3ZAGZ0001,زنگان,صنعت روی زنگان,9975613600000,6800,0,0,6660,6630,6580,6500,6480,16.9,0,6880,0,0,0,0,6980,7190,7300,7470,0,6800,1504,200000,2000,5000,1573,2940,705,4879,2400,0,06:10:33,7000,6600,0,0,0,1467002000,2,1,1,1,2,1,1,1,2,0
0,0,0,0,0,0,0,0,1,سایر محصولات کانی غیرفلزی,54,981,67206358287598044,IRO1SHMD0001,کهمدا,شیشه‌ همدان,95205000000000,5770,0,0,5750,5180,4590,4560,4400,5.9,0,5770,0,0,0,0,0,0,0,0,0,5770,10000,3000,1200,2000,1177,0,0,0,0,0,06:10:32,5940,5600,0,0,0,16500000000,1,2,1,1,1,0,0,0,0,0
0,0,0,0,0,0,0,0,1,استخراج کانه‌های فلزی,13,598,67213778593531096,IRO7AIMP0001,وامیر,گروه صنعتی و معدنی امیر,73710000000000,11700,0,0,10290,0,0,0,0,19.6,0,11730,0,0,0,0,0,0,0,0,0,11700,5000,0,0,0,0,0,0,0,0,0,06:10:33,12050,11350,0,0,0,6300000000,1,0,0,0,0,0,0,0,0,0
0,0,0,0,0,0,0,0,1,سرمایه‌گذاری‌ها,56,235,67244978897607661,IRO3PTPZ0001,وپایا,سرمایه گذاری پایا تدبیرپارسا,23634000000000,1818,0,0,1820,1675,1642,1629,1548,7.7,0,1820,0,0,0,0,1841,1867,0,0,0,1818,50040,3126,3256,4632,3500,1745,12369,0,0,0,06:10:30,1872,1764,0,0,0,13000000000,1,1,1,1,1,2,5,0,0,0
0,0,0,0,0,0,0,0,1,صندوق سرمایه‌گذاری قابل معامله,68,,67261627618765635,IRT1KHOD0001,خودران,صندوق س صنایع مفید2-بخشی,32522000000000,16261,0,0,15792,15202,15093,15010,14993,,0,16265,0,0,0,0,0,0,0,0,0,16261,200300,66,67,1000,850,0,0,0,0,0,06:10:39,16748,15774,0,0,0,2000000000,2,1,1,1,2,0,0,0,0,0
0,0,0,0,0,0,0,0,1,سیمان، آهک و گچ,53,822,67327029014085707,IRO1SKAZ0001,سخزر,سیمان‌ خزر,63984000000000,6880,0,0,6880,6750,6680,6350,5990,8.4,0,6880,0,0,0,0,0,0,0,0,0,6880,54322,1000,3750,2600,835,0,0,0,0,0,06:10:32,7080,6680,0,0,0,9300000000,8,1,2,1,1,0,0,0,0,0
0,0,0,0,0,0,0,0,1,صندوق سرمایه‌گذاری قابل معامله,68,,67455383896188985,IRT1JVAN0001,جوانه کوچک,صندوق س.جوانه کوچک گندم-سهام,36811200000000,30676,0,0,30706,29700,29600,29500,29400,,0,30706,0,0,0,0,0,0,0,0,0,30676,2706,8000,8000,12000,12000,0,0,0,0,0,06:10:39,31596,29756,0,0,0,1200000000,3,2,2,3,3,0,0,0,0,0
0,0,0,0,0,0,0,0,1,صندوق سرمایه‌گذاری قابل معامله,68,,67675656072510693,IRT1PLSH0001,پالایش,صندوق پالایشی یکم-بخشی,757298956787280,571860,0,0,572316,572315,569000,565081,560560,,0,572316,0,0,0,0,574971,575504,576980,577589,577980,571860,1064,4,100,23,3558,1146,1800,9,2500,10,06:10:39,589015,554705,0,0,0,1324273348,4,1,1,1,2,4,1,1,1,1
0,0,0,0,0,0,0,0,1,استخراج سایر معادن,14,209,67690708346979840,IRO1TAMI0001,کماسه,تامین‌ ماسه‌ ریخته‌گری,29580000000000,4930,0,0,4930,4790,0,0,0,23.6,0,4930,0,0,0,0,0,0,0,0,0,4930,1016,8246,0,0,0,0,0,0,0,0,06:10:32,5070,4790,0,0,0,6000000000,1,2,0,0,0,0,0,0,0,0
0,0,0,0,0,0,0,0,1,صندوق سرمایه‌گذاری قابل معامله,68,,67717913151786055,IRT3RT020001,دانیک,ص.س.املاک ومستغلات نیک رای,2212500000000,14750,0,0,14762,14751,14706,14651,14606,,0,14762,0,0,0,0,0,0,0,0,0,14750,68,98,99,101,171,0,0,0,0,0,06:10:39,15192,14308,0,0,0,150000000,1,1,1,1,2,0,0,0,0,0
0,0,0,0,0,0,0,0,1,زراعت و خدمات وابسته,1,1452,67868738676326187,IRO3AKHZ0001,اخشان,اخشان خراسان,18799000000000,17090,0,0,16560,0,0,0,0,11.8,0,17100,0,0,0,0,17480,17500,17580,17770,17850,17090,1010,0,0,0,0,591,290,134,5999,8199,06:10:29,17600,16580,0,0,0,1100000000,2,0,0,0,0,1,1,2,1,1
0,0,0,0,0,0,0,0,1,مواد و محصولات دارویی,43,841,67988012428906654,IRO1DPAK0001,دارو,کارخانجات‌داروپخش,445480000000000,8600,0,0,8600,8360,8350,8150,7790,10.2,0,8600,0,0,0,0,8700,8750,8770,8870,9000,8600,437533,1544,14600,614,642,10000,10000,258778,20595,10000,06:10:23,8850,8350,0,0,0,51800000000,10,2,3,1,1,1,1,1,2,1
0,0,0,0,0,0,0,0,1,انبوه‌سازی، املاک و مستغلات,70,381,68117765376081366,IRO1TGOS0001,وتوس,توسعه‌شهری‌توس‌گستر,26464000000000,8270,0,0,7680,0,0,0,0,21.7,0,8280,0,0,0,0,8510,0,0,0,0,8270,10000,0,0,0,0,3888,0,0,0,0,06:10:32,8510,8030,0,0,0,3200000000,1,0,0,0,0,3,0,0,0,0
0,0,0,0,0,0,0,0,1,صندوق سرمایه‌گذاری قابل معامله,68,,68203878405672734,IRT1CSNF0001,صنوین,صندوق سرمایه‌گذاری صنوین-مختلط,54158700000000,541587,0,0,0,0,0,0,0,,0,543795,0,0,0,0,551155,562110,566078,0,0,541587,0,0,0,0,0,10,34,1,0,0,06:10:39,557834,525340,0,0,0,100000000,0,0,0,0,0,1,1,1,0,0
0,0,0,0,0,0,0,0,1,صندوق سرمایه‌گذاری قابل معامله,68,,68326919524398561,IRT3JMJF0001,هم ارز,صندوق س.سهم نگر جام جم-س,3483000000000,17415,0,0,16900,16800,16700,16600,16552,,0,17458,0,0,0,0,0,0,0,0,0,17415,14000,14000,14000,14000,309,0,0,0,0,0,06:10:38,17937,16893,0,0,0,200000000,2,2,2,2,1,0,0,0,0,0
0,0,0,0,0,0,0,0,1,ماشین‌آلات و دستگاه‌های برقی,31,2731,68347423518804677,IRO3TNZF0001,نیروترانسفو,کارخانجات تولیدی نیروترانسفو,73680000000000,24560,0,0,24570,24380,23200,23150,22600,9,0,24570,0,0,0,0,24700,24780,25000,25240,25280,24560,1250,1000,250,2500,250,200,4418,402,200,200,06:10:33,25290,23830,0,0,0,3000000000,2,1,1,1,1,1,8,2,1,1
0,0,0,0,0,0,0,0,1,صندوق سرمایه‌گذاری قابل معامله,68,,68376789401977331,IRTKGOLN0001,گلدیس,صندوق س.پشتوانه طلا گلدیس نوین,44271000000000,44271,0,0,43800,43720,43700,43637,43503,,0,44430,0,0,0,0,44995,45500,45690,45967,46000,44271,24,120,24,120,117,355,111,160,117,200,06:10:40,48698,39844,0,0,0,1000000000,1,1,1,1,1,1,1,1,1,1
0,0,0,0,0,0,0,0,1,فلزات اساسی,27,4100,68488673556087148,IRO1SPTA0001,فپنتا,سپنتا,43765121664000,42520,0,0,42520,39150,39000,37770,0,10.4,0,42520,0,0,0,0,0,0,0,0,0,42520,28126,229,1300,1000,0,0,0,0,0,0,06:10:32,43790,41250,0,0,0,1029283200,8,1,1,1,0,0,0,0,0,0
0,0,0,0,0,0,0,0,1,محصولات شیمیایی,44,2884,68517032834363488,IRO3BSRZ0001,شبصیر,تولیدات پتروشیمی قائد بصیر,136100000000000,13610,0,0,13610,13310,12760,11400,9500,4.7,0,13610,0,0,0,0,0,0,0,0,0,13610,72524,1500,7809,1000,527,0,0,0,0,0,06:10:29,14010,13210,0,0,0,10000000000,7,1,1,1,1,0,0,0,0,0
0,0,0,0,0,0,0,0,1,محصولات شیمیایی,44,0,68629328102697289,IRR1PAKS0101,شپاکساح,ح . پاکسان,13554200000000,1342,0,0,1333,1330,1327,1318,1311,0,0,1360,0,0,0,0,1387,1389,1430,1431,1433,1342,9522,100000,16236,670000,150000,82161,45393,9151,65289,1642,06:10:38,1382,1302,0,0,0,10100000000,1,1,1,1,1,1,1,2,2,1
0,0,0,0,0,0,0,0,1,مخابرات,64,1086,68635710163497089,IRO1HMRZ0001,همراه,شرکت ارتباطات سیار ایران,883972000000000,9910,0,0,9910,9900,9630,9360,9300,9.1,0,9910,0,0,0,0,10040,10090,10100,10310,10400,9910,251510,506,520,2000,3524,4000,3000,2000,4534,700,06:10:24,10200,9620,0,0,0,89200000000,4,1,1,2,6,1,1,2,5,1
0,0,0,0,0,0,0,0,1,سرمایه‌گذاری‌ها,56,1405,68863997659126807,IRO1DTAM0001,داتام,گروه مالی داتام,47160000000000,3930,0,0,3840,3740,3640,3620,3000,2.8,0,3930,0,0,0,0,0,0,0,0,0,3930,10000,1337,1374,3000,2000,0,0,0,0,0,06:10:23,4040,3820,0,0,0,12000000000,1,1,1,1,1,0,0,0,0,0
0,0,0,0,0,0,0,0,1,انبوه‌سازی، املاک و مستغلات,70,1129,68909035712962732,IRO3BGHZ0001,ثباغ,شهر سازی و خانه سازی باغمیشه,35389200000000,7660,0,0,7660,7640,7610,7590,7580,6.8,0,7660,0,0,0,0,7760,7910,7980,8150,8210,7660,5000,1000,1000,1000,2160,132321,1500,1727,1000,62853,06:10:29,7880,7440,0,0,0,4620000000,1,1,1,1,2,1,1,2,1,3
0,0,0,0,0,0,0,0,1,رایانه و فعالیت‌های وابسته به آن,72,2957,68941822863885255,IRO3RYHZ0001,رافزا,رایان هم افزا,38960000000000,19480,0,0,19480,18920,18370,18360,17840,6.6,0,19480,0,0,0,0,0,0,0,0,0,19480,3453,265,360,273,281,0,0,0,0,0,06:10:30,20060,18900,0,0,0,2000000000,3,1,1,1,1,0,0,0,0,0
0,0,0,0,0,0,0,0,1,مواد و محصولات دارویی,43,1532,69090868458637360,IRO1IRDR0001,دیران,ایران‌دارو,30064200000000,16890,0,0,16890,16600,16400,15930,15000,11,0,16890,0,0,0,0,0,0,0,0,0,16890,226054,1200,655,8382,8400,0,0,0,0,0,06:10:24,17390,16390,0,0,0,1780000000,8,1,2,2,4,0,0,0,0,0
0,0,0,0,0,0,0,0,1,محصولات شیمیایی,44,710,69143674941561637,IRO1IPTR0001,پترول,گ.س.وت.ص.پتروشیمی خلیج فارس,233500000000000,2335,0,0,2335,2199,2184,2181,2180,3.3,0,2335,0,0,0,0,2363,2365,2388,2390,2391,2335,226746,3000,10000,10000,7500,10000,245000,2160,6750,5000,06:10:24,2405,2265,0,0,0,100000000000,5,1,1,1,1,1,1,1,1,1
0,0,0,0,0,0,0,0,1,رایانه و فعالیت‌های وابسته به آن,72,1478,69171897374421261,IRO3TOTZ0001,فن افزار,توسعه فن افزار توسن,64740000000000,10790,0,0,10790,10640,10490,10480,10180,7.3,0,10790,0,0,0,0,0,0,0,0,0,10790,40124,500,500,9978,10000,0,0,0,0,0,06:10:33,11110,10470,0,0,0,6000000000,3,1,1,4,1,0,0,0,0,0
0,0,0,0,0,0,0,0,1,محصولات شیمیایی,44,1258,69446612239102459,IRO3KICZ0001,شکام,صنایع شیمیایی کیمیاگران امروز,183744000000000,10560,0,0,10500,0,0,0,0,8.4,0,10560,0,0,0,0,10830,10880,11120,0,0,10560,580,0,0,0,0,240000,188190,27375,0,0,06:10:30,10870,10250,0,0,0,17400000000,1,0,0,0,0,1,1,2,0,0
0,0,0,0,0,0,0,0,1,ماشین‌آلات و دستگاه‌های برقی,31,1212,69454539056549106,IRO1LAPS0001,بشهاب,لامپ‌  پارس‌ شهاب,35154000000000,8680,0,0,8550,8350,8250,8240,0,7.2,0,8740,0,0,0,0,0,0,0,0,0,8680,23024,1000,10000,1000,0,0,0,0,0,0,06:10:24,8940,8420,0,0,0,4050000000,1,1,1,1,0,0,0,0,0,0
0,0,0,0,0,0,0,0,1,مواد و محصولات دارویی,43,2409,69540585676934415,IRO3DPHZ0001,ددانا,داروسازی دانا,313056000000000,21740,0,0,21740,21130,21110,20480,20450,9,0,21740,0,0,0,0,0,0,0,0,0,21740,526353,16834,237,245,260,0,0,0,0,0,06:10:29,22390,21090,0,0,0,14400000000,35,3,1,1,1,0,0,0,0,0
0,0,0,0,0,0,0,0,1,فلزات اساسی,27,46,69817338460284329,IRO3IFIZ0001,فروژ,صنایع فروآلیاژ ایران,28630800000000,1446,0,0,1404,1400,1335,1299,950,31.4,0,1446,0,0,0,0,0,0,0,0,0,1446,50000,5000,4000,3900,500000,0,0,0,0,0,06:10:29,1489,1403,0,0,0,19800000000,1,1,1,1,1,0,0,0,0,0
0,0,0,0,0,0,0,0,1,اطلاعات و ارتباطات,73,8,69847139870135237,IRO3MOBZ0001,اوان,مبین وان کیش,15140000000000,15140,0,0,15140,15030,9850,0,0,1892.5,0,15140,0,0,0,0,0,0,0,0,0,15140,600000,5894,5000,0,0,0,0,0,0,0,06:10:30,15590,14690,0,0,0,1000000000,6,1,1,0,0,0,0,0,0,0
0,0,0,0,0,0,0,0,1,ماشین‌آلات و دستگاه‌های برقی,31,1077,70219663893822560,IRO1JOSH0001,بکاب,صنایع‌جوشکاب‌یزد,8795797500000,11950,0,0,11950,9820,0,0,0,11.1,0,11950,0,0,0,0,0,0,0,0,0,11950,1000,2000,0,0,0,0,0,0,0,0,06:10:24,12300,11600,0,0,0,736050000,1,1,0,0,0,0,0,0,0,0
0,0,0,0,0,0,0,0,1,بیمه و صندوق بازنشستگی به جز تامین اجتماعی,66,758,70270965300262393,IRO1BALB0001,البرز,بیمه البرز,211718643336000,2588,0,0,2588,2513,2258,2193,2043,3.4,0,2588,0,0,0,0,0,0,0,0,0,2588,75000,3000,5000,20000,2500,0,0,0,0,0,06:10:23,2665,2511,0,0,0,81807822000,3,1,1,1,1,0,0,0,0,0
0,0,0,0,0,0,0,0,1,خودرو و ساخت قطعات,34,127,70289374539527245,IRO1GHAT0001,ختوقا,قطعات‌ اتومبیل‌ ایران,36649753920000,5910,0,0,5750,5590,5440,4330,0,46.5,0,5920,0,0,0,0,0,0,0,0,0,5910,300000,300000,5000,3986,0,0,0,0,0,0,06:10:23,6080,5740,0,0,0,6201312000,1,1,1,2,0,0,0,0,0,0
0,0,0,0,0,0,0,0,1,هتل و رستوران,55,3153,70391097626818082,IRO7PSDP0001,گشان,توسعه بین المللی پدیده شاندیز,43065919835250,28990,0,0,28350,27860,24870,0,0,9.2,0,29100,0,0,0,0,29970,30000,30010,30750,31000,28990,100000,5000,500,0,0,5000,100000,13830,1570,4225,06:10:33,29850,28130,0,0,0,1485543975,1,1,1,0,0,1,1,3,1,2
0,0,0,0,0,0,0,0,1,مواد و محصولات دارویی,43,4755,70474983732269112,IRO1PDRO0001,دپارس,پارس‌ دارو,153517000000000,62660,0,0,62500,61190,60790,0,0,13.2,0,62660,0,0,0,0,63050,63070,64450,65660,104760,62660,100,1718,4000,0,0,81,80,89,580,752,06:10:32,64530,60790,0,0,0,2450000000,1,2,1,0,0,1,1,2,3,2
0,0,0,0,0,0,0,0,1,فلزات اساسی,27,435,70498485598181604,IRO3FOHZ0001,هرمز,فولاد هرمزگان جنوب,548628000000000,3930,0,0,3930,3890,3850,3820,3710,9,0,3930,0,0,0,0,0,0,0,0,0,3930,355655,65552,3000,1311,83300,0,0,0,0,0,06:10:29,4040,3820,0,0,0,139600000000,5,1,1,1,3,0,0,0,0,0
0,0,0,0,0,0,0,0,1,صندوق سرمایه‌گذاری قابل معامله,68,,70515583859928047,IRT1METF0001,متال,صندوق س صنایع دایا1-بخشی,35561000000000,35561,0,0,35561,33784,22297,0,0,,0,35561,0,0,0,0,0,0,0,0,0,35561,131,100,46,0,0,0,0,0,0,0,06:10:39,36627,34495,0,0,0,1000000000,2,1,1,0,0,0,0,0,0,0
0,0,0,0,0,0,0,0,1,صندوق سرمایه‌گذاری قابل معامله,68,,70541934393301867,IRT1FASA0001,سلام,صندوق س سلام فارابی-سهام,24665500000000,49331,0,0,47011,46620,0,0,0,,0,49492,0,0,0,0,0,0,0,0,0,49331,99,100000,0,0,0,0,0,0,0,0,06:10:39,50810,47852,0,0,0,500000000,1,1,0,0,0,0,0,0,0,0
0,0,0,0,0,0,0,0,1,صندوق سرمایه‌گذاری قابل معامله,68,,70595828753641750,IRT1FPAF0001,پارند,صندوق س. پارند پایدار سپهر,100080000000000,10008,0,0,9155,0,0,0,0,,0,10008,0,0,0,0,10564,10568,11000,11100,0,10008,10,0,0,0,0,474,948,180000,4419,0,06:10:39,10308,9708,0,0,0,10000000000,1,0,0,0,0,1,2,1,1,0
0,0,0,0,0,0,0,0,1,صندوق سرمایه‌گذاری قابل معامله,68,,70814244102598215,IRT3RT030001,امین شهر,ص.س. املاک و مستغلات امین شهر,84719246063618,20522,0,0,20400,17900,0,0,0,,0,20520,0,0,0,0,20887,20888,20930,20950,20992,20522,49005,2000,0,0,0,1143,2000,1493,50000,492,06:10:39,21137,19907,0,0,0,4128215869,1,1,0,0,0,1,1,1,1,1
0,0,0,0,0,0,0,0,1,سیمان، آهک و گچ,53,10205,70883594945615893,IRO1ABIK0001,سآبیک,سیمان آبیک,232009204985600,78400,0,0,75500,73920,71750,71710,64880,7.7,0,78400,0,0,0,0,112760,0,0,0,0,78400,100,68,440,1300,78,200,0,0,0,0,06:10:23,80750,76050,0,0,0,2959301084,1,1,1,2,1,1,0,0,0,0
0,0,0,0,0,0,0,0,1,صندوق سرمایه‌گذاری قابل معامله,68,,71051000490303906,IRT3POLF0001,پولاد,صندوق س.بخشی صنایع آبان2-ب,5312200000000,26561,0,0,26561,18050,18047,0,0,,0,26561,0,0,0,0,0,0,0,0,0,26561,200,5530,11100,0,0,0,0,0,0,0,06:10:39,27357,25765,0,0,0,200000000,1,1,1,0,0,0,0,0,0,0
0,0,0,0,0,0,0,0,1,عرضه برق، گاز، بخار و آب گرم,40,2382,71068313834275501,IRO3GEDZ0001,بگیلان,توسعه مسیر برق گیلان,109521000000000,25470,0,0,25480,25240,0,0,0,10.7,0,25480,0,0,0,0,25490,26240,26870,27000,27420,25470,1000,5000,0,0,0,50,50,450,50,50,06:10:29,26230,24710,0,0,0,4300000000,1,1,0,0,0,1,1,9,1,1
0,0,0,0,0,0,0,0,1,صندوق سرمایه‌گذاری قابل معامله,68,,71076372178147339,IRT3DRKF0001,داریک,صندوق س.اعتماد داریک-د,80898000000000,40449,0,0,37000,0,0,0,0,,0,40450,0,0,0,0,0,0,0,0,0,40449,50,0,0,0,0,0,0,0,0,0,06:10:38,41662,39236,0,0,0,2000000000,1,0,0,0,0,0,0,0,0,0
0,0,0,0,0,0,0,0,1,صندوق سرمایه‌گذاری قابل معامله,68,,71266020070603888,IRT3SAHF0001,سهامدار,صندوق س. بازده سهام-س,5714000000000,28570,0,0,28570,26280,0,0,0,,0,28570,0,0,0,0,29149,29152,29550,30962,0,28570,1746,5000,0,0,0,100,200,200,4979,0,06:10:39,29427,27713,0,0,0,200000000,1,1,0,0,0,1,1,1,2,0
0,0,0,0,0,0,0,0,1,زراعت و خدمات وابسته,1,1396,71290297158948749,IRO3GAHZ0001,زقیام,کشت و دام قیام اصفهان,72902127778200,10570,0,0,10630,10300,10150,10060,10030,7.6,0,10630,0,0,0,0,11110,11340,11690,11870,11910,10570,110000,1000,500,1000,1000,38660,1000,1000,1,20001,06:10:29,10880,10260,0,0,0,6897079260,2,1,1,1,1,2,1,1,1,2
0,0,0,0,0,0,0,0,1,فلزات اساسی,27,12,71483646978964608,IRO1ZOBI0001,ذوب,ذوب آهن اصفهان,439608728882629,659,0,0,659,640,622,621,609,54.9,0,659,0,0,0,0,0,0,0,0,0,659,9355817,2588720,35000,28052,559509,0,0,0,0,0,06:10:32,678,640,0,0,0,667084565831,41,12,2,2,6,0,0,0,0,0
0,0,0,0,0,0,0,0,1,قند و شکر,38,1524,71523986304961239,IRO3GHSZ0001,قشیر,قند شیروان قوچان و بجنورد,12999371276640,16690,0,0,16690,16210,15730,15110,13460,11,0,16690,0,0,0,0,0,0,0,0,0,16690,1000,1000,1000,500,1000,0,0,0,0,0,06:10:29,17190,16190,0,0,0,778871856,1,1,1,1,1,0,0,0,0,0
0,0,0,0,0,0,0,0,1,صندوق سرمایه‌گذاری قابل معامله,68,,71595553356620707,IRT1KAKH0001,کاخ,صندوق س کاخ-املاک,8821432097294,12602,0,0,12306,12206,12200,12106,12051,,0,12654,0,0,0,0,12672,12673,12677,12786,0,12602,90,90,412,95,100,410,405,87492,743,0,06:10:39,12980,12224,0,0,0,700002547,1,1,1,1,1,1,1,2,1,0
0,0,0,0,0,0,0,0,1,محصولات غذایی و آشامیدنی به جز قند و شکر,42,798,71666521540545716,IRO7GKHP0001,غبهار,کشت وصنعت بهاران گلبهار خراسان,10350000000000,4500,0,0,4350,4250,4080,0,0,5.6,0,4510,0,0,0,0,4520,0,0,0,0,4500,12000,600000,2500,0,0,25000,0,0,0,0,06:10:33,4630,4370,0,0,0,2300000000,1,2,1,0,0,1,0,0,0,0
0,0,0,0,0,0,0,0,1,صندوق سرمایه‌گذاری قابل معامله,68,,71672399601682259,IRT3CSAF0001,ثروتم,صندوق س. ثروت آفرین پارسیان-س,114139800000000,570699,0,0,0,0,0,0,0,,0,571340,0,0,0,0,571360,572100,572117,572119,572120,570699,0,0,0,0,0,1933,551,3308,2348,2566,06:10:38,587819,553579,0,0,0,200000000,0,0,0,0,0,1,1,1,1,2
0,0,0,0,0,0,0,0,1,سایر واسطه‌گری‌های مالی,58,305,71744682148776880,IRO1LSMD0001,ولصنم,لیزینگ‌صنعت‌ومعدن,18084000000000,3014,0,0,3012,2720,0,0,0,9.9,0,3015,0,0,0,0,0,0,0,0,0,3014,14971,10000,0,0,0,0,0,0,0,0,06:10:24,3104,2924,0,0,0,6000000000,1,1,0,0,0,0,0,0,0,0
0,0,0,0,0,0,0,0,1,محصولات غذایی و آشامیدنی به جز قند و شکر,42,698,71758511001096824,IRO3MINZ0001,غصینو,صنعتی مینو,343498656150000,5850,0,0,5510,5380,5360,5200,4930,8.4,0,5850,0,0,0,0,5900,6050,6110,6160,6190,5850,1000,930,5000,2470,1500,855,20000,5000,1000,1000,06:10:30,6020,5680,0,0,0,58717719000,1,1,2,2,1,1,1,1,1,1
0,0,0,0,0,0,0,0,1,صندوق سرمایه‌گذاری قابل معامله,68,,71843282162462661,IRT3KARF0001,کارا,صندوق س. کارا -د,567408500000000,36607,0,0,35419,35285,32000,31970,20804,,0,36608,0,0,0,0,36630,37514,37609,0,0,36607,6773,283,1280,60,100,110000,400,800,0,0,06:10:38,37705,35509,0,0,0,15500000000,1,1,1,1,2,1,1,1,0,0
0,0,0,0,0,0,0,0,1,رایانه و فعالیت‌های وابسته به آن,72,662,71856634742001725,IRO1SEPK0001,سپ,پرداخت الکترونیک سامان کیش,184210000000000,14170,0,0,14170,13370,0,0,0,21.4,0,14170,0,0,0,0,14480,14770,0,0,0,14170,28000,74000,0,0,0,3500,4008,0,0,0,06:10:32,14590,13750,0,0,0,13000000000,1,1,0,0,0,1,2,0,0,0
0,0,0,0,0,0,0,0,1,صندوق سرمایه‌گذاری قابل معامله,68,,71945594172117613,IRT3RT010001,ارزش مسکن,ص.س.املاک ومستغلات ارزش مسکن,5842815000000,35411,0,0,35411,35406,35351,35306,35206,,0,35411,0,0,0,0,35480,35980,36094,36432,37999,35411,58,30,29,31,32,153,151,5,775,133,06:10:39,36473,34349,0,0,0,165000000,2,1,1,1,1,1,1,1,1,1
0,0,0,0,0,0,0,0,1,محصولات شیمیایی,44,-1864,71957984642204570,IRO7APTP0001,شپترو,پتروشیمی آبادان,22720000000000,2272,0,0,2160,1973,1914,0,0,-1.2,0,2272,0,0,0,0,0,0,0,0,0,2272,47000,26000,40000,0,0,0,0,0,0,0,06:10:33,2340,2204,0,0,0,10000000000,1,1,1,0,0,0,0,0,0,0
0,0,0,0,0,0,0,0,1,لاستیک و پلاستیک,25,985,72044846109864381,IRO3ARTZ0001,پارتا,مجتمع صنعتی آرتاویل تایر,119722000000000,19310,0,0,18200,0,0,0,0,19.6,0,19310,0,0,0,0,0,0,0,0,0,19310,333,0,0,0,0,0,0,0,0,0,06:10:29,19880,18740,0,0,0,6200000000,1,0,0,0,0,0,0,0,0,0
